SET FOREIGN_KEY_CHECKS = 0;
-- age_rating
INSERT INTO `age_rating` (`age_rating_id`, `code`, `label`) VALUES (1, 'ALL', 'All Ages');
INSERT INTO `age_rating` (`age_rating_id`, `code`, `label`) VALUES (2, '7', '7+');
INSERT INTO `age_rating` (`age_rating_id`, `code`, `label`) VALUES (3, '12', '12+');
INSERT INTO `age_rating` (`age_rating_id`, `code`, `label`) VALUES (4, '15', '15+');
INSERT INTO `age_rating` (`age_rating_id`, `code`, `label`) VALUES (5, '19', 'Adults Only');
-- city_region
INSERT INTO `city_region` (`city_region_id`, `city`, `district`) VALUES (1, 'City1', 'District1');
INSERT INTO `city_region` (`city_region_id`, `city`, `district`) VALUES (2, 'City2', 'District2');
INSERT INTO `city_region` (`city_region_id`, `city`, `district`) VALUES (3, 'City3', 'District3');
INSERT INTO `city_region` (`city_region_id`, `city`, `district`) VALUES (4, 'City4', 'District4');
INSERT INTO `city_region` (`city_region_id`, `city`, `district`) VALUES (5, 'City5', 'District5');
INSERT INTO `city_region` (`city_region_id`, `city`, `district`) VALUES (6, 'City6', 'District6');
INSERT INTO `city_region` (`city_region_id`, `city`, `district`) VALUES (7, 'City7', 'District7');
INSERT INTO `city_region` (`city_region_id`, `city`, `district`) VALUES (8, 'City8', 'District8');
INSERT INTO `city_region` (`city_region_id`, `city`, `district`) VALUES (9, 'City9', 'District9');
INSERT INTO `city_region` (`city_region_id`, `city`, `district`) VALUES (10, 'City10', 'District10');
INSERT INTO `city_region` (`city_region_id`, `city`, `district`) VALUES (11, 'City11', 'District11');
INSERT INTO `city_region` (`city_region_id`, `city`, `district`) VALUES (12, 'City12', 'District12');
INSERT INTO `city_region` (`city_region_id`, `city`, `district`) VALUES (13, 'City13', 'District13');
INSERT INTO `city_region` (`city_region_id`, `city`, `district`) VALUES (14, 'City14', 'District14');
INSERT INTO `city_region` (`city_region_id`, `city`, `district`) VALUES (15, 'City15', 'District15');
INSERT INTO `city_region` (`city_region_id`, `city`, `district`) VALUES (16, 'City16', 'District16');
INSERT INTO `city_region` (`city_region_id`, `city`, `district`) VALUES (17, 'City17', 'District17');
INSERT INTO `city_region` (`city_region_id`, `city`, `district`) VALUES (18, 'City18', 'District18');
INSERT INTO `city_region` (`city_region_id`, `city`, `district`) VALUES (19, 'City19', 'District19');
INSERT INTO `city_region` (`city_region_id`, `city`, `district`) VALUES (20, 'City20', 'District20');
-- distributor
INSERT INTO `distributor` (`distributor_id`, `name`) VALUES (1, 'Distributor 1');
INSERT INTO `distributor` (`distributor_id`, `name`) VALUES (2, 'Distributor 2');
INSERT INTO `distributor` (`distributor_id`, `name`) VALUES (3, 'Distributor 3');
INSERT INTO `distributor` (`distributor_id`, `name`) VALUES (4, 'Distributor 4');
INSERT INTO `distributor` (`distributor_id`, `name`) VALUES (5, 'Distributor 5');
INSERT INTO `distributor` (`distributor_id`, `name`) VALUES (6, 'Distributor 6');
INSERT INTO `distributor` (`distributor_id`, `name`) VALUES (7, 'Distributor 7');
INSERT INTO `distributor` (`distributor_id`, `name`) VALUES (8, 'Distributor 8');
INSERT INTO `distributor` (`distributor_id`, `name`) VALUES (9, 'Distributor 9');
INSERT INTO `distributor` (`distributor_id`, `name`) VALUES (10, 'Distributor 10');
INSERT INTO `distributor` (`distributor_id`, `name`) VALUES (11, 'Distributor 11');
INSERT INTO `distributor` (`distributor_id`, `name`) VALUES (12, 'Distributor 12');
INSERT INTO `distributor` (`distributor_id`, `name`) VALUES (13, 'Distributor 13');
INSERT INTO `distributor` (`distributor_id`, `name`) VALUES (14, 'Distributor 14');
INSERT INTO `distributor` (`distributor_id`, `name`) VALUES (15, 'Distributor 15');
INSERT INTO `distributor` (`distributor_id`, `name`) VALUES (16, 'Distributor 16');
INSERT INTO `distributor` (`distributor_id`, `name`) VALUES (17, 'Distributor 17');
INSERT INTO `distributor` (`distributor_id`, `name`) VALUES (18, 'Distributor 18');
INSERT INTO `distributor` (`distributor_id`, `name`) VALUES (19, 'Distributor 19');
INSERT INTO `distributor` (`distributor_id`, `name`) VALUES (20, 'Distributor 20');
-- language
INSERT INTO `language` (`language_id`, `code`, `label`) VALUES (1, 'ko', 'KO');
INSERT INTO `language` (`language_id`, `code`, `label`) VALUES (2, 'en', 'EN');
INSERT INTO `language` (`language_id`, `code`, `label`) VALUES (3, 'ja', 'JA');
INSERT INTO `language` (`language_id`, `code`, `label`) VALUES (4, 'zh', 'ZH');
INSERT INTO `language` (`language_id`, `code`, `label`) VALUES (5, 'fr', 'FR');
INSERT INTO `language` (`language_id`, `code`, `label`) VALUES (6, 'de', 'DE');
INSERT INTO `language` (`language_id`, `code`, `label`) VALUES (7, 'es', 'ES');
INSERT INTO `language` (`language_id`, `code`, `label`) VALUES (8, 'it', 'IT');
INSERT INTO `language` (`language_id`, `code`, `label`) VALUES (9, 'ru', 'RU');
INSERT INTO `language` (`language_id`, `code`, `label`) VALUES (10, 'pt', 'PT');
-- member_tier
INSERT INTO `member_tier` (`tier_id`, `code`, `min_spend`) VALUES (1, 'BRONZE', 0);
INSERT INTO `member_tier` (`tier_id`, `code`, `min_spend`) VALUES (2, 'SILVER', 100000);
INSERT INTO `member_tier` (`tier_id`, `code`, `min_spend`) VALUES (3, 'GOLD', 300000);
INSERT INTO `member_tier` (`tier_id`, `code`, `min_spend`) VALUES (4, 'PLATINUM', 600000);
-- payment_method
INSERT INTO `payment_method` (`method_id`, `code`, `label`) VALUES (1, 'CARD', 'CARD Payment');
INSERT INTO `payment_method` (`method_id`, `code`, `label`) VALUES (2, 'CASH', 'CASH Payment');
INSERT INTO `payment_method` (`method_id`, `code`, `label`) VALUES (3, 'POINT', 'POINT Payment');
INSERT INTO `payment_method` (`method_id`, `code`, `label`) VALUES (4, 'COUPON', 'COUPON Payment');
INSERT INTO `payment_method` (`method_id`, `code`, `label`) VALUES (5, 'MOBILE', 'MOBILE Payment');
-- price_rule
INSERT INTO `price_rule` (`rule_id`, `name`, `rule_type`, `priority`, `amount_type`, `amount_value`, `active_from`, `active_to`) VALUES (1, 'Rule 1', 'DISCOUNT', 101, 'FIXED', 3966.2, '2023-03-04 08:07:36', '2023-03-13 03:43:54');
INSERT INTO `price_rule` (`rule_id`, `name`, `rule_type`, `priority`, `amount_type`, `amount_value`, `active_from`, `active_to`) VALUES (2, 'Rule 2', 'DISCOUNT', 102, 'PERCENT', 5.79, '2023-01-24 07:57:37', '2023-04-30 18:23:57');
INSERT INTO `price_rule` (`rule_id`, `name`, `rule_type`, `priority`, `amount_type`, `amount_value`, `active_from`, `active_to`) VALUES (3, 'Rule 3', 'DISCOUNT', 103, 'FIXED', 3864.08, '2023-06-29 19:50:26', '2023-08-03 08:01:33');
INSERT INTO `price_rule` (`rule_id`, `name`, `rule_type`, `priority`, `amount_type`, `amount_value`, `active_from`, `active_to`) VALUES (4, 'Rule 4', 'SURCHARGE', 104, 'PERCENT', 25.24, '2023-01-02 05:48:46', '2023-12-24 15:23:12');
INSERT INTO `price_rule` (`rule_id`, `name`, `rule_type`, `priority`, `amount_type`, `amount_value`, `active_from`, `active_to`) VALUES (5, 'Rule 5', 'SURCHARGE', 105, 'PERCENT', 8.89, '2023-07-15 12:15:18', '2023-02-22 03:22:36');
INSERT INTO `price_rule` (`rule_id`, `name`, `rule_type`, `priority`, `amount_type`, `amount_value`, `active_from`, `active_to`) VALUES (6, 'Rule 6', 'SURCHARGE', 106, 'FIXED', 2435.92, '2023-03-30 21:58:51', '2023-05-16 01:34:55');
INSERT INTO `price_rule` (`rule_id`, `name`, `rule_type`, `priority`, `amount_type`, `amount_value`, `active_from`, `active_to`) VALUES (7, 'Rule 7', 'SURCHARGE', 107, 'FIXED', 4892.46, '2023-04-07 02:52:08', '2023-10-10 10:40:27');
INSERT INTO `price_rule` (`rule_id`, `name`, `rule_type`, `priority`, `amount_type`, `amount_value`, `active_from`, `active_to`) VALUES (8, 'Rule 8', 'SURCHARGE', 108, 'FIXED', 3818.29, '2023-01-12 08:17:51', '2024-01-31 10:32:10');
INSERT INTO `price_rule` (`rule_id`, `name`, `rule_type`, `priority`, `amount_type`, `amount_value`, `active_from`, `active_to`) VALUES (9, 'Rule 9', 'DISCOUNT', 109, 'FIXED', 4465.93, '2023-04-08 10:07:14', '2023-08-21 23:08:40');
INSERT INTO `price_rule` (`rule_id`, `name`, `rule_type`, `priority`, `amount_type`, `amount_value`, `active_from`, `active_to`) VALUES (10, 'Rule 10', 'SURCHARGE', 110, 'FIXED', 2480.72, '2023-02-23 09:43:13', '2023-12-26 23:35:39');
-- promotion
INSERT INTO `promotion` (`promotion_id`, `name`, `description`, `active_from`, `active_to`) VALUES (1, 'Promo 1', 'Promotion description 1', '2023-02-06 22:10:40', '2023-06-25 19:26:50');
INSERT INTO `promotion` (`promotion_id`, `name`, `description`, `active_from`, `active_to`) VALUES (2, 'Promo 2', 'Promotion description 2', '2023-05-06 05:56:57', '2024-04-18 13:48:55');
INSERT INTO `promotion` (`promotion_id`, `name`, `description`, `active_from`, `active_to`) VALUES (3, 'Promo 3', 'Promotion description 3', '2023-05-19 23:18:06', '2024-07-24 07:59:45');
INSERT INTO `promotion` (`promotion_id`, `name`, `description`, `active_from`, `active_to`) VALUES (4, 'Promo 4', 'Promotion description 4', '2023-06-16 02:02:11', '2023-08-23 01:10:07');
INSERT INTO `promotion` (`promotion_id`, `name`, `description`, `active_from`, `active_to`) VALUES (5, 'Promo 5', 'Promotion description 5', '2023-06-11 14:36:21', '2023-10-02 02:24:35');
INSERT INTO `promotion` (`promotion_id`, `name`, `description`, `active_from`, `active_to`) VALUES (6, 'Promo 6', 'Promotion description 6', '2023-04-19 20:39:01', '2023-11-19 07:44:29');
INSERT INTO `promotion` (`promotion_id`, `name`, `description`, `active_from`, `active_to`) VALUES (7, 'Promo 7', 'Promotion description 7', '2023-09-13 14:24:16', '2024-04-14 05:12:06');
INSERT INTO `promotion` (`promotion_id`, `name`, `description`, `active_from`, `active_to`) VALUES (8, 'Promo 8', 'Promotion description 8', '2023-05-16 05:05:01', '2023-09-10 20:26:19');
INSERT INTO `promotion` (`promotion_id`, `name`, `description`, `active_from`, `active_to`) VALUES (9, 'Promo 9', 'Promotion description 9', '2023-10-03 09:33:58', '2024-08-21 15:35:55');
INSERT INTO `promotion` (`promotion_id`, `name`, `description`, `active_from`, `active_to`) VALUES (10, 'Promo 10', 'Promotion description 10', '2023-10-26 14:32:30', '2024-01-06 07:59:06');
-- subtitle
INSERT INTO `subtitle` (`subtitle_id`, `code`, `label`) VALUES (1, 'sub_ko', 'Subtitle KO');
INSERT INTO `subtitle` (`subtitle_id`, `code`, `label`) VALUES (2, 'sub_en', 'Subtitle EN');
INSERT INTO `subtitle` (`subtitle_id`, `code`, `label`) VALUES (3, 'sub_none', 'Subtitle NONE');
INSERT INTO `subtitle` (`subtitle_id`, `code`, `label`) VALUES (4, 'sub_jp', 'Subtitle JP');
INSERT INTO `subtitle` (`subtitle_id`, `code`, `label`) VALUES (5, 'sub_zh', 'Subtitle ZH');
INSERT INTO `subtitle` (`subtitle_id`, `code`, `label`) VALUES (6, 'sub_fr', 'Subtitle FR');
INSERT INTO `subtitle` (`subtitle_id`, `code`, `label`) VALUES (7, 'sub_de', 'Subtitle DE');
INSERT INTO `subtitle` (`subtitle_id`, `code`, `label`) VALUES (8, 'sub_es', 'Subtitle ES');
INSERT INTO `subtitle` (`subtitle_id`, `code`, `label`) VALUES (9, 'sub_it', 'Subtitle IT');
INSERT INTO `subtitle` (`subtitle_id`, `code`, `label`) VALUES (10, 'sub_ru', 'Subtitle RU');
-- tax
INSERT INTO `tax` (`tax_id`, `name`, `rate_pct`, `effective_from`, `effective_to`) VALUES (1, 'Tax 1', 14.97, '2023-03-12 18:33:04', '2024-05-20 03:18:35');
INSERT INTO `tax` (`tax_id`, `name`, `rate_pct`, `effective_from`, `effective_to`) VALUES (2, 'Tax 2', 12.56, '2024-03-16 03:59:31', '2023-06-06 22:50:40');
INSERT INTO `tax` (`tax_id`, `name`, `rate_pct`, `effective_from`, `effective_to`) VALUES (3, 'Tax 3', 6.6, '2023-12-15 15:22:13', '2024-09-02 02:18:46');
INSERT INTO `tax` (`tax_id`, `name`, `rate_pct`, `effective_from`, `effective_to`) VALUES (4, 'Tax 4', 8.85, '2023-11-02 17:02:28', '2024-06-25 09:09:13');
INSERT INTO `tax` (`tax_id`, `name`, `rate_pct`, `effective_from`, `effective_to`) VALUES (5, 'Tax 5', 14.71, '2024-03-16 00:25:04', '2024-11-27 04:10:14');
-- theater
INSERT INTO `theater` (`theater_id`, `city_region_id`, `name`, `address`) VALUES (1, 18, 'Theater 1', 'Address 1');
INSERT INTO `theater` (`theater_id`, `city_region_id`, `name`, `address`) VALUES (2, 9, 'Theater 2', 'Address 2');
INSERT INTO `theater` (`theater_id`, `city_region_id`, `name`, `address`) VALUES (3, 11, 'Theater 3', 'Address 3');
INSERT INTO `theater` (`theater_id`, `city_region_id`, `name`, `address`) VALUES (4, 4, 'Theater 4', 'Address 4');
INSERT INTO `theater` (`theater_id`, `city_region_id`, `name`, `address`) VALUES (5, 10, 'Theater 5', 'Address 5');
INSERT INTO `theater` (`theater_id`, `city_region_id`, `name`, `address`) VALUES (6, 14, 'Theater 6', 'Address 6');
INSERT INTO `theater` (`theater_id`, `city_region_id`, `name`, `address`) VALUES (7, 6, 'Theater 7', 'Address 7');
INSERT INTO `theater` (`theater_id`, `city_region_id`, `name`, `address`) VALUES (8, 15, 'Theater 8', 'Address 8');
INSERT INTO `theater` (`theater_id`, `city_region_id`, `name`, `address`) VALUES (9, 1, 'Theater 9', 'Address 9');
INSERT INTO `theater` (`theater_id`, `city_region_id`, `name`, `address`) VALUES (10, 9, 'Theater 10', 'Address 10');
INSERT INTO `theater` (`theater_id`, `city_region_id`, `name`, `address`) VALUES (11, 17, 'Theater 11', 'Address 11');
INSERT INTO `theater` (`theater_id`, `city_region_id`, `name`, `address`) VALUES (12, 6, 'Theater 12', 'Address 12');
INSERT INTO `theater` (`theater_id`, `city_region_id`, `name`, `address`) VALUES (13, 17, 'Theater 13', 'Address 13');
INSERT INTO `theater` (`theater_id`, `city_region_id`, `name`, `address`) VALUES (14, 4, 'Theater 14', 'Address 14');
INSERT INTO `theater` (`theater_id`, `city_region_id`, `name`, `address`) VALUES (15, 10, 'Theater 15', 'Address 15');
-- screen
INSERT INTO `screen` (`screen_id`, `theater_id`, `name`, `layout_version`) VALUES (1, 1, 'Screen 1', 1);
INSERT INTO `screen` (`screen_id`, `theater_id`, `name`, `layout_version`) VALUES (2, 1, 'Screen 2', 1);
INSERT INTO `screen` (`screen_id`, `theater_id`, `name`, `layout_version`) VALUES (3, 2, 'Screen 3', 1);
INSERT INTO `screen` (`screen_id`, `theater_id`, `name`, `layout_version`) VALUES (4, 2, 'Screen 4', 1);
INSERT INTO `screen` (`screen_id`, `theater_id`, `name`, `layout_version`) VALUES (5, 3, 'Screen 5', 1);
INSERT INTO `screen` (`screen_id`, `theater_id`, `name`, `layout_version`) VALUES (6, 3, 'Screen 6', 1);
INSERT INTO `screen` (`screen_id`, `theater_id`, `name`, `layout_version`) VALUES (7, 4, 'Screen 7', 1);
INSERT INTO `screen` (`screen_id`, `theater_id`, `name`, `layout_version`) VALUES (8, 4, 'Screen 8', 1);
INSERT INTO `screen` (`screen_id`, `theater_id`, `name`, `layout_version`) VALUES (9, 5, 'Screen 9', 1);
INSERT INTO `screen` (`screen_id`, `theater_id`, `name`, `layout_version`) VALUES (10, 5, 'Screen 10', 1);
INSERT INTO `screen` (`screen_id`, `theater_id`, `name`, `layout_version`) VALUES (11, 6, 'Screen 11', 1);
INSERT INTO `screen` (`screen_id`, `theater_id`, `name`, `layout_version`) VALUES (12, 6, 'Screen 12', 1);
INSERT INTO `screen` (`screen_id`, `theater_id`, `name`, `layout_version`) VALUES (13, 7, 'Screen 13', 1);
INSERT INTO `screen` (`screen_id`, `theater_id`, `name`, `layout_version`) VALUES (14, 7, 'Screen 14', 1);
INSERT INTO `screen` (`screen_id`, `theater_id`, `name`, `layout_version`) VALUES (15, 8, 'Screen 15', 1);
INSERT INTO `screen` (`screen_id`, `theater_id`, `name`, `layout_version`) VALUES (16, 8, 'Screen 16', 1);
INSERT INTO `screen` (`screen_id`, `theater_id`, `name`, `layout_version`) VALUES (17, 9, 'Screen 17', 1);
INSERT INTO `screen` (`screen_id`, `theater_id`, `name`, `layout_version`) VALUES (18, 9, 'Screen 18', 1);
INSERT INTO `screen` (`screen_id`, `theater_id`, `name`, `layout_version`) VALUES (19, 10, 'Screen 19', 1);
INSERT INTO `screen` (`screen_id`, `theater_id`, `name`, `layout_version`) VALUES (20, 10, 'Screen 20', 1);
INSERT INTO `screen` (`screen_id`, `theater_id`, `name`, `layout_version`) VALUES (21, 11, 'Screen 21', 1);
INSERT INTO `screen` (`screen_id`, `theater_id`, `name`, `layout_version`) VALUES (22, 11, 'Screen 22', 1);
INSERT INTO `screen` (`screen_id`, `theater_id`, `name`, `layout_version`) VALUES (23, 12, 'Screen 23', 1);
INSERT INTO `screen` (`screen_id`, `theater_id`, `name`, `layout_version`) VALUES (24, 12, 'Screen 24', 1);
INSERT INTO `screen` (`screen_id`, `theater_id`, `name`, `layout_version`) VALUES (25, 13, 'Screen 25', 1);
INSERT INTO `screen` (`screen_id`, `theater_id`, `name`, `layout_version`) VALUES (26, 13, 'Screen 26', 1);
INSERT INTO `screen` (`screen_id`, `theater_id`, `name`, `layout_version`) VALUES (27, 14, 'Screen 27', 1);
INSERT INTO `screen` (`screen_id`, `theater_id`, `name`, `layout_version`) VALUES (28, 14, 'Screen 28', 1);
INSERT INTO `screen` (`screen_id`, `theater_id`, `name`, `layout_version`) VALUES (29, 15, 'Screen 29', 1);
INSERT INTO `screen` (`screen_id`, `theater_id`, `name`, `layout_version`) VALUES (30, 15, 'Screen 30', 1);
-- screen_layout
INSERT INTO `screen_layout` (`layout_id`, `screen_id`, `version`, `created_at`) VALUES (1, 1, 1, '2023-11-24 18:29:00');
INSERT INTO `screen_layout` (`layout_id`, `screen_id`, `version`, `created_at`) VALUES (2, 2, 1, '2023-11-08 07:14:31');
INSERT INTO `screen_layout` (`layout_id`, `screen_id`, `version`, `created_at`) VALUES (3, 3, 1, '2023-03-20 13:36:49');
INSERT INTO `screen_layout` (`layout_id`, `screen_id`, `version`, `created_at`) VALUES (4, 4, 1, '2024-01-26 05:52:54');
INSERT INTO `screen_layout` (`layout_id`, `screen_id`, `version`, `created_at`) VALUES (5, 5, 1, '2023-10-04 19:18:34');
INSERT INTO `screen_layout` (`layout_id`, `screen_id`, `version`, `created_at`) VALUES (6, 6, 1, '2023-01-01 21:48:24');
INSERT INTO `screen_layout` (`layout_id`, `screen_id`, `version`, `created_at`) VALUES (7, 7, 1, '2023-06-15 17:47:22');
INSERT INTO `screen_layout` (`layout_id`, `screen_id`, `version`, `created_at`) VALUES (8, 8, 1, '2023-01-10 04:04:22');
INSERT INTO `screen_layout` (`layout_id`, `screen_id`, `version`, `created_at`) VALUES (9, 9, 1, '2023-07-05 11:11:46');
INSERT INTO `screen_layout` (`layout_id`, `screen_id`, `version`, `created_at`) VALUES (10, 10, 1, '2023-05-03 02:06:32');
INSERT INTO `screen_layout` (`layout_id`, `screen_id`, `version`, `created_at`) VALUES (11, 11, 1, '2023-05-04 20:39:24');
INSERT INTO `screen_layout` (`layout_id`, `screen_id`, `version`, `created_at`) VALUES (12, 12, 1, '2023-02-10 03:07:06');
INSERT INTO `screen_layout` (`layout_id`, `screen_id`, `version`, `created_at`) VALUES (13, 13, 1, '2024-01-10 17:41:39');
INSERT INTO `screen_layout` (`layout_id`, `screen_id`, `version`, `created_at`) VALUES (14, 14, 1, '2023-02-05 19:23:42');
INSERT INTO `screen_layout` (`layout_id`, `screen_id`, `version`, `created_at`) VALUES (15, 15, 1, '2024-01-28 04:34:43');
INSERT INTO `screen_layout` (`layout_id`, `screen_id`, `version`, `created_at`) VALUES (16, 16, 1, '2023-03-07 17:18:16');
INSERT INTO `screen_layout` (`layout_id`, `screen_id`, `version`, `created_at`) VALUES (17, 17, 1, '2023-10-09 06:00:43');
INSERT INTO `screen_layout` (`layout_id`, `screen_id`, `version`, `created_at`) VALUES (18, 18, 1, '2023-05-16 19:12:43');
INSERT INTO `screen_layout` (`layout_id`, `screen_id`, `version`, `created_at`) VALUES (19, 19, 1, '2023-11-07 15:24:21');
INSERT INTO `screen_layout` (`layout_id`, `screen_id`, `version`, `created_at`) VALUES (20, 20, 1, '2023-04-19 19:38:06');
INSERT INTO `screen_layout` (`layout_id`, `screen_id`, `version`, `created_at`) VALUES (21, 21, 1, '2024-01-22 07:19:25');
INSERT INTO `screen_layout` (`layout_id`, `screen_id`, `version`, `created_at`) VALUES (22, 22, 1, '2024-01-01 11:20:57');
INSERT INTO `screen_layout` (`layout_id`, `screen_id`, `version`, `created_at`) VALUES (23, 23, 1, '2023-07-24 23:39:40');
INSERT INTO `screen_layout` (`layout_id`, `screen_id`, `version`, `created_at`) VALUES (24, 24, 1, '2023-07-11 15:57:02');
INSERT INTO `screen_layout` (`layout_id`, `screen_id`, `version`, `created_at`) VALUES (25, 25, 1, '2023-09-22 16:26:17');
INSERT INTO `screen_layout` (`layout_id`, `screen_id`, `version`, `created_at`) VALUES (26, 26, 1, '2023-03-03 09:01:33');
INSERT INTO `screen_layout` (`layout_id`, `screen_id`, `version`, `created_at`) VALUES (27, 27, 1, '2023-04-26 02:19:52');
INSERT INTO `screen_layout` (`layout_id`, `screen_id`, `version`, `created_at`) VALUES (28, 28, 1, '2023-06-23 00:45:57');
INSERT INTO `screen_layout` (`layout_id`, `screen_id`, `version`, `created_at`) VALUES (29, 29, 1, '2023-10-29 20:10:03');
INSERT INTO `screen_layout` (`layout_id`, `screen_id`, `version`, `created_at`) VALUES (30, 30, 1, '2023-04-28 21:25:28');
-- seat_type
INSERT INTO `seat_type` (`seat_type_id`, `code`, `label`, `price_delta`) VALUES (1, 'NORMAL', 'Normal Seat', 0);
INSERT INTO `seat_type` (`seat_type_id`, `code`, `label`, `price_delta`) VALUES (2, 'PREMIUM', 'Premium Seat', 3000);
INSERT INTO `seat_type` (`seat_type_id`, `code`, `label`, `price_delta`) VALUES (3, 'COUPLE', 'Couple Seat', 5000);
INSERT INTO `seat_type` (`seat_type_id`, `code`, `label`, `price_delta`) VALUES (4, '4DX', '4DX Seat', 7000);
INSERT INTO `seat_type` (`seat_type_id`, `code`, `label`, `price_delta`) VALUES (5, 'IMAX', 'IMAX Seat', 8000);
-- seat
INSERT INTO `seat` (`seat_id`, `layout_id`, `row_label`, `col_number`, `seat_type_id`) VALUES (1, 1, 'A', 1, 2);
INSERT INTO `seat` (`seat_id`, `layout_id`, `row_label`, `col_number`, `seat_type_id`) VALUES (2, 1, 'A', 2, 1);
INSERT INTO `seat` (`seat_id`, `layout_id`, `row_label`, `col_number`, `seat_type_id`) VALUES (3, 1, 'A', 3, 1);
INSERT INTO `seat` (`seat_id`, `layout_id`, `row_label`, `col_number`, `seat_type_id`) VALUES (4, 1, 'A', 4, 1);
INSERT INTO `seat` (`seat_id`, `layout_id`, `row_label`, `col_number`, `seat_type_id`) VALUES (5, 1, 'A', 5, 2);
INSERT INTO `seat` (`seat_id`, `layout_id`, `row_label`, `col_number`, `seat_type_id`) VALUES (6, 1, 'B', 1, 1);
INSERT INTO `seat` (`seat_id`, `layout_id`, `row_label`, `col_number`, `seat_type_id`) VALUES (7, 1, 'B', 2, 1);
INSERT INTO `seat` (`seat_id`, `layout_id`, `row_label`, `col_number`, `seat_type_id`) VALUES (8, 1, 'B', 3, 3);
INSERT INTO `seat` (`seat_id`, `layout_id`, `row_label`, `col_number`, `seat_type_id`) VALUES (9, 1, 'B', 4, 1);
INSERT INTO `seat` (`seat_id`, `layout_id`, `row_label`, `col_number`, `seat_type_id`) VALUES (10, 1, 'B', 5, 5);
INSERT INTO `seat` (`seat_id`, `layout_id`, `row_label`, `col_number`, `seat_type_id`) VALUES (11, 1, 'C', 1, 2);
INSERT INTO `seat` (`seat_id`, `layout_id`, `row_label`, `col_number`, `seat_type_id`) VALUES (12, 1, 'C', 2, 3);
INSERT INTO `seat` (`seat_id`, `layout_id`, `row_label`, `col_number`, `seat_type_id`) VALUES (13, 1, 'C', 3, 4);
INSERT INTO `seat` (`seat_id`, `layout_id`, `row_label`, `col_number`, `seat_type_id`) VALUES (14, 1, 'C', 4, 2);
INSERT INTO `seat` (`seat_id`, `layout_id`, `row_label`, `col_number`, `seat_type_id`) VALUES (15, 1, 'C', 5, 5);
INSERT INTO `seat` (`seat_id`, `layout_id`, `row_label`, `col_number`, `seat_type_id`) VALUES (16, 1, 'D', 1, 2);
INSERT INTO `seat` (`seat_id`, `layout_id`, `row_label`, `col_number`, `seat_type_id`) VALUES (17, 1, 'D', 2, 5);
INSERT INTO `seat` (`seat_id`, `layout_id`, `row_label`, `col_number`, `seat_type_id`) VALUES (18, 1, 'D', 3, 5);
INSERT INTO `seat` (`seat_id`, `layout_id`, `row_label`, `col_number`, `seat_type_id`) VALUES (19, 1, 'D', 4, 4);
INSERT INTO `seat` (`seat_id`, `layout_id`, `row_label`, `col_number`, `seat_type_id`) VALUES (20, 1, 'D', 5, 2);
INSERT INTO `seat` (`seat_id`, `layout_id`, `row_label`, `col_number`, `seat_type_id`) VALUES (21, 2, 'A', 1, 4);
INSERT INTO `seat` (`seat_id`, `layout_id`, `row_label`, `col_number`, `seat_type_id`) VALUES (22, 2, 'A', 2, 4);
INSERT INTO `seat` (`seat_id`, `layout_id`, `row_label`, `col_number`, `seat_type_id`) VALUES (23, 2, 'A', 3, 2);
INSERT INTO `seat` (`seat_id`, `layout_id`, `row_label`, `col_number`, `seat_type_id`) VALUES (24, 2, 'A', 4, 1);
INSERT INTO `seat` (`seat_id`, `layout_id`, `row_label`, `col_number`, `seat_type_id`) VALUES (25, 2, 'A', 5, 1);
INSERT INTO `seat` (`seat_id`, `layout_id`, `row_label`, `col_number`, `seat_type_id`) VALUES (26, 2, 'B', 1, 4);
INSERT INTO `seat` (`seat_id`, `layout_id`, `row_label`, `col_number`, `seat_type_id`) VALUES (27, 2, 'B', 2, 3);
INSERT INTO `seat` (`seat_id`, `layout_id`, `row_label`, `col_number`, `seat_type_id`) VALUES (28, 2, 'B', 3, 4);
INSERT INTO `seat` (`seat_id`, `layout_id`, `row_label`, `col_number`, `seat_type_id`) VALUES (29, 2, 'B', 4, 4);
INSERT INTO `seat` (`seat_id`, `layout_id`, `row_label`, `col_number`, `seat_type_id`) VALUES (30, 2, 'B', 5, 4);
INSERT INTO `seat` (`seat_id`, `layout_id`, `row_label`, `col_number`, `seat_type_id`) VALUES (31, 2, 'C', 1, 1);
INSERT INTO `seat` (`seat_id`, `layout_id`, `row_label`, `col_number`, `seat_type_id`) VALUES (32, 2, 'C', 2, 1);
INSERT INTO `seat` (`seat_id`, `layout_id`, `row_label`, `col_number`, `seat_type_id`) VALUES (33, 2, 'C', 3, 1);
INSERT INTO `seat` (`seat_id`, `layout_id`, `row_label`, `col_number`, `seat_type_id`) VALUES (34, 2, 'C', 4, 4);
INSERT INTO `seat` (`seat_id`, `layout_id`, `row_label`, `col_number`, `seat_type_id`) VALUES (35, 2, 'C', 5, 3);
INSERT INTO `seat` (`seat_id`, `layout_id`, `row_label`, `col_number`, `seat_type_id`) VALUES (36, 2, 'D', 1, 1);
INSERT INTO `seat` (`seat_id`, `layout_id`, `row_label`, `col_number`, `seat_type_id`) VALUES (37, 2, 'D', 2, 2);
INSERT INTO `seat` (`seat_id`, `layout_id`, `row_label`, `col_number`, `seat_type_id`) VALUES (38, 2, 'D', 3, 2);
INSERT INTO `seat` (`seat_id`, `layout_id`, `row_label`, `col_number`, `seat_type_id`) VALUES (39, 2, 'D', 4, 2);
INSERT INTO `seat` (`seat_id`, `layout_id`, `row_label`, `col_number`, `seat_type_id`) VALUES (40, 2, 'D', 5, 5);
INSERT INTO `seat` (`seat_id`, `layout_id`, `row_label`, `col_number`, `seat_type_id`) VALUES (41, 3, 'A', 1, 4);
INSERT INTO `seat` (`seat_id`, `layout_id`, `row_label`, `col_number`, `seat_type_id`) VALUES (42, 3, 'A', 2, 2);
INSERT INTO `seat` (`seat_id`, `layout_id`, `row_label`, `col_number`, `seat_type_id`) VALUES (43, 3, 'A', 3, 4);
INSERT INTO `seat` (`seat_id`, `layout_id`, `row_label`, `col_number`, `seat_type_id`) VALUES (44, 3, 'A', 4, 2);
INSERT INTO `seat` (`seat_id`, `layout_id`, `row_label`, `col_number`, `seat_type_id`) VALUES (45, 3, 'A', 5, 3);
INSERT INTO `seat` (`seat_id`, `layout_id`, `row_label`, `col_number`, `seat_type_id`) VALUES (46, 3, 'B', 1, 4);
INSERT INTO `seat` (`seat_id`, `layout_id`, `row_label`, `col_number`, `seat_type_id`) VALUES (47, 3, 'B', 2, 2);
INSERT INTO `seat` (`seat_id`, `layout_id`, `row_label`, `col_number`, `seat_type_id`) VALUES (48, 3, 'B', 3, 1);
INSERT INTO `seat` (`seat_id`, `layout_id`, `row_label`, `col_number`, `seat_type_id`) VALUES (49, 3, 'B', 4, 4);
INSERT INTO `seat` (`seat_id`, `layout_id`, `row_label`, `col_number`, `seat_type_id`) VALUES (50, 3, 'B', 5, 5);
INSERT INTO `seat` (`seat_id`, `layout_id`, `row_label`, `col_number`, `seat_type_id`) VALUES (51, 3, 'C', 1, 1);
INSERT INTO `seat` (`seat_id`, `layout_id`, `row_label`, `col_number`, `seat_type_id`) VALUES (52, 3, 'C', 2, 1);
INSERT INTO `seat` (`seat_id`, `layout_id`, `row_label`, `col_number`, `seat_type_id`) VALUES (53, 3, 'C', 3, 5);
INSERT INTO `seat` (`seat_id`, `layout_id`, `row_label`, `col_number`, `seat_type_id`) VALUES (54, 3, 'C', 4, 1);
INSERT INTO `seat` (`seat_id`, `layout_id`, `row_label`, `col_number`, `seat_type_id`) VALUES (55, 3, 'C', 5, 1);
INSERT INTO `seat` (`seat_id`, `layout_id`, `row_label`, `col_number`, `seat_type_id`) VALUES (56, 3, 'D', 1, 2);
INSERT INTO `seat` (`seat_id`, `layout_id`, `row_label`, `col_number`, `seat_type_id`) VALUES (57, 3, 'D', 2, 2);
INSERT INTO `seat` (`seat_id`, `layout_id`, `row_label`, `col_number`, `seat_type_id`) VALUES (58, 3, 'D', 3, 4);
INSERT INTO `seat` (`seat_id`, `layout_id`, `row_label`, `col_number`, `seat_type_id`) VALUES (59, 3, 'D', 4, 4);
INSERT INTO `seat` (`seat_id`, `layout_id`, `row_label`, `col_number`, `seat_type_id`) VALUES (60, 3, 'D', 5, 4);
INSERT INTO `seat` (`seat_id`, `layout_id`, `row_label`, `col_number`, `seat_type_id`) VALUES (61, 4, 'A', 1, 2);
INSERT INTO `seat` (`seat_id`, `layout_id`, `row_label`, `col_number`, `seat_type_id`) VALUES (62, 4, 'A', 2, 4);
INSERT INTO `seat` (`seat_id`, `layout_id`, `row_label`, `col_number`, `seat_type_id`) VALUES (63, 4, 'A', 3, 1);
INSERT INTO `seat` (`seat_id`, `layout_id`, `row_label`, `col_number`, `seat_type_id`) VALUES (64, 4, 'A', 4, 2);
INSERT INTO `seat` (`seat_id`, `layout_id`, `row_label`, `col_number`, `seat_type_id`) VALUES (65, 4, 'A', 5, 4);
INSERT INTO `seat` (`seat_id`, `layout_id`, `row_label`, `col_number`, `seat_type_id`) VALUES (66, 4, 'B', 1, 1);
INSERT INTO `seat` (`seat_id`, `layout_id`, `row_label`, `col_number`, `seat_type_id`) VALUES (67, 4, 'B', 2, 4);
INSERT INTO `seat` (`seat_id`, `layout_id`, `row_label`, `col_number`, `seat_type_id`) VALUES (68, 4, 'B', 3, 3);
INSERT INTO `seat` (`seat_id`, `layout_id`, `row_label`, `col_number`, `seat_type_id`) VALUES (69, 4, 'B', 4, 4);
INSERT INTO `seat` (`seat_id`, `layout_id`, `row_label`, `col_number`, `seat_type_id`) VALUES (70, 4, 'B', 5, 3);
INSERT INTO `seat` (`seat_id`, `layout_id`, `row_label`, `col_number`, `seat_type_id`) VALUES (71, 4, 'C', 1, 4);
INSERT INTO `seat` (`seat_id`, `layout_id`, `row_label`, `col_number`, `seat_type_id`) VALUES (72, 4, 'C', 2, 5);
INSERT INTO `seat` (`seat_id`, `layout_id`, `row_label`, `col_number`, `seat_type_id`) VALUES (73, 4, 'C', 3, 4);
INSERT INTO `seat` (`seat_id`, `layout_id`, `row_label`, `col_number`, `seat_type_id`) VALUES (74, 4, 'C', 4, 2);
INSERT INTO `seat` (`seat_id`, `layout_id`, `row_label`, `col_number`, `seat_type_id`) VALUES (75, 4, 'C', 5, 2);
INSERT INTO `seat` (`seat_id`, `layout_id`, `row_label`, `col_number`, `seat_type_id`) VALUES (76, 4, 'D', 1, 3);
INSERT INTO `seat` (`seat_id`, `layout_id`, `row_label`, `col_number`, `seat_type_id`) VALUES (77, 4, 'D', 2, 2);
INSERT INTO `seat` (`seat_id`, `layout_id`, `row_label`, `col_number`, `seat_type_id`) VALUES (78, 4, 'D', 3, 1);
INSERT INTO `seat` (`seat_id`, `layout_id`, `row_label`, `col_number`, `seat_type_id`) VALUES (79, 4, 'D', 4, 5);
INSERT INTO `seat` (`seat_id`, `layout_id`, `row_label`, `col_number`, `seat_type_id`) VALUES (80, 4, 'D', 5, 5);
INSERT INTO `seat` (`seat_id`, `layout_id`, `row_label`, `col_number`, `seat_type_id`) VALUES (81, 5, 'A', 1, 1);
INSERT INTO `seat` (`seat_id`, `layout_id`, `row_label`, `col_number`, `seat_type_id`) VALUES (82, 5, 'A', 2, 3);
INSERT INTO `seat` (`seat_id`, `layout_id`, `row_label`, `col_number`, `seat_type_id`) VALUES (83, 5, 'A', 3, 1);
INSERT INTO `seat` (`seat_id`, `layout_id`, `row_label`, `col_number`, `seat_type_id`) VALUES (84, 5, 'A', 4, 1);
INSERT INTO `seat` (`seat_id`, `layout_id`, `row_label`, `col_number`, `seat_type_id`) VALUES (85, 5, 'A', 5, 5);
INSERT INTO `seat` (`seat_id`, `layout_id`, `row_label`, `col_number`, `seat_type_id`) VALUES (86, 5, 'B', 1, 4);
INSERT INTO `seat` (`seat_id`, `layout_id`, `row_label`, `col_number`, `seat_type_id`) VALUES (87, 5, 'B', 2, 5);
INSERT INTO `seat` (`seat_id`, `layout_id`, `row_label`, `col_number`, `seat_type_id`) VALUES (88, 5, 'B', 3, 5);
INSERT INTO `seat` (`seat_id`, `layout_id`, `row_label`, `col_number`, `seat_type_id`) VALUES (89, 5, 'B', 4, 2);
INSERT INTO `seat` (`seat_id`, `layout_id`, `row_label`, `col_number`, `seat_type_id`) VALUES (90, 5, 'B', 5, 1);
INSERT INTO `seat` (`seat_id`, `layout_id`, `row_label`, `col_number`, `seat_type_id`) VALUES (91, 5, 'C', 1, 5);
INSERT INTO `seat` (`seat_id`, `layout_id`, `row_label`, `col_number`, `seat_type_id`) VALUES (92, 5, 'C', 2, 1);
INSERT INTO `seat` (`seat_id`, `layout_id`, `row_label`, `col_number`, `seat_type_id`) VALUES (93, 5, 'C', 3, 2);
INSERT INTO `seat` (`seat_id`, `layout_id`, `row_label`, `col_number`, `seat_type_id`) VALUES (94, 5, 'C', 4, 1);
INSERT INTO `seat` (`seat_id`, `layout_id`, `row_label`, `col_number`, `seat_type_id`) VALUES (95, 5, 'C', 5, 5);
INSERT INTO `seat` (`seat_id`, `layout_id`, `row_label`, `col_number`, `seat_type_id`) VALUES (96, 5, 'D', 1, 1);
INSERT INTO `seat` (`seat_id`, `layout_id`, `row_label`, `col_number`, `seat_type_id`) VALUES (97, 5, 'D', 2, 2);
INSERT INTO `seat` (`seat_id`, `layout_id`, `row_label`, `col_number`, `seat_type_id`) VALUES (98, 5, 'D', 3, 4);
INSERT INTO `seat` (`seat_id`, `layout_id`, `row_label`, `col_number`, `seat_type_id`) VALUES (99, 5, 'D', 4, 1);
INSERT INTO `seat` (`seat_id`, `layout_id`, `row_label`, `col_number`, `seat_type_id`) VALUES (100, 5, 'D', 5, 5);
INSERT INTO `seat` (`seat_id`, `layout_id`, `row_label`, `col_number`, `seat_type_id`) VALUES (101, 6, 'A', 1, 2);
INSERT INTO `seat` (`seat_id`, `layout_id`, `row_label`, `col_number`, `seat_type_id`) VALUES (102, 6, 'A', 2, 5);
INSERT INTO `seat` (`seat_id`, `layout_id`, `row_label`, `col_number`, `seat_type_id`) VALUES (103, 6, 'A', 3, 5);
INSERT INTO `seat` (`seat_id`, `layout_id`, `row_label`, `col_number`, `seat_type_id`) VALUES (104, 6, 'A', 4, 1);
INSERT INTO `seat` (`seat_id`, `layout_id`, `row_label`, `col_number`, `seat_type_id`) VALUES (105, 6, 'A', 5, 5);
INSERT INTO `seat` (`seat_id`, `layout_id`, `row_label`, `col_number`, `seat_type_id`) VALUES (106, 6, 'B', 1, 1);
INSERT INTO `seat` (`seat_id`, `layout_id`, `row_label`, `col_number`, `seat_type_id`) VALUES (107, 6, 'B', 2, 4);
INSERT INTO `seat` (`seat_id`, `layout_id`, `row_label`, `col_number`, `seat_type_id`) VALUES (108, 6, 'B', 3, 5);
INSERT INTO `seat` (`seat_id`, `layout_id`, `row_label`, `col_number`, `seat_type_id`) VALUES (109, 6, 'B', 4, 5);
INSERT INTO `seat` (`seat_id`, `layout_id`, `row_label`, `col_number`, `seat_type_id`) VALUES (110, 6, 'B', 5, 5);
INSERT INTO `seat` (`seat_id`, `layout_id`, `row_label`, `col_number`, `seat_type_id`) VALUES (111, 6, 'C', 1, 3);
INSERT INTO `seat` (`seat_id`, `layout_id`, `row_label`, `col_number`, `seat_type_id`) VALUES (112, 6, 'C', 2, 3);
INSERT INTO `seat` (`seat_id`, `layout_id`, `row_label`, `col_number`, `seat_type_id`) VALUES (113, 6, 'C', 3, 2);
INSERT INTO `seat` (`seat_id`, `layout_id`, `row_label`, `col_number`, `seat_type_id`) VALUES (114, 6, 'C', 4, 3);
INSERT INTO `seat` (`seat_id`, `layout_id`, `row_label`, `col_number`, `seat_type_id`) VALUES (115, 6, 'C', 5, 2);
INSERT INTO `seat` (`seat_id`, `layout_id`, `row_label`, `col_number`, `seat_type_id`) VALUES (116, 6, 'D', 1, 3);
INSERT INTO `seat` (`seat_id`, `layout_id`, `row_label`, `col_number`, `seat_type_id`) VALUES (117, 6, 'D', 2, 4);
INSERT INTO `seat` (`seat_id`, `layout_id`, `row_label`, `col_number`, `seat_type_id`) VALUES (118, 6, 'D', 3, 2);
INSERT INTO `seat` (`seat_id`, `layout_id`, `row_label`, `col_number`, `seat_type_id`) VALUES (119, 6, 'D', 4, 3);
INSERT INTO `seat` (`seat_id`, `layout_id`, `row_label`, `col_number`, `seat_type_id`) VALUES (120, 6, 'D', 5, 4);
INSERT INTO `seat` (`seat_id`, `layout_id`, `row_label`, `col_number`, `seat_type_id`) VALUES (121, 7, 'A', 1, 3);
INSERT INTO `seat` (`seat_id`, `layout_id`, `row_label`, `col_number`, `seat_type_id`) VALUES (122, 7, 'A', 2, 1);
INSERT INTO `seat` (`seat_id`, `layout_id`, `row_label`, `col_number`, `seat_type_id`) VALUES (123, 7, 'A', 3, 1);
INSERT INTO `seat` (`seat_id`, `layout_id`, `row_label`, `col_number`, `seat_type_id`) VALUES (124, 7, 'A', 4, 4);
INSERT INTO `seat` (`seat_id`, `layout_id`, `row_label`, `col_number`, `seat_type_id`) VALUES (125, 7, 'A', 5, 5);
INSERT INTO `seat` (`seat_id`, `layout_id`, `row_label`, `col_number`, `seat_type_id`) VALUES (126, 7, 'B', 1, 5);
INSERT INTO `seat` (`seat_id`, `layout_id`, `row_label`, `col_number`, `seat_type_id`) VALUES (127, 7, 'B', 2, 1);
INSERT INTO `seat` (`seat_id`, `layout_id`, `row_label`, `col_number`, `seat_type_id`) VALUES (128, 7, 'B', 3, 1);
INSERT INTO `seat` (`seat_id`, `layout_id`, `row_label`, `col_number`, `seat_type_id`) VALUES (129, 7, 'B', 4, 5);
INSERT INTO `seat` (`seat_id`, `layout_id`, `row_label`, `col_number`, `seat_type_id`) VALUES (130, 7, 'B', 5, 2);
INSERT INTO `seat` (`seat_id`, `layout_id`, `row_label`, `col_number`, `seat_type_id`) VALUES (131, 7, 'C', 1, 5);
INSERT INTO `seat` (`seat_id`, `layout_id`, `row_label`, `col_number`, `seat_type_id`) VALUES (132, 7, 'C', 2, 3);
INSERT INTO `seat` (`seat_id`, `layout_id`, `row_label`, `col_number`, `seat_type_id`) VALUES (133, 7, 'C', 3, 2);
INSERT INTO `seat` (`seat_id`, `layout_id`, `row_label`, `col_number`, `seat_type_id`) VALUES (134, 7, 'C', 4, 3);
INSERT INTO `seat` (`seat_id`, `layout_id`, `row_label`, `col_number`, `seat_type_id`) VALUES (135, 7, 'C', 5, 1);
INSERT INTO `seat` (`seat_id`, `layout_id`, `row_label`, `col_number`, `seat_type_id`) VALUES (136, 7, 'D', 1, 2);
INSERT INTO `seat` (`seat_id`, `layout_id`, `row_label`, `col_number`, `seat_type_id`) VALUES (137, 7, 'D', 2, 3);
INSERT INTO `seat` (`seat_id`, `layout_id`, `row_label`, `col_number`, `seat_type_id`) VALUES (138, 7, 'D', 3, 3);
INSERT INTO `seat` (`seat_id`, `layout_id`, `row_label`, `col_number`, `seat_type_id`) VALUES (139, 7, 'D', 4, 2);
INSERT INTO `seat` (`seat_id`, `layout_id`, `row_label`, `col_number`, `seat_type_id`) VALUES (140, 7, 'D', 5, 4);
INSERT INTO `seat` (`seat_id`, `layout_id`, `row_label`, `col_number`, `seat_type_id`) VALUES (141, 8, 'A', 1, 5);
INSERT INTO `seat` (`seat_id`, `layout_id`, `row_label`, `col_number`, `seat_type_id`) VALUES (142, 8, 'A', 2, 3);
INSERT INTO `seat` (`seat_id`, `layout_id`, `row_label`, `col_number`, `seat_type_id`) VALUES (143, 8, 'A', 3, 5);
INSERT INTO `seat` (`seat_id`, `layout_id`, `row_label`, `col_number`, `seat_type_id`) VALUES (144, 8, 'A', 4, 5);
INSERT INTO `seat` (`seat_id`, `layout_id`, `row_label`, `col_number`, `seat_type_id`) VALUES (145, 8, 'A', 5, 1);
INSERT INTO `seat` (`seat_id`, `layout_id`, `row_label`, `col_number`, `seat_type_id`) VALUES (146, 8, 'B', 1, 5);
INSERT INTO `seat` (`seat_id`, `layout_id`, `row_label`, `col_number`, `seat_type_id`) VALUES (147, 8, 'B', 2, 3);
INSERT INTO `seat` (`seat_id`, `layout_id`, `row_label`, `col_number`, `seat_type_id`) VALUES (148, 8, 'B', 3, 1);
INSERT INTO `seat` (`seat_id`, `layout_id`, `row_label`, `col_number`, `seat_type_id`) VALUES (149, 8, 'B', 4, 2);
INSERT INTO `seat` (`seat_id`, `layout_id`, `row_label`, `col_number`, `seat_type_id`) VALUES (150, 8, 'B', 5, 3);
INSERT INTO `seat` (`seat_id`, `layout_id`, `row_label`, `col_number`, `seat_type_id`) VALUES (151, 8, 'C', 1, 1);
INSERT INTO `seat` (`seat_id`, `layout_id`, `row_label`, `col_number`, `seat_type_id`) VALUES (152, 8, 'C', 2, 1);
INSERT INTO `seat` (`seat_id`, `layout_id`, `row_label`, `col_number`, `seat_type_id`) VALUES (153, 8, 'C', 3, 5);
INSERT INTO `seat` (`seat_id`, `layout_id`, `row_label`, `col_number`, `seat_type_id`) VALUES (154, 8, 'C', 4, 2);
INSERT INTO `seat` (`seat_id`, `layout_id`, `row_label`, `col_number`, `seat_type_id`) VALUES (155, 8, 'C', 5, 3);
INSERT INTO `seat` (`seat_id`, `layout_id`, `row_label`, `col_number`, `seat_type_id`) VALUES (156, 8, 'D', 1, 3);
INSERT INTO `seat` (`seat_id`, `layout_id`, `row_label`, `col_number`, `seat_type_id`) VALUES (157, 8, 'D', 2, 5);
INSERT INTO `seat` (`seat_id`, `layout_id`, `row_label`, `col_number`, `seat_type_id`) VALUES (158, 8, 'D', 3, 2);
INSERT INTO `seat` (`seat_id`, `layout_id`, `row_label`, `col_number`, `seat_type_id`) VALUES (159, 8, 'D', 4, 3);
INSERT INTO `seat` (`seat_id`, `layout_id`, `row_label`, `col_number`, `seat_type_id`) VALUES (160, 8, 'D', 5, 2);
INSERT INTO `seat` (`seat_id`, `layout_id`, `row_label`, `col_number`, `seat_type_id`) VALUES (161, 9, 'A', 1, 3);
INSERT INTO `seat` (`seat_id`, `layout_id`, `row_label`, `col_number`, `seat_type_id`) VALUES (162, 9, 'A', 2, 5);
INSERT INTO `seat` (`seat_id`, `layout_id`, `row_label`, `col_number`, `seat_type_id`) VALUES (163, 9, 'A', 3, 4);
INSERT INTO `seat` (`seat_id`, `layout_id`, `row_label`, `col_number`, `seat_type_id`) VALUES (164, 9, 'A', 4, 3);
INSERT INTO `seat` (`seat_id`, `layout_id`, `row_label`, `col_number`, `seat_type_id`) VALUES (165, 9, 'A', 5, 1);
INSERT INTO `seat` (`seat_id`, `layout_id`, `row_label`, `col_number`, `seat_type_id`) VALUES (166, 9, 'B', 1, 1);
INSERT INTO `seat` (`seat_id`, `layout_id`, `row_label`, `col_number`, `seat_type_id`) VALUES (167, 9, 'B', 2, 4);
INSERT INTO `seat` (`seat_id`, `layout_id`, `row_label`, `col_number`, `seat_type_id`) VALUES (168, 9, 'B', 3, 3);
INSERT INTO `seat` (`seat_id`, `layout_id`, `row_label`, `col_number`, `seat_type_id`) VALUES (169, 9, 'B', 4, 1);
INSERT INTO `seat` (`seat_id`, `layout_id`, `row_label`, `col_number`, `seat_type_id`) VALUES (170, 9, 'B', 5, 1);
INSERT INTO `seat` (`seat_id`, `layout_id`, `row_label`, `col_number`, `seat_type_id`) VALUES (171, 9, 'C', 1, 3);
INSERT INTO `seat` (`seat_id`, `layout_id`, `row_label`, `col_number`, `seat_type_id`) VALUES (172, 9, 'C', 2, 2);
INSERT INTO `seat` (`seat_id`, `layout_id`, `row_label`, `col_number`, `seat_type_id`) VALUES (173, 9, 'C', 3, 3);
INSERT INTO `seat` (`seat_id`, `layout_id`, `row_label`, `col_number`, `seat_type_id`) VALUES (174, 9, 'C', 4, 2);
INSERT INTO `seat` (`seat_id`, `layout_id`, `row_label`, `col_number`, `seat_type_id`) VALUES (175, 9, 'C', 5, 4);
INSERT INTO `seat` (`seat_id`, `layout_id`, `row_label`, `col_number`, `seat_type_id`) VALUES (176, 9, 'D', 1, 5);
INSERT INTO `seat` (`seat_id`, `layout_id`, `row_label`, `col_number`, `seat_type_id`) VALUES (177, 9, 'D', 2, 4);
INSERT INTO `seat` (`seat_id`, `layout_id`, `row_label`, `col_number`, `seat_type_id`) VALUES (178, 9, 'D', 3, 5);
INSERT INTO `seat` (`seat_id`, `layout_id`, `row_label`, `col_number`, `seat_type_id`) VALUES (179, 9, 'D', 4, 1);
INSERT INTO `seat` (`seat_id`, `layout_id`, `row_label`, `col_number`, `seat_type_id`) VALUES (180, 9, 'D', 5, 1);
INSERT INTO `seat` (`seat_id`, `layout_id`, `row_label`, `col_number`, `seat_type_id`) VALUES (181, 10, 'A', 1, 1);
INSERT INTO `seat` (`seat_id`, `layout_id`, `row_label`, `col_number`, `seat_type_id`) VALUES (182, 10, 'A', 2, 2);
INSERT INTO `seat` (`seat_id`, `layout_id`, `row_label`, `col_number`, `seat_type_id`) VALUES (183, 10, 'A', 3, 5);
INSERT INTO `seat` (`seat_id`, `layout_id`, `row_label`, `col_number`, `seat_type_id`) VALUES (184, 10, 'A', 4, 1);
INSERT INTO `seat` (`seat_id`, `layout_id`, `row_label`, `col_number`, `seat_type_id`) VALUES (185, 10, 'A', 5, 3);
INSERT INTO `seat` (`seat_id`, `layout_id`, `row_label`, `col_number`, `seat_type_id`) VALUES (186, 10, 'B', 1, 5);
INSERT INTO `seat` (`seat_id`, `layout_id`, `row_label`, `col_number`, `seat_type_id`) VALUES (187, 10, 'B', 2, 5);
INSERT INTO `seat` (`seat_id`, `layout_id`, `row_label`, `col_number`, `seat_type_id`) VALUES (188, 10, 'B', 3, 2);
INSERT INTO `seat` (`seat_id`, `layout_id`, `row_label`, `col_number`, `seat_type_id`) VALUES (189, 10, 'B', 4, 4);
INSERT INTO `seat` (`seat_id`, `layout_id`, `row_label`, `col_number`, `seat_type_id`) VALUES (190, 10, 'B', 5, 2);
INSERT INTO `seat` (`seat_id`, `layout_id`, `row_label`, `col_number`, `seat_type_id`) VALUES (191, 10, 'C', 1, 1);
INSERT INTO `seat` (`seat_id`, `layout_id`, `row_label`, `col_number`, `seat_type_id`) VALUES (192, 10, 'C', 2, 3);
INSERT INTO `seat` (`seat_id`, `layout_id`, `row_label`, `col_number`, `seat_type_id`) VALUES (193, 10, 'C', 3, 3);
INSERT INTO `seat` (`seat_id`, `layout_id`, `row_label`, `col_number`, `seat_type_id`) VALUES (194, 10, 'C', 4, 1);
INSERT INTO `seat` (`seat_id`, `layout_id`, `row_label`, `col_number`, `seat_type_id`) VALUES (195, 10, 'C', 5, 3);
INSERT INTO `seat` (`seat_id`, `layout_id`, `row_label`, `col_number`, `seat_type_id`) VALUES (196, 10, 'D', 1, 2);
INSERT INTO `seat` (`seat_id`, `layout_id`, `row_label`, `col_number`, `seat_type_id`) VALUES (197, 10, 'D', 2, 2);
INSERT INTO `seat` (`seat_id`, `layout_id`, `row_label`, `col_number`, `seat_type_id`) VALUES (198, 10, 'D', 3, 1);
INSERT INTO `seat` (`seat_id`, `layout_id`, `row_label`, `col_number`, `seat_type_id`) VALUES (199, 10, 'D', 4, 3);
INSERT INTO `seat` (`seat_id`, `layout_id`, `row_label`, `col_number`, `seat_type_id`) VALUES (200, 10, 'D', 5, 5);
INSERT INTO `seat` (`seat_id`, `layout_id`, `row_label`, `col_number`, `seat_type_id`) VALUES (201, 11, 'A', 1, 4);
INSERT INTO `seat` (`seat_id`, `layout_id`, `row_label`, `col_number`, `seat_type_id`) VALUES (202, 11, 'A', 2, 5);
INSERT INTO `seat` (`seat_id`, `layout_id`, `row_label`, `col_number`, `seat_type_id`) VALUES (203, 11, 'A', 3, 2);
INSERT INTO `seat` (`seat_id`, `layout_id`, `row_label`, `col_number`, `seat_type_id`) VALUES (204, 11, 'A', 4, 2);
INSERT INTO `seat` (`seat_id`, `layout_id`, `row_label`, `col_number`, `seat_type_id`) VALUES (205, 11, 'A', 5, 2);
INSERT INTO `seat` (`seat_id`, `layout_id`, `row_label`, `col_number`, `seat_type_id`) VALUES (206, 11, 'B', 1, 2);
INSERT INTO `seat` (`seat_id`, `layout_id`, `row_label`, `col_number`, `seat_type_id`) VALUES (207, 11, 'B', 2, 4);
INSERT INTO `seat` (`seat_id`, `layout_id`, `row_label`, `col_number`, `seat_type_id`) VALUES (208, 11, 'B', 3, 1);
INSERT INTO `seat` (`seat_id`, `layout_id`, `row_label`, `col_number`, `seat_type_id`) VALUES (209, 11, 'B', 4, 2);
INSERT INTO `seat` (`seat_id`, `layout_id`, `row_label`, `col_number`, `seat_type_id`) VALUES (210, 11, 'B', 5, 3);
INSERT INTO `seat` (`seat_id`, `layout_id`, `row_label`, `col_number`, `seat_type_id`) VALUES (211, 11, 'C', 1, 4);
INSERT INTO `seat` (`seat_id`, `layout_id`, `row_label`, `col_number`, `seat_type_id`) VALUES (212, 11, 'C', 2, 2);
INSERT INTO `seat` (`seat_id`, `layout_id`, `row_label`, `col_number`, `seat_type_id`) VALUES (213, 11, 'C', 3, 3);
INSERT INTO `seat` (`seat_id`, `layout_id`, `row_label`, `col_number`, `seat_type_id`) VALUES (214, 11, 'C', 4, 2);
INSERT INTO `seat` (`seat_id`, `layout_id`, `row_label`, `col_number`, `seat_type_id`) VALUES (215, 11, 'C', 5, 1);
INSERT INTO `seat` (`seat_id`, `layout_id`, `row_label`, `col_number`, `seat_type_id`) VALUES (216, 11, 'D', 1, 4);
INSERT INTO `seat` (`seat_id`, `layout_id`, `row_label`, `col_number`, `seat_type_id`) VALUES (217, 11, 'D', 2, 1);
INSERT INTO `seat` (`seat_id`, `layout_id`, `row_label`, `col_number`, `seat_type_id`) VALUES (218, 11, 'D', 3, 4);
INSERT INTO `seat` (`seat_id`, `layout_id`, `row_label`, `col_number`, `seat_type_id`) VALUES (219, 11, 'D', 4, 2);
INSERT INTO `seat` (`seat_id`, `layout_id`, `row_label`, `col_number`, `seat_type_id`) VALUES (220, 11, 'D', 5, 2);
INSERT INTO `seat` (`seat_id`, `layout_id`, `row_label`, `col_number`, `seat_type_id`) VALUES (221, 12, 'A', 1, 4);
INSERT INTO `seat` (`seat_id`, `layout_id`, `row_label`, `col_number`, `seat_type_id`) VALUES (222, 12, 'A', 2, 3);
INSERT INTO `seat` (`seat_id`, `layout_id`, `row_label`, `col_number`, `seat_type_id`) VALUES (223, 12, 'A', 3, 3);
INSERT INTO `seat` (`seat_id`, `layout_id`, `row_label`, `col_number`, `seat_type_id`) VALUES (224, 12, 'A', 4, 2);
INSERT INTO `seat` (`seat_id`, `layout_id`, `row_label`, `col_number`, `seat_type_id`) VALUES (225, 12, 'A', 5, 2);
INSERT INTO `seat` (`seat_id`, `layout_id`, `row_label`, `col_number`, `seat_type_id`) VALUES (226, 12, 'B', 1, 1);
INSERT INTO `seat` (`seat_id`, `layout_id`, `row_label`, `col_number`, `seat_type_id`) VALUES (227, 12, 'B', 2, 2);
INSERT INTO `seat` (`seat_id`, `layout_id`, `row_label`, `col_number`, `seat_type_id`) VALUES (228, 12, 'B', 3, 4);
INSERT INTO `seat` (`seat_id`, `layout_id`, `row_label`, `col_number`, `seat_type_id`) VALUES (229, 12, 'B', 4, 3);
INSERT INTO `seat` (`seat_id`, `layout_id`, `row_label`, `col_number`, `seat_type_id`) VALUES (230, 12, 'B', 5, 3);
INSERT INTO `seat` (`seat_id`, `layout_id`, `row_label`, `col_number`, `seat_type_id`) VALUES (231, 12, 'C', 1, 1);
INSERT INTO `seat` (`seat_id`, `layout_id`, `row_label`, `col_number`, `seat_type_id`) VALUES (232, 12, 'C', 2, 3);
INSERT INTO `seat` (`seat_id`, `layout_id`, `row_label`, `col_number`, `seat_type_id`) VALUES (233, 12, 'C', 3, 3);
INSERT INTO `seat` (`seat_id`, `layout_id`, `row_label`, `col_number`, `seat_type_id`) VALUES (234, 12, 'C', 4, 5);
INSERT INTO `seat` (`seat_id`, `layout_id`, `row_label`, `col_number`, `seat_type_id`) VALUES (235, 12, 'C', 5, 4);
INSERT INTO `seat` (`seat_id`, `layout_id`, `row_label`, `col_number`, `seat_type_id`) VALUES (236, 12, 'D', 1, 5);
INSERT INTO `seat` (`seat_id`, `layout_id`, `row_label`, `col_number`, `seat_type_id`) VALUES (237, 12, 'D', 2, 3);
INSERT INTO `seat` (`seat_id`, `layout_id`, `row_label`, `col_number`, `seat_type_id`) VALUES (238, 12, 'D', 3, 1);
INSERT INTO `seat` (`seat_id`, `layout_id`, `row_label`, `col_number`, `seat_type_id`) VALUES (239, 12, 'D', 4, 1);
INSERT INTO `seat` (`seat_id`, `layout_id`, `row_label`, `col_number`, `seat_type_id`) VALUES (240, 12, 'D', 5, 3);
INSERT INTO `seat` (`seat_id`, `layout_id`, `row_label`, `col_number`, `seat_type_id`) VALUES (241, 13, 'A', 1, 2);
INSERT INTO `seat` (`seat_id`, `layout_id`, `row_label`, `col_number`, `seat_type_id`) VALUES (242, 13, 'A', 2, 5);
INSERT INTO `seat` (`seat_id`, `layout_id`, `row_label`, `col_number`, `seat_type_id`) VALUES (243, 13, 'A', 3, 3);
INSERT INTO `seat` (`seat_id`, `layout_id`, `row_label`, `col_number`, `seat_type_id`) VALUES (244, 13, 'A', 4, 1);
INSERT INTO `seat` (`seat_id`, `layout_id`, `row_label`, `col_number`, `seat_type_id`) VALUES (245, 13, 'A', 5, 1);
INSERT INTO `seat` (`seat_id`, `layout_id`, `row_label`, `col_number`, `seat_type_id`) VALUES (246, 13, 'B', 1, 5);
INSERT INTO `seat` (`seat_id`, `layout_id`, `row_label`, `col_number`, `seat_type_id`) VALUES (247, 13, 'B', 2, 4);
INSERT INTO `seat` (`seat_id`, `layout_id`, `row_label`, `col_number`, `seat_type_id`) VALUES (248, 13, 'B', 3, 3);
INSERT INTO `seat` (`seat_id`, `layout_id`, `row_label`, `col_number`, `seat_type_id`) VALUES (249, 13, 'B', 4, 3);
INSERT INTO `seat` (`seat_id`, `layout_id`, `row_label`, `col_number`, `seat_type_id`) VALUES (250, 13, 'B', 5, 4);
INSERT INTO `seat` (`seat_id`, `layout_id`, `row_label`, `col_number`, `seat_type_id`) VALUES (251, 13, 'C', 1, 5);
INSERT INTO `seat` (`seat_id`, `layout_id`, `row_label`, `col_number`, `seat_type_id`) VALUES (252, 13, 'C', 2, 5);
INSERT INTO `seat` (`seat_id`, `layout_id`, `row_label`, `col_number`, `seat_type_id`) VALUES (253, 13, 'C', 3, 1);
INSERT INTO `seat` (`seat_id`, `layout_id`, `row_label`, `col_number`, `seat_type_id`) VALUES (254, 13, 'C', 4, 4);
INSERT INTO `seat` (`seat_id`, `layout_id`, `row_label`, `col_number`, `seat_type_id`) VALUES (255, 13, 'C', 5, 5);
INSERT INTO `seat` (`seat_id`, `layout_id`, `row_label`, `col_number`, `seat_type_id`) VALUES (256, 13, 'D', 1, 2);
INSERT INTO `seat` (`seat_id`, `layout_id`, `row_label`, `col_number`, `seat_type_id`) VALUES (257, 13, 'D', 2, 3);
INSERT INTO `seat` (`seat_id`, `layout_id`, `row_label`, `col_number`, `seat_type_id`) VALUES (258, 13, 'D', 3, 1);
INSERT INTO `seat` (`seat_id`, `layout_id`, `row_label`, `col_number`, `seat_type_id`) VALUES (259, 13, 'D', 4, 4);
INSERT INTO `seat` (`seat_id`, `layout_id`, `row_label`, `col_number`, `seat_type_id`) VALUES (260, 13, 'D', 5, 1);
INSERT INTO `seat` (`seat_id`, `layout_id`, `row_label`, `col_number`, `seat_type_id`) VALUES (261, 14, 'A', 1, 5);
INSERT INTO `seat` (`seat_id`, `layout_id`, `row_label`, `col_number`, `seat_type_id`) VALUES (262, 14, 'A', 2, 5);
INSERT INTO `seat` (`seat_id`, `layout_id`, `row_label`, `col_number`, `seat_type_id`) VALUES (263, 14, 'A', 3, 2);
INSERT INTO `seat` (`seat_id`, `layout_id`, `row_label`, `col_number`, `seat_type_id`) VALUES (264, 14, 'A', 4, 3);
INSERT INTO `seat` (`seat_id`, `layout_id`, `row_label`, `col_number`, `seat_type_id`) VALUES (265, 14, 'A', 5, 4);
INSERT INTO `seat` (`seat_id`, `layout_id`, `row_label`, `col_number`, `seat_type_id`) VALUES (266, 14, 'B', 1, 1);
INSERT INTO `seat` (`seat_id`, `layout_id`, `row_label`, `col_number`, `seat_type_id`) VALUES (267, 14, 'B', 2, 3);
INSERT INTO `seat` (`seat_id`, `layout_id`, `row_label`, `col_number`, `seat_type_id`) VALUES (268, 14, 'B', 3, 5);
INSERT INTO `seat` (`seat_id`, `layout_id`, `row_label`, `col_number`, `seat_type_id`) VALUES (269, 14, 'B', 4, 3);
INSERT INTO `seat` (`seat_id`, `layout_id`, `row_label`, `col_number`, `seat_type_id`) VALUES (270, 14, 'B', 5, 1);
INSERT INTO `seat` (`seat_id`, `layout_id`, `row_label`, `col_number`, `seat_type_id`) VALUES (271, 14, 'C', 1, 3);
INSERT INTO `seat` (`seat_id`, `layout_id`, `row_label`, `col_number`, `seat_type_id`) VALUES (272, 14, 'C', 2, 5);
INSERT INTO `seat` (`seat_id`, `layout_id`, `row_label`, `col_number`, `seat_type_id`) VALUES (273, 14, 'C', 3, 3);
INSERT INTO `seat` (`seat_id`, `layout_id`, `row_label`, `col_number`, `seat_type_id`) VALUES (274, 14, 'C', 4, 4);
INSERT INTO `seat` (`seat_id`, `layout_id`, `row_label`, `col_number`, `seat_type_id`) VALUES (275, 14, 'C', 5, 3);
INSERT INTO `seat` (`seat_id`, `layout_id`, `row_label`, `col_number`, `seat_type_id`) VALUES (276, 14, 'D', 1, 4);
INSERT INTO `seat` (`seat_id`, `layout_id`, `row_label`, `col_number`, `seat_type_id`) VALUES (277, 14, 'D', 2, 3);
INSERT INTO `seat` (`seat_id`, `layout_id`, `row_label`, `col_number`, `seat_type_id`) VALUES (278, 14, 'D', 3, 5);
INSERT INTO `seat` (`seat_id`, `layout_id`, `row_label`, `col_number`, `seat_type_id`) VALUES (279, 14, 'D', 4, 2);
INSERT INTO `seat` (`seat_id`, `layout_id`, `row_label`, `col_number`, `seat_type_id`) VALUES (280, 14, 'D', 5, 2);
INSERT INTO `seat` (`seat_id`, `layout_id`, `row_label`, `col_number`, `seat_type_id`) VALUES (281, 15, 'A', 1, 4);
INSERT INTO `seat` (`seat_id`, `layout_id`, `row_label`, `col_number`, `seat_type_id`) VALUES (282, 15, 'A', 2, 4);
INSERT INTO `seat` (`seat_id`, `layout_id`, `row_label`, `col_number`, `seat_type_id`) VALUES (283, 15, 'A', 3, 2);
INSERT INTO `seat` (`seat_id`, `layout_id`, `row_label`, `col_number`, `seat_type_id`) VALUES (284, 15, 'A', 4, 5);
INSERT INTO `seat` (`seat_id`, `layout_id`, `row_label`, `col_number`, `seat_type_id`) VALUES (285, 15, 'A', 5, 5);
INSERT INTO `seat` (`seat_id`, `layout_id`, `row_label`, `col_number`, `seat_type_id`) VALUES (286, 15, 'B', 1, 3);
INSERT INTO `seat` (`seat_id`, `layout_id`, `row_label`, `col_number`, `seat_type_id`) VALUES (287, 15, 'B', 2, 4);
INSERT INTO `seat` (`seat_id`, `layout_id`, `row_label`, `col_number`, `seat_type_id`) VALUES (288, 15, 'B', 3, 5);
INSERT INTO `seat` (`seat_id`, `layout_id`, `row_label`, `col_number`, `seat_type_id`) VALUES (289, 15, 'B', 4, 1);
INSERT INTO `seat` (`seat_id`, `layout_id`, `row_label`, `col_number`, `seat_type_id`) VALUES (290, 15, 'B', 5, 3);
INSERT INTO `seat` (`seat_id`, `layout_id`, `row_label`, `col_number`, `seat_type_id`) VALUES (291, 15, 'C', 1, 3);
INSERT INTO `seat` (`seat_id`, `layout_id`, `row_label`, `col_number`, `seat_type_id`) VALUES (292, 15, 'C', 2, 2);
INSERT INTO `seat` (`seat_id`, `layout_id`, `row_label`, `col_number`, `seat_type_id`) VALUES (293, 15, 'C', 3, 4);
INSERT INTO `seat` (`seat_id`, `layout_id`, `row_label`, `col_number`, `seat_type_id`) VALUES (294, 15, 'C', 4, 5);
INSERT INTO `seat` (`seat_id`, `layout_id`, `row_label`, `col_number`, `seat_type_id`) VALUES (295, 15, 'C', 5, 5);
INSERT INTO `seat` (`seat_id`, `layout_id`, `row_label`, `col_number`, `seat_type_id`) VALUES (296, 15, 'D', 1, 3);
INSERT INTO `seat` (`seat_id`, `layout_id`, `row_label`, `col_number`, `seat_type_id`) VALUES (297, 15, 'D', 2, 4);
INSERT INTO `seat` (`seat_id`, `layout_id`, `row_label`, `col_number`, `seat_type_id`) VALUES (298, 15, 'D', 3, 4);
INSERT INTO `seat` (`seat_id`, `layout_id`, `row_label`, `col_number`, `seat_type_id`) VALUES (299, 15, 'D', 4, 4);
INSERT INTO `seat` (`seat_id`, `layout_id`, `row_label`, `col_number`, `seat_type_id`) VALUES (300, 15, 'D', 5, 2);
INSERT INTO `seat` (`seat_id`, `layout_id`, `row_label`, `col_number`, `seat_type_id`) VALUES (301, 16, 'A', 1, 5);
INSERT INTO `seat` (`seat_id`, `layout_id`, `row_label`, `col_number`, `seat_type_id`) VALUES (302, 16, 'A', 2, 4);
INSERT INTO `seat` (`seat_id`, `layout_id`, `row_label`, `col_number`, `seat_type_id`) VALUES (303, 16, 'A', 3, 2);
INSERT INTO `seat` (`seat_id`, `layout_id`, `row_label`, `col_number`, `seat_type_id`) VALUES (304, 16, 'A', 4, 1);
INSERT INTO `seat` (`seat_id`, `layout_id`, `row_label`, `col_number`, `seat_type_id`) VALUES (305, 16, 'A', 5, 3);
INSERT INTO `seat` (`seat_id`, `layout_id`, `row_label`, `col_number`, `seat_type_id`) VALUES (306, 16, 'B', 1, 5);
INSERT INTO `seat` (`seat_id`, `layout_id`, `row_label`, `col_number`, `seat_type_id`) VALUES (307, 16, 'B', 2, 5);
INSERT INTO `seat` (`seat_id`, `layout_id`, `row_label`, `col_number`, `seat_type_id`) VALUES (308, 16, 'B', 3, 3);
INSERT INTO `seat` (`seat_id`, `layout_id`, `row_label`, `col_number`, `seat_type_id`) VALUES (309, 16, 'B', 4, 1);
INSERT INTO `seat` (`seat_id`, `layout_id`, `row_label`, `col_number`, `seat_type_id`) VALUES (310, 16, 'B', 5, 2);
INSERT INTO `seat` (`seat_id`, `layout_id`, `row_label`, `col_number`, `seat_type_id`) VALUES (311, 16, 'C', 1, 3);
INSERT INTO `seat` (`seat_id`, `layout_id`, `row_label`, `col_number`, `seat_type_id`) VALUES (312, 16, 'C', 2, 2);
INSERT INTO `seat` (`seat_id`, `layout_id`, `row_label`, `col_number`, `seat_type_id`) VALUES (313, 16, 'C', 3, 2);
INSERT INTO `seat` (`seat_id`, `layout_id`, `row_label`, `col_number`, `seat_type_id`) VALUES (314, 16, 'C', 4, 2);
INSERT INTO `seat` (`seat_id`, `layout_id`, `row_label`, `col_number`, `seat_type_id`) VALUES (315, 16, 'C', 5, 1);
INSERT INTO `seat` (`seat_id`, `layout_id`, `row_label`, `col_number`, `seat_type_id`) VALUES (316, 16, 'D', 1, 1);
INSERT INTO `seat` (`seat_id`, `layout_id`, `row_label`, `col_number`, `seat_type_id`) VALUES (317, 16, 'D', 2, 2);
INSERT INTO `seat` (`seat_id`, `layout_id`, `row_label`, `col_number`, `seat_type_id`) VALUES (318, 16, 'D', 3, 4);
INSERT INTO `seat` (`seat_id`, `layout_id`, `row_label`, `col_number`, `seat_type_id`) VALUES (319, 16, 'D', 4, 5);
INSERT INTO `seat` (`seat_id`, `layout_id`, `row_label`, `col_number`, `seat_type_id`) VALUES (320, 16, 'D', 5, 1);
INSERT INTO `seat` (`seat_id`, `layout_id`, `row_label`, `col_number`, `seat_type_id`) VALUES (321, 17, 'A', 1, 4);
INSERT INTO `seat` (`seat_id`, `layout_id`, `row_label`, `col_number`, `seat_type_id`) VALUES (322, 17, 'A', 2, 4);
INSERT INTO `seat` (`seat_id`, `layout_id`, `row_label`, `col_number`, `seat_type_id`) VALUES (323, 17, 'A', 3, 5);
INSERT INTO `seat` (`seat_id`, `layout_id`, `row_label`, `col_number`, `seat_type_id`) VALUES (324, 17, 'A', 4, 2);
INSERT INTO `seat` (`seat_id`, `layout_id`, `row_label`, `col_number`, `seat_type_id`) VALUES (325, 17, 'A', 5, 4);
INSERT INTO `seat` (`seat_id`, `layout_id`, `row_label`, `col_number`, `seat_type_id`) VALUES (326, 17, 'B', 1, 4);
INSERT INTO `seat` (`seat_id`, `layout_id`, `row_label`, `col_number`, `seat_type_id`) VALUES (327, 17, 'B', 2, 4);
INSERT INTO `seat` (`seat_id`, `layout_id`, `row_label`, `col_number`, `seat_type_id`) VALUES (328, 17, 'B', 3, 2);
INSERT INTO `seat` (`seat_id`, `layout_id`, `row_label`, `col_number`, `seat_type_id`) VALUES (329, 17, 'B', 4, 2);
INSERT INTO `seat` (`seat_id`, `layout_id`, `row_label`, `col_number`, `seat_type_id`) VALUES (330, 17, 'B', 5, 1);
INSERT INTO `seat` (`seat_id`, `layout_id`, `row_label`, `col_number`, `seat_type_id`) VALUES (331, 17, 'C', 1, 1);
INSERT INTO `seat` (`seat_id`, `layout_id`, `row_label`, `col_number`, `seat_type_id`) VALUES (332, 17, 'C', 2, 4);
INSERT INTO `seat` (`seat_id`, `layout_id`, `row_label`, `col_number`, `seat_type_id`) VALUES (333, 17, 'C', 3, 2);
INSERT INTO `seat` (`seat_id`, `layout_id`, `row_label`, `col_number`, `seat_type_id`) VALUES (334, 17, 'C', 4, 2);
INSERT INTO `seat` (`seat_id`, `layout_id`, `row_label`, `col_number`, `seat_type_id`) VALUES (335, 17, 'C', 5, 5);
INSERT INTO `seat` (`seat_id`, `layout_id`, `row_label`, `col_number`, `seat_type_id`) VALUES (336, 17, 'D', 1, 4);
INSERT INTO `seat` (`seat_id`, `layout_id`, `row_label`, `col_number`, `seat_type_id`) VALUES (337, 17, 'D', 2, 1);
INSERT INTO `seat` (`seat_id`, `layout_id`, `row_label`, `col_number`, `seat_type_id`) VALUES (338, 17, 'D', 3, 5);
INSERT INTO `seat` (`seat_id`, `layout_id`, `row_label`, `col_number`, `seat_type_id`) VALUES (339, 17, 'D', 4, 2);
INSERT INTO `seat` (`seat_id`, `layout_id`, `row_label`, `col_number`, `seat_type_id`) VALUES (340, 17, 'D', 5, 1);
INSERT INTO `seat` (`seat_id`, `layout_id`, `row_label`, `col_number`, `seat_type_id`) VALUES (341, 18, 'A', 1, 4);
INSERT INTO `seat` (`seat_id`, `layout_id`, `row_label`, `col_number`, `seat_type_id`) VALUES (342, 18, 'A', 2, 2);
INSERT INTO `seat` (`seat_id`, `layout_id`, `row_label`, `col_number`, `seat_type_id`) VALUES (343, 18, 'A', 3, 4);
INSERT INTO `seat` (`seat_id`, `layout_id`, `row_label`, `col_number`, `seat_type_id`) VALUES (344, 18, 'A', 4, 5);
INSERT INTO `seat` (`seat_id`, `layout_id`, `row_label`, `col_number`, `seat_type_id`) VALUES (345, 18, 'A', 5, 5);
INSERT INTO `seat` (`seat_id`, `layout_id`, `row_label`, `col_number`, `seat_type_id`) VALUES (346, 18, 'B', 1, 5);
INSERT INTO `seat` (`seat_id`, `layout_id`, `row_label`, `col_number`, `seat_type_id`) VALUES (347, 18, 'B', 2, 3);
INSERT INTO `seat` (`seat_id`, `layout_id`, `row_label`, `col_number`, `seat_type_id`) VALUES (348, 18, 'B', 3, 4);
INSERT INTO `seat` (`seat_id`, `layout_id`, `row_label`, `col_number`, `seat_type_id`) VALUES (349, 18, 'B', 4, 5);
INSERT INTO `seat` (`seat_id`, `layout_id`, `row_label`, `col_number`, `seat_type_id`) VALUES (350, 18, 'B', 5, 5);
INSERT INTO `seat` (`seat_id`, `layout_id`, `row_label`, `col_number`, `seat_type_id`) VALUES (351, 18, 'C', 1, 4);
INSERT INTO `seat` (`seat_id`, `layout_id`, `row_label`, `col_number`, `seat_type_id`) VALUES (352, 18, 'C', 2, 5);
INSERT INTO `seat` (`seat_id`, `layout_id`, `row_label`, `col_number`, `seat_type_id`) VALUES (353, 18, 'C', 3, 4);
INSERT INTO `seat` (`seat_id`, `layout_id`, `row_label`, `col_number`, `seat_type_id`) VALUES (354, 18, 'C', 4, 2);
INSERT INTO `seat` (`seat_id`, `layout_id`, `row_label`, `col_number`, `seat_type_id`) VALUES (355, 18, 'C', 5, 4);
INSERT INTO `seat` (`seat_id`, `layout_id`, `row_label`, `col_number`, `seat_type_id`) VALUES (356, 18, 'D', 1, 4);
INSERT INTO `seat` (`seat_id`, `layout_id`, `row_label`, `col_number`, `seat_type_id`) VALUES (357, 18, 'D', 2, 3);
INSERT INTO `seat` (`seat_id`, `layout_id`, `row_label`, `col_number`, `seat_type_id`) VALUES (358, 18, 'D', 3, 2);
INSERT INTO `seat` (`seat_id`, `layout_id`, `row_label`, `col_number`, `seat_type_id`) VALUES (359, 18, 'D', 4, 3);
INSERT INTO `seat` (`seat_id`, `layout_id`, `row_label`, `col_number`, `seat_type_id`) VALUES (360, 18, 'D', 5, 5);
INSERT INTO `seat` (`seat_id`, `layout_id`, `row_label`, `col_number`, `seat_type_id`) VALUES (361, 19, 'A', 1, 4);
INSERT INTO `seat` (`seat_id`, `layout_id`, `row_label`, `col_number`, `seat_type_id`) VALUES (362, 19, 'A', 2, 2);
INSERT INTO `seat` (`seat_id`, `layout_id`, `row_label`, `col_number`, `seat_type_id`) VALUES (363, 19, 'A', 3, 3);
INSERT INTO `seat` (`seat_id`, `layout_id`, `row_label`, `col_number`, `seat_type_id`) VALUES (364, 19, 'A', 4, 4);
INSERT INTO `seat` (`seat_id`, `layout_id`, `row_label`, `col_number`, `seat_type_id`) VALUES (365, 19, 'A', 5, 1);
INSERT INTO `seat` (`seat_id`, `layout_id`, `row_label`, `col_number`, `seat_type_id`) VALUES (366, 19, 'B', 1, 3);
INSERT INTO `seat` (`seat_id`, `layout_id`, `row_label`, `col_number`, `seat_type_id`) VALUES (367, 19, 'B', 2, 2);
INSERT INTO `seat` (`seat_id`, `layout_id`, `row_label`, `col_number`, `seat_type_id`) VALUES (368, 19, 'B', 3, 3);
INSERT INTO `seat` (`seat_id`, `layout_id`, `row_label`, `col_number`, `seat_type_id`) VALUES (369, 19, 'B', 4, 3);
INSERT INTO `seat` (`seat_id`, `layout_id`, `row_label`, `col_number`, `seat_type_id`) VALUES (370, 19, 'B', 5, 3);
INSERT INTO `seat` (`seat_id`, `layout_id`, `row_label`, `col_number`, `seat_type_id`) VALUES (371, 19, 'C', 1, 5);
INSERT INTO `seat` (`seat_id`, `layout_id`, `row_label`, `col_number`, `seat_type_id`) VALUES (372, 19, 'C', 2, 1);
INSERT INTO `seat` (`seat_id`, `layout_id`, `row_label`, `col_number`, `seat_type_id`) VALUES (373, 19, 'C', 3, 2);
INSERT INTO `seat` (`seat_id`, `layout_id`, `row_label`, `col_number`, `seat_type_id`) VALUES (374, 19, 'C', 4, 2);
INSERT INTO `seat` (`seat_id`, `layout_id`, `row_label`, `col_number`, `seat_type_id`) VALUES (375, 19, 'C', 5, 2);
INSERT INTO `seat` (`seat_id`, `layout_id`, `row_label`, `col_number`, `seat_type_id`) VALUES (376, 19, 'D', 1, 4);
INSERT INTO `seat` (`seat_id`, `layout_id`, `row_label`, `col_number`, `seat_type_id`) VALUES (377, 19, 'D', 2, 2);
INSERT INTO `seat` (`seat_id`, `layout_id`, `row_label`, `col_number`, `seat_type_id`) VALUES (378, 19, 'D', 3, 2);
INSERT INTO `seat` (`seat_id`, `layout_id`, `row_label`, `col_number`, `seat_type_id`) VALUES (379, 19, 'D', 4, 1);
INSERT INTO `seat` (`seat_id`, `layout_id`, `row_label`, `col_number`, `seat_type_id`) VALUES (380, 19, 'D', 5, 4);
INSERT INTO `seat` (`seat_id`, `layout_id`, `row_label`, `col_number`, `seat_type_id`) VALUES (381, 20, 'A', 1, 4);
INSERT INTO `seat` (`seat_id`, `layout_id`, `row_label`, `col_number`, `seat_type_id`) VALUES (382, 20, 'A', 2, 3);
INSERT INTO `seat` (`seat_id`, `layout_id`, `row_label`, `col_number`, `seat_type_id`) VALUES (383, 20, 'A', 3, 5);
INSERT INTO `seat` (`seat_id`, `layout_id`, `row_label`, `col_number`, `seat_type_id`) VALUES (384, 20, 'A', 4, 4);
INSERT INTO `seat` (`seat_id`, `layout_id`, `row_label`, `col_number`, `seat_type_id`) VALUES (385, 20, 'A', 5, 4);
INSERT INTO `seat` (`seat_id`, `layout_id`, `row_label`, `col_number`, `seat_type_id`) VALUES (386, 20, 'B', 1, 1);
INSERT INTO `seat` (`seat_id`, `layout_id`, `row_label`, `col_number`, `seat_type_id`) VALUES (387, 20, 'B', 2, 2);
INSERT INTO `seat` (`seat_id`, `layout_id`, `row_label`, `col_number`, `seat_type_id`) VALUES (388, 20, 'B', 3, 4);
INSERT INTO `seat` (`seat_id`, `layout_id`, `row_label`, `col_number`, `seat_type_id`) VALUES (389, 20, 'B', 4, 4);
INSERT INTO `seat` (`seat_id`, `layout_id`, `row_label`, `col_number`, `seat_type_id`) VALUES (390, 20, 'B', 5, 5);
INSERT INTO `seat` (`seat_id`, `layout_id`, `row_label`, `col_number`, `seat_type_id`) VALUES (391, 20, 'C', 1, 1);
INSERT INTO `seat` (`seat_id`, `layout_id`, `row_label`, `col_number`, `seat_type_id`) VALUES (392, 20, 'C', 2, 5);
INSERT INTO `seat` (`seat_id`, `layout_id`, `row_label`, `col_number`, `seat_type_id`) VALUES (393, 20, 'C', 3, 4);
INSERT INTO `seat` (`seat_id`, `layout_id`, `row_label`, `col_number`, `seat_type_id`) VALUES (394, 20, 'C', 4, 4);
INSERT INTO `seat` (`seat_id`, `layout_id`, `row_label`, `col_number`, `seat_type_id`) VALUES (395, 20, 'C', 5, 1);
INSERT INTO `seat` (`seat_id`, `layout_id`, `row_label`, `col_number`, `seat_type_id`) VALUES (396, 20, 'D', 1, 3);
INSERT INTO `seat` (`seat_id`, `layout_id`, `row_label`, `col_number`, `seat_type_id`) VALUES (397, 20, 'D', 2, 3);
INSERT INTO `seat` (`seat_id`, `layout_id`, `row_label`, `col_number`, `seat_type_id`) VALUES (398, 20, 'D', 3, 4);
INSERT INTO `seat` (`seat_id`, `layout_id`, `row_label`, `col_number`, `seat_type_id`) VALUES (399, 20, 'D', 4, 4);
INSERT INTO `seat` (`seat_id`, `layout_id`, `row_label`, `col_number`, `seat_type_id`) VALUES (400, 20, 'D', 5, 5);
INSERT INTO `seat` (`seat_id`, `layout_id`, `row_label`, `col_number`, `seat_type_id`) VALUES (401, 21, 'A', 1, 5);
INSERT INTO `seat` (`seat_id`, `layout_id`, `row_label`, `col_number`, `seat_type_id`) VALUES (402, 21, 'A', 2, 5);
INSERT INTO `seat` (`seat_id`, `layout_id`, `row_label`, `col_number`, `seat_type_id`) VALUES (403, 21, 'A', 3, 2);
INSERT INTO `seat` (`seat_id`, `layout_id`, `row_label`, `col_number`, `seat_type_id`) VALUES (404, 21, 'A', 4, 4);
INSERT INTO `seat` (`seat_id`, `layout_id`, `row_label`, `col_number`, `seat_type_id`) VALUES (405, 21, 'A', 5, 2);
INSERT INTO `seat` (`seat_id`, `layout_id`, `row_label`, `col_number`, `seat_type_id`) VALUES (406, 21, 'B', 1, 3);
INSERT INTO `seat` (`seat_id`, `layout_id`, `row_label`, `col_number`, `seat_type_id`) VALUES (407, 21, 'B', 2, 4);
INSERT INTO `seat` (`seat_id`, `layout_id`, `row_label`, `col_number`, `seat_type_id`) VALUES (408, 21, 'B', 3, 4);
INSERT INTO `seat` (`seat_id`, `layout_id`, `row_label`, `col_number`, `seat_type_id`) VALUES (409, 21, 'B', 4, 1);
INSERT INTO `seat` (`seat_id`, `layout_id`, `row_label`, `col_number`, `seat_type_id`) VALUES (410, 21, 'B', 5, 4);
INSERT INTO `seat` (`seat_id`, `layout_id`, `row_label`, `col_number`, `seat_type_id`) VALUES (411, 21, 'C', 1, 3);
INSERT INTO `seat` (`seat_id`, `layout_id`, `row_label`, `col_number`, `seat_type_id`) VALUES (412, 21, 'C', 2, 4);
INSERT INTO `seat` (`seat_id`, `layout_id`, `row_label`, `col_number`, `seat_type_id`) VALUES (413, 21, 'C', 3, 2);
INSERT INTO `seat` (`seat_id`, `layout_id`, `row_label`, `col_number`, `seat_type_id`) VALUES (414, 21, 'C', 4, 4);
INSERT INTO `seat` (`seat_id`, `layout_id`, `row_label`, `col_number`, `seat_type_id`) VALUES (415, 21, 'C', 5, 2);
INSERT INTO `seat` (`seat_id`, `layout_id`, `row_label`, `col_number`, `seat_type_id`) VALUES (416, 21, 'D', 1, 5);
INSERT INTO `seat` (`seat_id`, `layout_id`, `row_label`, `col_number`, `seat_type_id`) VALUES (417, 21, 'D', 2, 5);
INSERT INTO `seat` (`seat_id`, `layout_id`, `row_label`, `col_number`, `seat_type_id`) VALUES (418, 21, 'D', 3, 1);
INSERT INTO `seat` (`seat_id`, `layout_id`, `row_label`, `col_number`, `seat_type_id`) VALUES (419, 21, 'D', 4, 4);
INSERT INTO `seat` (`seat_id`, `layout_id`, `row_label`, `col_number`, `seat_type_id`) VALUES (420, 21, 'D', 5, 5);
INSERT INTO `seat` (`seat_id`, `layout_id`, `row_label`, `col_number`, `seat_type_id`) VALUES (421, 22, 'A', 1, 5);
INSERT INTO `seat` (`seat_id`, `layout_id`, `row_label`, `col_number`, `seat_type_id`) VALUES (422, 22, 'A', 2, 1);
INSERT INTO `seat` (`seat_id`, `layout_id`, `row_label`, `col_number`, `seat_type_id`) VALUES (423, 22, 'A', 3, 1);
INSERT INTO `seat` (`seat_id`, `layout_id`, `row_label`, `col_number`, `seat_type_id`) VALUES (424, 22, 'A', 4, 4);
INSERT INTO `seat` (`seat_id`, `layout_id`, `row_label`, `col_number`, `seat_type_id`) VALUES (425, 22, 'A', 5, 2);
INSERT INTO `seat` (`seat_id`, `layout_id`, `row_label`, `col_number`, `seat_type_id`) VALUES (426, 22, 'B', 1, 4);
INSERT INTO `seat` (`seat_id`, `layout_id`, `row_label`, `col_number`, `seat_type_id`) VALUES (427, 22, 'B', 2, 2);
INSERT INTO `seat` (`seat_id`, `layout_id`, `row_label`, `col_number`, `seat_type_id`) VALUES (428, 22, 'B', 3, 1);
INSERT INTO `seat` (`seat_id`, `layout_id`, `row_label`, `col_number`, `seat_type_id`) VALUES (429, 22, 'B', 4, 3);
INSERT INTO `seat` (`seat_id`, `layout_id`, `row_label`, `col_number`, `seat_type_id`) VALUES (430, 22, 'B', 5, 4);
INSERT INTO `seat` (`seat_id`, `layout_id`, `row_label`, `col_number`, `seat_type_id`) VALUES (431, 22, 'C', 1, 3);
INSERT INTO `seat` (`seat_id`, `layout_id`, `row_label`, `col_number`, `seat_type_id`) VALUES (432, 22, 'C', 2, 2);
INSERT INTO `seat` (`seat_id`, `layout_id`, `row_label`, `col_number`, `seat_type_id`) VALUES (433, 22, 'C', 3, 4);
INSERT INTO `seat` (`seat_id`, `layout_id`, `row_label`, `col_number`, `seat_type_id`) VALUES (434, 22, 'C', 4, 3);
INSERT INTO `seat` (`seat_id`, `layout_id`, `row_label`, `col_number`, `seat_type_id`) VALUES (435, 22, 'C', 5, 3);
INSERT INTO `seat` (`seat_id`, `layout_id`, `row_label`, `col_number`, `seat_type_id`) VALUES (436, 22, 'D', 1, 4);
INSERT INTO `seat` (`seat_id`, `layout_id`, `row_label`, `col_number`, `seat_type_id`) VALUES (437, 22, 'D', 2, 3);
INSERT INTO `seat` (`seat_id`, `layout_id`, `row_label`, `col_number`, `seat_type_id`) VALUES (438, 22, 'D', 3, 4);
INSERT INTO `seat` (`seat_id`, `layout_id`, `row_label`, `col_number`, `seat_type_id`) VALUES (439, 22, 'D', 4, 3);
INSERT INTO `seat` (`seat_id`, `layout_id`, `row_label`, `col_number`, `seat_type_id`) VALUES (440, 22, 'D', 5, 1);
INSERT INTO `seat` (`seat_id`, `layout_id`, `row_label`, `col_number`, `seat_type_id`) VALUES (441, 23, 'A', 1, 4);
INSERT INTO `seat` (`seat_id`, `layout_id`, `row_label`, `col_number`, `seat_type_id`) VALUES (442, 23, 'A', 2, 1);
INSERT INTO `seat` (`seat_id`, `layout_id`, `row_label`, `col_number`, `seat_type_id`) VALUES (443, 23, 'A', 3, 5);
INSERT INTO `seat` (`seat_id`, `layout_id`, `row_label`, `col_number`, `seat_type_id`) VALUES (444, 23, 'A', 4, 1);
INSERT INTO `seat` (`seat_id`, `layout_id`, `row_label`, `col_number`, `seat_type_id`) VALUES (445, 23, 'A', 5, 3);
INSERT INTO `seat` (`seat_id`, `layout_id`, `row_label`, `col_number`, `seat_type_id`) VALUES (446, 23, 'B', 1, 2);
INSERT INTO `seat` (`seat_id`, `layout_id`, `row_label`, `col_number`, `seat_type_id`) VALUES (447, 23, 'B', 2, 1);
INSERT INTO `seat` (`seat_id`, `layout_id`, `row_label`, `col_number`, `seat_type_id`) VALUES (448, 23, 'B', 3, 1);
INSERT INTO `seat` (`seat_id`, `layout_id`, `row_label`, `col_number`, `seat_type_id`) VALUES (449, 23, 'B', 4, 1);
INSERT INTO `seat` (`seat_id`, `layout_id`, `row_label`, `col_number`, `seat_type_id`) VALUES (450, 23, 'B', 5, 2);
INSERT INTO `seat` (`seat_id`, `layout_id`, `row_label`, `col_number`, `seat_type_id`) VALUES (451, 23, 'C', 1, 2);
INSERT INTO `seat` (`seat_id`, `layout_id`, `row_label`, `col_number`, `seat_type_id`) VALUES (452, 23, 'C', 2, 1);
INSERT INTO `seat` (`seat_id`, `layout_id`, `row_label`, `col_number`, `seat_type_id`) VALUES (453, 23, 'C', 3, 5);
INSERT INTO `seat` (`seat_id`, `layout_id`, `row_label`, `col_number`, `seat_type_id`) VALUES (454, 23, 'C', 4, 2);
INSERT INTO `seat` (`seat_id`, `layout_id`, `row_label`, `col_number`, `seat_type_id`) VALUES (455, 23, 'C', 5, 2);
INSERT INTO `seat` (`seat_id`, `layout_id`, `row_label`, `col_number`, `seat_type_id`) VALUES (456, 23, 'D', 1, 2);
INSERT INTO `seat` (`seat_id`, `layout_id`, `row_label`, `col_number`, `seat_type_id`) VALUES (457, 23, 'D', 2, 4);
INSERT INTO `seat` (`seat_id`, `layout_id`, `row_label`, `col_number`, `seat_type_id`) VALUES (458, 23, 'D', 3, 1);
INSERT INTO `seat` (`seat_id`, `layout_id`, `row_label`, `col_number`, `seat_type_id`) VALUES (459, 23, 'D', 4, 5);
INSERT INTO `seat` (`seat_id`, `layout_id`, `row_label`, `col_number`, `seat_type_id`) VALUES (460, 23, 'D', 5, 2);
INSERT INTO `seat` (`seat_id`, `layout_id`, `row_label`, `col_number`, `seat_type_id`) VALUES (461, 24, 'A', 1, 4);
INSERT INTO `seat` (`seat_id`, `layout_id`, `row_label`, `col_number`, `seat_type_id`) VALUES (462, 24, 'A', 2, 3);
INSERT INTO `seat` (`seat_id`, `layout_id`, `row_label`, `col_number`, `seat_type_id`) VALUES (463, 24, 'A', 3, 3);
INSERT INTO `seat` (`seat_id`, `layout_id`, `row_label`, `col_number`, `seat_type_id`) VALUES (464, 24, 'A', 4, 2);
INSERT INTO `seat` (`seat_id`, `layout_id`, `row_label`, `col_number`, `seat_type_id`) VALUES (465, 24, 'A', 5, 5);
INSERT INTO `seat` (`seat_id`, `layout_id`, `row_label`, `col_number`, `seat_type_id`) VALUES (466, 24, 'B', 1, 5);
INSERT INTO `seat` (`seat_id`, `layout_id`, `row_label`, `col_number`, `seat_type_id`) VALUES (467, 24, 'B', 2, 1);
INSERT INTO `seat` (`seat_id`, `layout_id`, `row_label`, `col_number`, `seat_type_id`) VALUES (468, 24, 'B', 3, 2);
INSERT INTO `seat` (`seat_id`, `layout_id`, `row_label`, `col_number`, `seat_type_id`) VALUES (469, 24, 'B', 4, 3);
INSERT INTO `seat` (`seat_id`, `layout_id`, `row_label`, `col_number`, `seat_type_id`) VALUES (470, 24, 'B', 5, 1);
INSERT INTO `seat` (`seat_id`, `layout_id`, `row_label`, `col_number`, `seat_type_id`) VALUES (471, 24, 'C', 1, 5);
INSERT INTO `seat` (`seat_id`, `layout_id`, `row_label`, `col_number`, `seat_type_id`) VALUES (472, 24, 'C', 2, 1);
INSERT INTO `seat` (`seat_id`, `layout_id`, `row_label`, `col_number`, `seat_type_id`) VALUES (473, 24, 'C', 3, 3);
INSERT INTO `seat` (`seat_id`, `layout_id`, `row_label`, `col_number`, `seat_type_id`) VALUES (474, 24, 'C', 4, 5);
INSERT INTO `seat` (`seat_id`, `layout_id`, `row_label`, `col_number`, `seat_type_id`) VALUES (475, 24, 'C', 5, 4);
INSERT INTO `seat` (`seat_id`, `layout_id`, `row_label`, `col_number`, `seat_type_id`) VALUES (476, 24, 'D', 1, 4);
INSERT INTO `seat` (`seat_id`, `layout_id`, `row_label`, `col_number`, `seat_type_id`) VALUES (477, 24, 'D', 2, 2);
INSERT INTO `seat` (`seat_id`, `layout_id`, `row_label`, `col_number`, `seat_type_id`) VALUES (478, 24, 'D', 3, 1);
INSERT INTO `seat` (`seat_id`, `layout_id`, `row_label`, `col_number`, `seat_type_id`) VALUES (479, 24, 'D', 4, 5);
INSERT INTO `seat` (`seat_id`, `layout_id`, `row_label`, `col_number`, `seat_type_id`) VALUES (480, 24, 'D', 5, 2);
INSERT INTO `seat` (`seat_id`, `layout_id`, `row_label`, `col_number`, `seat_type_id`) VALUES (481, 25, 'A', 1, 1);
INSERT INTO `seat` (`seat_id`, `layout_id`, `row_label`, `col_number`, `seat_type_id`) VALUES (482, 25, 'A', 2, 3);
INSERT INTO `seat` (`seat_id`, `layout_id`, `row_label`, `col_number`, `seat_type_id`) VALUES (483, 25, 'A', 3, 5);
INSERT INTO `seat` (`seat_id`, `layout_id`, `row_label`, `col_number`, `seat_type_id`) VALUES (484, 25, 'A', 4, 1);
INSERT INTO `seat` (`seat_id`, `layout_id`, `row_label`, `col_number`, `seat_type_id`) VALUES (485, 25, 'A', 5, 5);
INSERT INTO `seat` (`seat_id`, `layout_id`, `row_label`, `col_number`, `seat_type_id`) VALUES (486, 25, 'B', 1, 1);
INSERT INTO `seat` (`seat_id`, `layout_id`, `row_label`, `col_number`, `seat_type_id`) VALUES (487, 25, 'B', 2, 3);
INSERT INTO `seat` (`seat_id`, `layout_id`, `row_label`, `col_number`, `seat_type_id`) VALUES (488, 25, 'B', 3, 5);
INSERT INTO `seat` (`seat_id`, `layout_id`, `row_label`, `col_number`, `seat_type_id`) VALUES (489, 25, 'B', 4, 4);
INSERT INTO `seat` (`seat_id`, `layout_id`, `row_label`, `col_number`, `seat_type_id`) VALUES (490, 25, 'B', 5, 3);
INSERT INTO `seat` (`seat_id`, `layout_id`, `row_label`, `col_number`, `seat_type_id`) VALUES (491, 25, 'C', 1, 1);
INSERT INTO `seat` (`seat_id`, `layout_id`, `row_label`, `col_number`, `seat_type_id`) VALUES (492, 25, 'C', 2, 5);
INSERT INTO `seat` (`seat_id`, `layout_id`, `row_label`, `col_number`, `seat_type_id`) VALUES (493, 25, 'C', 3, 3);
INSERT INTO `seat` (`seat_id`, `layout_id`, `row_label`, `col_number`, `seat_type_id`) VALUES (494, 25, 'C', 4, 1);
INSERT INTO `seat` (`seat_id`, `layout_id`, `row_label`, `col_number`, `seat_type_id`) VALUES (495, 25, 'C', 5, 4);
INSERT INTO `seat` (`seat_id`, `layout_id`, `row_label`, `col_number`, `seat_type_id`) VALUES (496, 25, 'D', 1, 4);
INSERT INTO `seat` (`seat_id`, `layout_id`, `row_label`, `col_number`, `seat_type_id`) VALUES (497, 25, 'D', 2, 1);
INSERT INTO `seat` (`seat_id`, `layout_id`, `row_label`, `col_number`, `seat_type_id`) VALUES (498, 25, 'D', 3, 4);
INSERT INTO `seat` (`seat_id`, `layout_id`, `row_label`, `col_number`, `seat_type_id`) VALUES (499, 25, 'D', 4, 3);
INSERT INTO `seat` (`seat_id`, `layout_id`, `row_label`, `col_number`, `seat_type_id`) VALUES (500, 25, 'D', 5, 4);
INSERT INTO `seat` (`seat_id`, `layout_id`, `row_label`, `col_number`, `seat_type_id`) VALUES (501, 26, 'A', 1, 2);
INSERT INTO `seat` (`seat_id`, `layout_id`, `row_label`, `col_number`, `seat_type_id`) VALUES (502, 26, 'A', 2, 4);
INSERT INTO `seat` (`seat_id`, `layout_id`, `row_label`, `col_number`, `seat_type_id`) VALUES (503, 26, 'A', 3, 2);
INSERT INTO `seat` (`seat_id`, `layout_id`, `row_label`, `col_number`, `seat_type_id`) VALUES (504, 26, 'A', 4, 5);
INSERT INTO `seat` (`seat_id`, `layout_id`, `row_label`, `col_number`, `seat_type_id`) VALUES (505, 26, 'A', 5, 3);
INSERT INTO `seat` (`seat_id`, `layout_id`, `row_label`, `col_number`, `seat_type_id`) VALUES (506, 26, 'B', 1, 5);
INSERT INTO `seat` (`seat_id`, `layout_id`, `row_label`, `col_number`, `seat_type_id`) VALUES (507, 26, 'B', 2, 5);
INSERT INTO `seat` (`seat_id`, `layout_id`, `row_label`, `col_number`, `seat_type_id`) VALUES (508, 26, 'B', 3, 4);
INSERT INTO `seat` (`seat_id`, `layout_id`, `row_label`, `col_number`, `seat_type_id`) VALUES (509, 26, 'B', 4, 4);
INSERT INTO `seat` (`seat_id`, `layout_id`, `row_label`, `col_number`, `seat_type_id`) VALUES (510, 26, 'B', 5, 4);
INSERT INTO `seat` (`seat_id`, `layout_id`, `row_label`, `col_number`, `seat_type_id`) VALUES (511, 26, 'C', 1, 5);
INSERT INTO `seat` (`seat_id`, `layout_id`, `row_label`, `col_number`, `seat_type_id`) VALUES (512, 26, 'C', 2, 3);
INSERT INTO `seat` (`seat_id`, `layout_id`, `row_label`, `col_number`, `seat_type_id`) VALUES (513, 26, 'C', 3, 3);
INSERT INTO `seat` (`seat_id`, `layout_id`, `row_label`, `col_number`, `seat_type_id`) VALUES (514, 26, 'C', 4, 2);
INSERT INTO `seat` (`seat_id`, `layout_id`, `row_label`, `col_number`, `seat_type_id`) VALUES (515, 26, 'C', 5, 1);
INSERT INTO `seat` (`seat_id`, `layout_id`, `row_label`, `col_number`, `seat_type_id`) VALUES (516, 26, 'D', 1, 3);
INSERT INTO `seat` (`seat_id`, `layout_id`, `row_label`, `col_number`, `seat_type_id`) VALUES (517, 26, 'D', 2, 4);
INSERT INTO `seat` (`seat_id`, `layout_id`, `row_label`, `col_number`, `seat_type_id`) VALUES (518, 26, 'D', 3, 2);
INSERT INTO `seat` (`seat_id`, `layout_id`, `row_label`, `col_number`, `seat_type_id`) VALUES (519, 26, 'D', 4, 4);
INSERT INTO `seat` (`seat_id`, `layout_id`, `row_label`, `col_number`, `seat_type_id`) VALUES (520, 26, 'D', 5, 5);
INSERT INTO `seat` (`seat_id`, `layout_id`, `row_label`, `col_number`, `seat_type_id`) VALUES (521, 27, 'A', 1, 5);
INSERT INTO `seat` (`seat_id`, `layout_id`, `row_label`, `col_number`, `seat_type_id`) VALUES (522, 27, 'A', 2, 4);
INSERT INTO `seat` (`seat_id`, `layout_id`, `row_label`, `col_number`, `seat_type_id`) VALUES (523, 27, 'A', 3, 3);
INSERT INTO `seat` (`seat_id`, `layout_id`, `row_label`, `col_number`, `seat_type_id`) VALUES (524, 27, 'A', 4, 1);
INSERT INTO `seat` (`seat_id`, `layout_id`, `row_label`, `col_number`, `seat_type_id`) VALUES (525, 27, 'A', 5, 4);
INSERT INTO `seat` (`seat_id`, `layout_id`, `row_label`, `col_number`, `seat_type_id`) VALUES (526, 27, 'B', 1, 3);
INSERT INTO `seat` (`seat_id`, `layout_id`, `row_label`, `col_number`, `seat_type_id`) VALUES (527, 27, 'B', 2, 2);
INSERT INTO `seat` (`seat_id`, `layout_id`, `row_label`, `col_number`, `seat_type_id`) VALUES (528, 27, 'B', 3, 4);
INSERT INTO `seat` (`seat_id`, `layout_id`, `row_label`, `col_number`, `seat_type_id`) VALUES (529, 27, 'B', 4, 2);
INSERT INTO `seat` (`seat_id`, `layout_id`, `row_label`, `col_number`, `seat_type_id`) VALUES (530, 27, 'B', 5, 3);
INSERT INTO `seat` (`seat_id`, `layout_id`, `row_label`, `col_number`, `seat_type_id`) VALUES (531, 27, 'C', 1, 3);
INSERT INTO `seat` (`seat_id`, `layout_id`, `row_label`, `col_number`, `seat_type_id`) VALUES (532, 27, 'C', 2, 3);
INSERT INTO `seat` (`seat_id`, `layout_id`, `row_label`, `col_number`, `seat_type_id`) VALUES (533, 27, 'C', 3, 3);
INSERT INTO `seat` (`seat_id`, `layout_id`, `row_label`, `col_number`, `seat_type_id`) VALUES (534, 27, 'C', 4, 5);
INSERT INTO `seat` (`seat_id`, `layout_id`, `row_label`, `col_number`, `seat_type_id`) VALUES (535, 27, 'C', 5, 3);
INSERT INTO `seat` (`seat_id`, `layout_id`, `row_label`, `col_number`, `seat_type_id`) VALUES (536, 27, 'D', 1, 5);
INSERT INTO `seat` (`seat_id`, `layout_id`, `row_label`, `col_number`, `seat_type_id`) VALUES (537, 27, 'D', 2, 1);
INSERT INTO `seat` (`seat_id`, `layout_id`, `row_label`, `col_number`, `seat_type_id`) VALUES (538, 27, 'D', 3, 5);
INSERT INTO `seat` (`seat_id`, `layout_id`, `row_label`, `col_number`, `seat_type_id`) VALUES (539, 27, 'D', 4, 2);
INSERT INTO `seat` (`seat_id`, `layout_id`, `row_label`, `col_number`, `seat_type_id`) VALUES (540, 27, 'D', 5, 1);
INSERT INTO `seat` (`seat_id`, `layout_id`, `row_label`, `col_number`, `seat_type_id`) VALUES (541, 28, 'A', 1, 2);
INSERT INTO `seat` (`seat_id`, `layout_id`, `row_label`, `col_number`, `seat_type_id`) VALUES (542, 28, 'A', 2, 4);
INSERT INTO `seat` (`seat_id`, `layout_id`, `row_label`, `col_number`, `seat_type_id`) VALUES (543, 28, 'A', 3, 4);
INSERT INTO `seat` (`seat_id`, `layout_id`, `row_label`, `col_number`, `seat_type_id`) VALUES (544, 28, 'A', 4, 5);
INSERT INTO `seat` (`seat_id`, `layout_id`, `row_label`, `col_number`, `seat_type_id`) VALUES (545, 28, 'A', 5, 2);
INSERT INTO `seat` (`seat_id`, `layout_id`, `row_label`, `col_number`, `seat_type_id`) VALUES (546, 28, 'B', 1, 4);
INSERT INTO `seat` (`seat_id`, `layout_id`, `row_label`, `col_number`, `seat_type_id`) VALUES (547, 28, 'B', 2, 4);
INSERT INTO `seat` (`seat_id`, `layout_id`, `row_label`, `col_number`, `seat_type_id`) VALUES (548, 28, 'B', 3, 4);
INSERT INTO `seat` (`seat_id`, `layout_id`, `row_label`, `col_number`, `seat_type_id`) VALUES (549, 28, 'B', 4, 1);
INSERT INTO `seat` (`seat_id`, `layout_id`, `row_label`, `col_number`, `seat_type_id`) VALUES (550, 28, 'B', 5, 1);
INSERT INTO `seat` (`seat_id`, `layout_id`, `row_label`, `col_number`, `seat_type_id`) VALUES (551, 28, 'C', 1, 3);
INSERT INTO `seat` (`seat_id`, `layout_id`, `row_label`, `col_number`, `seat_type_id`) VALUES (552, 28, 'C', 2, 2);
INSERT INTO `seat` (`seat_id`, `layout_id`, `row_label`, `col_number`, `seat_type_id`) VALUES (553, 28, 'C', 3, 4);
INSERT INTO `seat` (`seat_id`, `layout_id`, `row_label`, `col_number`, `seat_type_id`) VALUES (554, 28, 'C', 4, 2);
INSERT INTO `seat` (`seat_id`, `layout_id`, `row_label`, `col_number`, `seat_type_id`) VALUES (555, 28, 'C', 5, 3);
INSERT INTO `seat` (`seat_id`, `layout_id`, `row_label`, `col_number`, `seat_type_id`) VALUES (556, 28, 'D', 1, 5);
INSERT INTO `seat` (`seat_id`, `layout_id`, `row_label`, `col_number`, `seat_type_id`) VALUES (557, 28, 'D', 2, 3);
INSERT INTO `seat` (`seat_id`, `layout_id`, `row_label`, `col_number`, `seat_type_id`) VALUES (558, 28, 'D', 3, 4);
INSERT INTO `seat` (`seat_id`, `layout_id`, `row_label`, `col_number`, `seat_type_id`) VALUES (559, 28, 'D', 4, 5);
INSERT INTO `seat` (`seat_id`, `layout_id`, `row_label`, `col_number`, `seat_type_id`) VALUES (560, 28, 'D', 5, 5);
INSERT INTO `seat` (`seat_id`, `layout_id`, `row_label`, `col_number`, `seat_type_id`) VALUES (561, 29, 'A', 1, 3);
INSERT INTO `seat` (`seat_id`, `layout_id`, `row_label`, `col_number`, `seat_type_id`) VALUES (562, 29, 'A', 2, 4);
INSERT INTO `seat` (`seat_id`, `layout_id`, `row_label`, `col_number`, `seat_type_id`) VALUES (563, 29, 'A', 3, 5);
INSERT INTO `seat` (`seat_id`, `layout_id`, `row_label`, `col_number`, `seat_type_id`) VALUES (564, 29, 'A', 4, 3);
INSERT INTO `seat` (`seat_id`, `layout_id`, `row_label`, `col_number`, `seat_type_id`) VALUES (565, 29, 'A', 5, 3);
INSERT INTO `seat` (`seat_id`, `layout_id`, `row_label`, `col_number`, `seat_type_id`) VALUES (566, 29, 'B', 1, 4);
INSERT INTO `seat` (`seat_id`, `layout_id`, `row_label`, `col_number`, `seat_type_id`) VALUES (567, 29, 'B', 2, 3);
INSERT INTO `seat` (`seat_id`, `layout_id`, `row_label`, `col_number`, `seat_type_id`) VALUES (568, 29, 'B', 3, 3);
INSERT INTO `seat` (`seat_id`, `layout_id`, `row_label`, `col_number`, `seat_type_id`) VALUES (569, 29, 'B', 4, 3);
INSERT INTO `seat` (`seat_id`, `layout_id`, `row_label`, `col_number`, `seat_type_id`) VALUES (570, 29, 'B', 5, 2);
INSERT INTO `seat` (`seat_id`, `layout_id`, `row_label`, `col_number`, `seat_type_id`) VALUES (571, 29, 'C', 1, 1);
INSERT INTO `seat` (`seat_id`, `layout_id`, `row_label`, `col_number`, `seat_type_id`) VALUES (572, 29, 'C', 2, 2);
INSERT INTO `seat` (`seat_id`, `layout_id`, `row_label`, `col_number`, `seat_type_id`) VALUES (573, 29, 'C', 3, 3);
INSERT INTO `seat` (`seat_id`, `layout_id`, `row_label`, `col_number`, `seat_type_id`) VALUES (574, 29, 'C', 4, 1);
INSERT INTO `seat` (`seat_id`, `layout_id`, `row_label`, `col_number`, `seat_type_id`) VALUES (575, 29, 'C', 5, 5);
INSERT INTO `seat` (`seat_id`, `layout_id`, `row_label`, `col_number`, `seat_type_id`) VALUES (576, 29, 'D', 1, 2);
INSERT INTO `seat` (`seat_id`, `layout_id`, `row_label`, `col_number`, `seat_type_id`) VALUES (577, 29, 'D', 2, 2);
INSERT INTO `seat` (`seat_id`, `layout_id`, `row_label`, `col_number`, `seat_type_id`) VALUES (578, 29, 'D', 3, 2);
INSERT INTO `seat` (`seat_id`, `layout_id`, `row_label`, `col_number`, `seat_type_id`) VALUES (579, 29, 'D', 4, 4);
INSERT INTO `seat` (`seat_id`, `layout_id`, `row_label`, `col_number`, `seat_type_id`) VALUES (580, 29, 'D', 5, 3);
INSERT INTO `seat` (`seat_id`, `layout_id`, `row_label`, `col_number`, `seat_type_id`) VALUES (581, 30, 'A', 1, 5);
INSERT INTO `seat` (`seat_id`, `layout_id`, `row_label`, `col_number`, `seat_type_id`) VALUES (582, 30, 'A', 2, 5);
INSERT INTO `seat` (`seat_id`, `layout_id`, `row_label`, `col_number`, `seat_type_id`) VALUES (583, 30, 'A', 3, 5);
INSERT INTO `seat` (`seat_id`, `layout_id`, `row_label`, `col_number`, `seat_type_id`) VALUES (584, 30, 'A', 4, 3);
INSERT INTO `seat` (`seat_id`, `layout_id`, `row_label`, `col_number`, `seat_type_id`) VALUES (585, 30, 'A', 5, 1);
INSERT INTO `seat` (`seat_id`, `layout_id`, `row_label`, `col_number`, `seat_type_id`) VALUES (586, 30, 'B', 1, 2);
INSERT INTO `seat` (`seat_id`, `layout_id`, `row_label`, `col_number`, `seat_type_id`) VALUES (587, 30, 'B', 2, 3);
INSERT INTO `seat` (`seat_id`, `layout_id`, `row_label`, `col_number`, `seat_type_id`) VALUES (588, 30, 'B', 3, 2);
INSERT INTO `seat` (`seat_id`, `layout_id`, `row_label`, `col_number`, `seat_type_id`) VALUES (589, 30, 'B', 4, 3);
INSERT INTO `seat` (`seat_id`, `layout_id`, `row_label`, `col_number`, `seat_type_id`) VALUES (590, 30, 'B', 5, 2);
INSERT INTO `seat` (`seat_id`, `layout_id`, `row_label`, `col_number`, `seat_type_id`) VALUES (591, 30, 'C', 1, 3);
INSERT INTO `seat` (`seat_id`, `layout_id`, `row_label`, `col_number`, `seat_type_id`) VALUES (592, 30, 'C', 2, 1);
INSERT INTO `seat` (`seat_id`, `layout_id`, `row_label`, `col_number`, `seat_type_id`) VALUES (593, 30, 'C', 3, 5);
INSERT INTO `seat` (`seat_id`, `layout_id`, `row_label`, `col_number`, `seat_type_id`) VALUES (594, 30, 'C', 4, 2);
INSERT INTO `seat` (`seat_id`, `layout_id`, `row_label`, `col_number`, `seat_type_id`) VALUES (595, 30, 'C', 5, 3);
INSERT INTO `seat` (`seat_id`, `layout_id`, `row_label`, `col_number`, `seat_type_id`) VALUES (596, 30, 'D', 1, 1);
INSERT INTO `seat` (`seat_id`, `layout_id`, `row_label`, `col_number`, `seat_type_id`) VALUES (597, 30, 'D', 2, 1);
INSERT INTO `seat` (`seat_id`, `layout_id`, `row_label`, `col_number`, `seat_type_id`) VALUES (598, 30, 'D', 3, 5);
INSERT INTO `seat` (`seat_id`, `layout_id`, `row_label`, `col_number`, `seat_type_id`) VALUES (599, 30, 'D', 4, 3);
INSERT INTO `seat` (`seat_id`, `layout_id`, `row_label`, `col_number`, `seat_type_id`) VALUES (600, 30, 'D', 5, 2);
-- show_status
INSERT INTO `show_status` (`show_status_id`, `code`, `label`) VALUES (1, 'SCHEDULED', 'Scheduled');
INSERT INTO `show_status` (`show_status_id`, `code`, `label`) VALUES (2, 'OPEN', 'Open for booking');
INSERT INTO `show_status` (`show_status_id`, `code`, `label`) VALUES (3, 'CLOSED', 'Closed');
INSERT INTO `show_status` (`show_status_id`, `code`, `label`) VALUES (4, 'CANCELLED', 'Cancelled');
-- movie
INSERT INTO `movie` (`movie_id`, `title`, `duration_min`, `released_on`, `age_rating_id`, `distributor_id`) VALUES (1, 'Movie 1', 142, '2023-04-16', 1, 19);
INSERT INTO `movie` (`movie_id`, `title`, `duration_min`, `released_on`, `age_rating_id`, `distributor_id`) VALUES (2, 'Movie 2', 116, '2024-04-25', 4, 15);
INSERT INTO `movie` (`movie_id`, `title`, `duration_min`, `released_on`, `age_rating_id`, `distributor_id`) VALUES (3, 'Movie 3', 123, '2023-07-08', 1, 9);
INSERT INTO `movie` (`movie_id`, `title`, `duration_min`, `released_on`, `age_rating_id`, `distributor_id`) VALUES (4, 'Movie 4', 141, '2023-04-27', 1, 13);
INSERT INTO `movie` (`movie_id`, `title`, `duration_min`, `released_on`, `age_rating_id`, `distributor_id`) VALUES (5, 'Movie 5', 142, '2023-03-17', 5, 2);
INSERT INTO `movie` (`movie_id`, `title`, `duration_min`, `released_on`, `age_rating_id`, `distributor_id`) VALUES (6, 'Movie 6', 99, '2023-06-02', 5, 10);
INSERT INTO `movie` (`movie_id`, `title`, `duration_min`, `released_on`, `age_rating_id`, `distributor_id`) VALUES (7, 'Movie 7', 90, '2023-09-12', 1, 18);
INSERT INTO `movie` (`movie_id`, `title`, `duration_min`, `released_on`, `age_rating_id`, `distributor_id`) VALUES (8, 'Movie 8', 133, '2024-09-12', 5, 20);
INSERT INTO `movie` (`movie_id`, `title`, `duration_min`, `released_on`, `age_rating_id`, `distributor_id`) VALUES (9, 'Movie 9', 108, '2025-03-05', 5, 13);
INSERT INTO `movie` (`movie_id`, `title`, `duration_min`, `released_on`, `age_rating_id`, `distributor_id`) VALUES (10, 'Movie 10', 137, '2024-03-29', 3, 19);
INSERT INTO `movie` (`movie_id`, `title`, `duration_min`, `released_on`, `age_rating_id`, `distributor_id`) VALUES (11, 'Movie 11', 134, '2023-11-09', 5, 20);
INSERT INTO `movie` (`movie_id`, `title`, `duration_min`, `released_on`, `age_rating_id`, `distributor_id`) VALUES (12, 'Movie 12', 87, '2024-09-16', 1, 7);
INSERT INTO `movie` (`movie_id`, `title`, `duration_min`, `released_on`, `age_rating_id`, `distributor_id`) VALUES (13, 'Movie 13', 107, '2023-09-28', 1, 6);
INSERT INTO `movie` (`movie_id`, `title`, `duration_min`, `released_on`, `age_rating_id`, `distributor_id`) VALUES (14, 'Movie 14', 110, '2023-06-27', 5, 3);
INSERT INTO `movie` (`movie_id`, `title`, `duration_min`, `released_on`, `age_rating_id`, `distributor_id`) VALUES (15, 'Movie 15', 100, '2023-01-03', 4, 15);
INSERT INTO `movie` (`movie_id`, `title`, `duration_min`, `released_on`, `age_rating_id`, `distributor_id`) VALUES (16, 'Movie 16', 140, '2023-10-26', 1, 8);
INSERT INTO `movie` (`movie_id`, `title`, `duration_min`, `released_on`, `age_rating_id`, `distributor_id`) VALUES (17, 'Movie 17', 116, '2024-12-24', 3, 15);
INSERT INTO `movie` (`movie_id`, `title`, `duration_min`, `released_on`, `age_rating_id`, `distributor_id`) VALUES (18, 'Movie 18', 89, '2024-12-04', 2, 9);
INSERT INTO `movie` (`movie_id`, `title`, `duration_min`, `released_on`, `age_rating_id`, `distributor_id`) VALUES (19, 'Movie 19', 105, '2024-03-11', 1, 18);
INSERT INTO `movie` (`movie_id`, `title`, `duration_min`, `released_on`, `age_rating_id`, `distributor_id`) VALUES (20, 'Movie 20', 108, '2024-10-25', 2, 9);
INSERT INTO `movie` (`movie_id`, `title`, `duration_min`, `released_on`, `age_rating_id`, `distributor_id`) VALUES (21, 'Movie 21', 98, '2023-03-15', 1, 6);
INSERT INTO `movie` (`movie_id`, `title`, `duration_min`, `released_on`, `age_rating_id`, `distributor_id`) VALUES (22, 'Movie 22', 119, '2024-09-01', 5, 10);
INSERT INTO `movie` (`movie_id`, `title`, `duration_min`, `released_on`, `age_rating_id`, `distributor_id`) VALUES (23, 'Movie 23', 136, '2023-05-08', 4, 10);
INSERT INTO `movie` (`movie_id`, `title`, `duration_min`, `released_on`, `age_rating_id`, `distributor_id`) VALUES (24, 'Movie 24', 131, '2023-10-06', 5, 18);
INSERT INTO `movie` (`movie_id`, `title`, `duration_min`, `released_on`, `age_rating_id`, `distributor_id`) VALUES (25, 'Movie 25', 143, '2024-03-24', 1, 20);
INSERT INTO `movie` (`movie_id`, `title`, `duration_min`, `released_on`, `age_rating_id`, `distributor_id`) VALUES (26, 'Movie 26', 85, '2024-03-18', 3, 20);
INSERT INTO `movie` (`movie_id`, `title`, `duration_min`, `released_on`, `age_rating_id`, `distributor_id`) VALUES (27, 'Movie 27', 112, '2023-01-27', 1, 8);
INSERT INTO `movie` (`movie_id`, `title`, `duration_min`, `released_on`, `age_rating_id`, `distributor_id`) VALUES (28, 'Movie 28', 82, '2025-02-22', 3, 19);
INSERT INTO `movie` (`movie_id`, `title`, `duration_min`, `released_on`, `age_rating_id`, `distributor_id`) VALUES (29, 'Movie 29', 85, '2025-02-20', 2, 16);
INSERT INTO `movie` (`movie_id`, `title`, `duration_min`, `released_on`, `age_rating_id`, `distributor_id`) VALUES (30, 'Movie 30', 146, '2024-10-29', 4, 9);
INSERT INTO `movie` (`movie_id`, `title`, `duration_min`, `released_on`, `age_rating_id`, `distributor_id`) VALUES (31, 'Movie 31', 103, '2024-08-22', 4, 16);
INSERT INTO `movie` (`movie_id`, `title`, `duration_min`, `released_on`, `age_rating_id`, `distributor_id`) VALUES (32, 'Movie 32', 91, '2024-04-26', 3, 14);
INSERT INTO `movie` (`movie_id`, `title`, `duration_min`, `released_on`, `age_rating_id`, `distributor_id`) VALUES (33, 'Movie 33', 122, '2023-11-25', 1, 6);
INSERT INTO `movie` (`movie_id`, `title`, `duration_min`, `released_on`, `age_rating_id`, `distributor_id`) VALUES (34, 'Movie 34', 122, '2024-02-26', 4, 10);
INSERT INTO `movie` (`movie_id`, `title`, `duration_min`, `released_on`, `age_rating_id`, `distributor_id`) VALUES (35, 'Movie 35', 131, '2025-02-17', 5, 2);
INSERT INTO `movie` (`movie_id`, `title`, `duration_min`, `released_on`, `age_rating_id`, `distributor_id`) VALUES (36, 'Movie 36', 138, '2023-04-01', 3, 9);
INSERT INTO `movie` (`movie_id`, `title`, `duration_min`, `released_on`, `age_rating_id`, `distributor_id`) VALUES (37, 'Movie 37', 121, '2023-04-29', 4, 17);
INSERT INTO `movie` (`movie_id`, `title`, `duration_min`, `released_on`, `age_rating_id`, `distributor_id`) VALUES (38, 'Movie 38', 80, '2024-11-04', 5, 15);
INSERT INTO `movie` (`movie_id`, `title`, `duration_min`, `released_on`, `age_rating_id`, `distributor_id`) VALUES (39, 'Movie 39', 132, '2023-02-25', 2, 17);
INSERT INTO `movie` (`movie_id`, `title`, `duration_min`, `released_on`, `age_rating_id`, `distributor_id`) VALUES (40, 'Movie 40', 126, '2024-09-29', 4, 15);
INSERT INTO `movie` (`movie_id`, `title`, `duration_min`, `released_on`, `age_rating_id`, `distributor_id`) VALUES (41, 'Movie 41', 86, '2023-07-28', 3, 18);
INSERT INTO `movie` (`movie_id`, `title`, `duration_min`, `released_on`, `age_rating_id`, `distributor_id`) VALUES (42, 'Movie 42', 96, '2023-10-22', 4, 16);
INSERT INTO `movie` (`movie_id`, `title`, `duration_min`, `released_on`, `age_rating_id`, `distributor_id`) VALUES (43, 'Movie 43', 95, '2023-01-30', 5, 8);
INSERT INTO `movie` (`movie_id`, `title`, `duration_min`, `released_on`, `age_rating_id`, `distributor_id`) VALUES (44, 'Movie 44', 100, '2023-11-15', 5, 1);
INSERT INTO `movie` (`movie_id`, `title`, `duration_min`, `released_on`, `age_rating_id`, `distributor_id`) VALUES (45, 'Movie 45', 150, '2024-02-22', 1, 8);
INSERT INTO `movie` (`movie_id`, `title`, `duration_min`, `released_on`, `age_rating_id`, `distributor_id`) VALUES (46, 'Movie 46', 94, '2024-04-17', 1, 5);
INSERT INTO `movie` (`movie_id`, `title`, `duration_min`, `released_on`, `age_rating_id`, `distributor_id`) VALUES (47, 'Movie 47', 143, '2025-01-03', 3, 17);
INSERT INTO `movie` (`movie_id`, `title`, `duration_min`, `released_on`, `age_rating_id`, `distributor_id`) VALUES (48, 'Movie 48', 114, '2024-03-01', 4, 16);
INSERT INTO `movie` (`movie_id`, `title`, `duration_min`, `released_on`, `age_rating_id`, `distributor_id`) VALUES (49, 'Movie 49', 111, '2024-04-12', 5, 5);
INSERT INTO `movie` (`movie_id`, `title`, `duration_min`, `released_on`, `age_rating_id`, `distributor_id`) VALUES (50, 'Movie 50', 129, '2023-07-15', 5, 17);
INSERT INTO `movie` (`movie_id`, `title`, `duration_min`, `released_on`, `age_rating_id`, `distributor_id`) VALUES (51, 'Movie 51', 97, '2023-03-13', 3, 14);
INSERT INTO `movie` (`movie_id`, `title`, `duration_min`, `released_on`, `age_rating_id`, `distributor_id`) VALUES (52, 'Movie 52', 123, '2024-06-03', 3, 1);
INSERT INTO `movie` (`movie_id`, `title`, `duration_min`, `released_on`, `age_rating_id`, `distributor_id`) VALUES (53, 'Movie 53', 116, '2025-01-13', 3, 19);
INSERT INTO `movie` (`movie_id`, `title`, `duration_min`, `released_on`, `age_rating_id`, `distributor_id`) VALUES (54, 'Movie 54', 142, '2023-06-02', 4, 18);
INSERT INTO `movie` (`movie_id`, `title`, `duration_min`, `released_on`, `age_rating_id`, `distributor_id`) VALUES (55, 'Movie 55', 141, '2023-12-20', 3, 18);
INSERT INTO `movie` (`movie_id`, `title`, `duration_min`, `released_on`, `age_rating_id`, `distributor_id`) VALUES (56, 'Movie 56', 149, '2024-01-22', 4, 11);
INSERT INTO `movie` (`movie_id`, `title`, `duration_min`, `released_on`, `age_rating_id`, `distributor_id`) VALUES (57, 'Movie 57', 104, '2024-12-15', 2, 19);
INSERT INTO `movie` (`movie_id`, `title`, `duration_min`, `released_on`, `age_rating_id`, `distributor_id`) VALUES (58, 'Movie 58', 129, '2023-08-28', 4, 2);
INSERT INTO `movie` (`movie_id`, `title`, `duration_min`, `released_on`, `age_rating_id`, `distributor_id`) VALUES (59, 'Movie 59', 120, '2025-02-01', 4, 13);
INSERT INTO `movie` (`movie_id`, `title`, `duration_min`, `released_on`, `age_rating_id`, `distributor_id`) VALUES (60, 'Movie 60', 129, '2024-11-10', 2, 16);
INSERT INTO `movie` (`movie_id`, `title`, `duration_min`, `released_on`, `age_rating_id`, `distributor_id`) VALUES (61, 'Movie 61', 84, '2023-05-10', 5, 19);
INSERT INTO `movie` (`movie_id`, `title`, `duration_min`, `released_on`, `age_rating_id`, `distributor_id`) VALUES (62, 'Movie 62', 122, '2023-04-13', 4, 4);
INSERT INTO `movie` (`movie_id`, `title`, `duration_min`, `released_on`, `age_rating_id`, `distributor_id`) VALUES (63, 'Movie 63', 147, '2024-04-12', 1, 5);
INSERT INTO `movie` (`movie_id`, `title`, `duration_min`, `released_on`, `age_rating_id`, `distributor_id`) VALUES (64, 'Movie 64', 132, '2024-11-01', 2, 3);
INSERT INTO `movie` (`movie_id`, `title`, `duration_min`, `released_on`, `age_rating_id`, `distributor_id`) VALUES (65, 'Movie 65', 140, '2025-03-11', 3, 11);
INSERT INTO `movie` (`movie_id`, `title`, `duration_min`, `released_on`, `age_rating_id`, `distributor_id`) VALUES (66, 'Movie 66', 130, '2024-10-27', 1, 11);
INSERT INTO `movie` (`movie_id`, `title`, `duration_min`, `released_on`, `age_rating_id`, `distributor_id`) VALUES (67, 'Movie 67', 148, '2024-01-25', 3, 16);
INSERT INTO `movie` (`movie_id`, `title`, `duration_min`, `released_on`, `age_rating_id`, `distributor_id`) VALUES (68, 'Movie 68', 149, '2023-02-06', 5, 3);
INSERT INTO `movie` (`movie_id`, `title`, `duration_min`, `released_on`, `age_rating_id`, `distributor_id`) VALUES (69, 'Movie 69', 110, '2024-10-08', 3, 8);
INSERT INTO `movie` (`movie_id`, `title`, `duration_min`, `released_on`, `age_rating_id`, `distributor_id`) VALUES (70, 'Movie 70', 91, '2024-03-20', 1, 4);
INSERT INTO `movie` (`movie_id`, `title`, `duration_min`, `released_on`, `age_rating_id`, `distributor_id`) VALUES (71, 'Movie 71', 136, '2023-06-20', 3, 1);
INSERT INTO `movie` (`movie_id`, `title`, `duration_min`, `released_on`, `age_rating_id`, `distributor_id`) VALUES (72, 'Movie 72', 85, '2023-11-29', 1, 10);
INSERT INTO `movie` (`movie_id`, `title`, `duration_min`, `released_on`, `age_rating_id`, `distributor_id`) VALUES (73, 'Movie 73', 125, '2024-01-19', 4, 5);
INSERT INTO `movie` (`movie_id`, `title`, `duration_min`, `released_on`, `age_rating_id`, `distributor_id`) VALUES (74, 'Movie 74', 111, '2024-06-27', 4, 19);
INSERT INTO `movie` (`movie_id`, `title`, `duration_min`, `released_on`, `age_rating_id`, `distributor_id`) VALUES (75, 'Movie 75', 103, '2023-06-24', 2, 3);
INSERT INTO `movie` (`movie_id`, `title`, `duration_min`, `released_on`, `age_rating_id`, `distributor_id`) VALUES (76, 'Movie 76', 128, '2024-09-26', 2, 16);
INSERT INTO `movie` (`movie_id`, `title`, `duration_min`, `released_on`, `age_rating_id`, `distributor_id`) VALUES (77, 'Movie 77', 98, '2023-08-26', 4, 9);
INSERT INTO `movie` (`movie_id`, `title`, `duration_min`, `released_on`, `age_rating_id`, `distributor_id`) VALUES (78, 'Movie 78', 138, '2023-09-19', 1, 15);
INSERT INTO `movie` (`movie_id`, `title`, `duration_min`, `released_on`, `age_rating_id`, `distributor_id`) VALUES (79, 'Movie 79', 116, '2024-11-24', 5, 6);
INSERT INTO `movie` (`movie_id`, `title`, `duration_min`, `released_on`, `age_rating_id`, `distributor_id`) VALUES (80, 'Movie 80', 89, '2024-03-28', 3, 19);
-- movie_version
INSERT INTO `movie_version` (`version_id`, `movie_id`, `format`, `audio_lang_id`, `subtitle_id`) VALUES (1, 1, 'IMAX', 7, 5);
INSERT INTO `movie_version` (`version_id`, `movie_id`, `format`, `audio_lang_id`, `subtitle_id`) VALUES (2, 2, '4DX', 5, 4);
INSERT INTO `movie_version` (`version_id`, `movie_id`, `format`, `audio_lang_id`, `subtitle_id`) VALUES (3, 3, '4DX', 8, 2);
INSERT INTO `movie_version` (`version_id`, `movie_id`, `format`, `audio_lang_id`, `subtitle_id`) VALUES (4, 4, '3D', 7, 10);
INSERT INTO `movie_version` (`version_id`, `movie_id`, `format`, `audio_lang_id`, `subtitle_id`) VALUES (5, 5, 'IMAX', 10, 5);
INSERT INTO `movie_version` (`version_id`, `movie_id`, `format`, `audio_lang_id`, `subtitle_id`) VALUES (6, 6, 'IMAX', 1, 7);
INSERT INTO `movie_version` (`version_id`, `movie_id`, `format`, `audio_lang_id`, `subtitle_id`) VALUES (7, 7, 'IMAX', 1, 10);
INSERT INTO `movie_version` (`version_id`, `movie_id`, `format`, `audio_lang_id`, `subtitle_id`) VALUES (8, 8, '2D', 10, 8);
INSERT INTO `movie_version` (`version_id`, `movie_id`, `format`, `audio_lang_id`, `subtitle_id`) VALUES (9, 9, 'IMAX', 4, 10);
INSERT INTO `movie_version` (`version_id`, `movie_id`, `format`, `audio_lang_id`, `subtitle_id`) VALUES (10, 10, 'IMAX', 4, 4);
INSERT INTO `movie_version` (`version_id`, `movie_id`, `format`, `audio_lang_id`, `subtitle_id`) VALUES (11, 11, 'IMAX', 3, 2);
INSERT INTO `movie_version` (`version_id`, `movie_id`, `format`, `audio_lang_id`, `subtitle_id`) VALUES (12, 12, '2D', 5, 8);
INSERT INTO `movie_version` (`version_id`, `movie_id`, `format`, `audio_lang_id`, `subtitle_id`) VALUES (13, 13, '2D', 10, 6);
INSERT INTO `movie_version` (`version_id`, `movie_id`, `format`, `audio_lang_id`, `subtitle_id`) VALUES (14, 14, '3D', 2, 5);
INSERT INTO `movie_version` (`version_id`, `movie_id`, `format`, `audio_lang_id`, `subtitle_id`) VALUES (15, 15, 'IMAX', 7, 3);
INSERT INTO `movie_version` (`version_id`, `movie_id`, `format`, `audio_lang_id`, `subtitle_id`) VALUES (16, 16, '3D', 3, 9);
INSERT INTO `movie_version` (`version_id`, `movie_id`, `format`, `audio_lang_id`, `subtitle_id`) VALUES (17, 17, 'IMAX', 9, 9);
INSERT INTO `movie_version` (`version_id`, `movie_id`, `format`, `audio_lang_id`, `subtitle_id`) VALUES (18, 18, 'IMAX', 3, 5);
INSERT INTO `movie_version` (`version_id`, `movie_id`, `format`, `audio_lang_id`, `subtitle_id`) VALUES (19, 19, '4DX', 5, 6);
INSERT INTO `movie_version` (`version_id`, `movie_id`, `format`, `audio_lang_id`, `subtitle_id`) VALUES (20, 20, '2D', 8, 2);
INSERT INTO `movie_version` (`version_id`, `movie_id`, `format`, `audio_lang_id`, `subtitle_id`) VALUES (21, 21, '3D', 4, 7);
INSERT INTO `movie_version` (`version_id`, `movie_id`, `format`, `audio_lang_id`, `subtitle_id`) VALUES (22, 22, 'IMAX', 2, 7);
INSERT INTO `movie_version` (`version_id`, `movie_id`, `format`, `audio_lang_id`, `subtitle_id`) VALUES (23, 23, '2D', 5, 9);
INSERT INTO `movie_version` (`version_id`, `movie_id`, `format`, `audio_lang_id`, `subtitle_id`) VALUES (24, 24, '2D', 8, 6);
INSERT INTO `movie_version` (`version_id`, `movie_id`, `format`, `audio_lang_id`, `subtitle_id`) VALUES (25, 25, 'IMAX', 10, 7);
INSERT INTO `movie_version` (`version_id`, `movie_id`, `format`, `audio_lang_id`, `subtitle_id`) VALUES (26, 26, 'IMAX', 2, 4);
INSERT INTO `movie_version` (`version_id`, `movie_id`, `format`, `audio_lang_id`, `subtitle_id`) VALUES (27, 27, '4DX', 1, 10);
INSERT INTO `movie_version` (`version_id`, `movie_id`, `format`, `audio_lang_id`, `subtitle_id`) VALUES (28, 28, 'IMAX', 10, 4);
INSERT INTO `movie_version` (`version_id`, `movie_id`, `format`, `audio_lang_id`, `subtitle_id`) VALUES (29, 29, '2D', 8, 5);
INSERT INTO `movie_version` (`version_id`, `movie_id`, `format`, `audio_lang_id`, `subtitle_id`) VALUES (30, 30, '4DX', 2, 3);
INSERT INTO `movie_version` (`version_id`, `movie_id`, `format`, `audio_lang_id`, `subtitle_id`) VALUES (31, 31, '2D', 1, 5);
INSERT INTO `movie_version` (`version_id`, `movie_id`, `format`, `audio_lang_id`, `subtitle_id`) VALUES (32, 32, '4DX', 2, 2);
INSERT INTO `movie_version` (`version_id`, `movie_id`, `format`, `audio_lang_id`, `subtitle_id`) VALUES (33, 33, '3D', 9, 3);
INSERT INTO `movie_version` (`version_id`, `movie_id`, `format`, `audio_lang_id`, `subtitle_id`) VALUES (34, 34, '4DX', 8, 6);
INSERT INTO `movie_version` (`version_id`, `movie_id`, `format`, `audio_lang_id`, `subtitle_id`) VALUES (35, 35, '4DX', 10, 3);
INSERT INTO `movie_version` (`version_id`, `movie_id`, `format`, `audio_lang_id`, `subtitle_id`) VALUES (36, 36, '4DX', 2, 8);
INSERT INTO `movie_version` (`version_id`, `movie_id`, `format`, `audio_lang_id`, `subtitle_id`) VALUES (37, 37, '4DX', 5, 1);
INSERT INTO `movie_version` (`version_id`, `movie_id`, `format`, `audio_lang_id`, `subtitle_id`) VALUES (38, 38, 'IMAX', 4, 8);
INSERT INTO `movie_version` (`version_id`, `movie_id`, `format`, `audio_lang_id`, `subtitle_id`) VALUES (39, 39, '4DX', 4, 6);
INSERT INTO `movie_version` (`version_id`, `movie_id`, `format`, `audio_lang_id`, `subtitle_id`) VALUES (40, 40, '2D', 6, 9);
INSERT INTO `movie_version` (`version_id`, `movie_id`, `format`, `audio_lang_id`, `subtitle_id`) VALUES (41, 41, 'IMAX', 1, 7);
INSERT INTO `movie_version` (`version_id`, `movie_id`, `format`, `audio_lang_id`, `subtitle_id`) VALUES (42, 42, 'IMAX', 4, 2);
INSERT INTO `movie_version` (`version_id`, `movie_id`, `format`, `audio_lang_id`, `subtitle_id`) VALUES (43, 43, '4DX', 2, 4);
INSERT INTO `movie_version` (`version_id`, `movie_id`, `format`, `audio_lang_id`, `subtitle_id`) VALUES (44, 44, '2D', 1, 6);
INSERT INTO `movie_version` (`version_id`, `movie_id`, `format`, `audio_lang_id`, `subtitle_id`) VALUES (45, 45, '3D', 3, 10);
INSERT INTO `movie_version` (`version_id`, `movie_id`, `format`, `audio_lang_id`, `subtitle_id`) VALUES (46, 46, '3D', 2, 9);
INSERT INTO `movie_version` (`version_id`, `movie_id`, `format`, `audio_lang_id`, `subtitle_id`) VALUES (47, 47, '3D', 10, 4);
INSERT INTO `movie_version` (`version_id`, `movie_id`, `format`, `audio_lang_id`, `subtitle_id`) VALUES (48, 48, '3D', 6, 3);
INSERT INTO `movie_version` (`version_id`, `movie_id`, `format`, `audio_lang_id`, `subtitle_id`) VALUES (49, 49, '2D', 5, 3);
INSERT INTO `movie_version` (`version_id`, `movie_id`, `format`, `audio_lang_id`, `subtitle_id`) VALUES (50, 50, '3D', 9, 5);
INSERT INTO `movie_version` (`version_id`, `movie_id`, `format`, `audio_lang_id`, `subtitle_id`) VALUES (51, 51, '3D', 2, 1);
INSERT INTO `movie_version` (`version_id`, `movie_id`, `format`, `audio_lang_id`, `subtitle_id`) VALUES (52, 52, '3D', 1, 6);
INSERT INTO `movie_version` (`version_id`, `movie_id`, `format`, `audio_lang_id`, `subtitle_id`) VALUES (53, 53, '3D', 10, 6);
INSERT INTO `movie_version` (`version_id`, `movie_id`, `format`, `audio_lang_id`, `subtitle_id`) VALUES (54, 54, '2D', 3, 5);
INSERT INTO `movie_version` (`version_id`, `movie_id`, `format`, `audio_lang_id`, `subtitle_id`) VALUES (55, 55, '2D', 3, 7);
INSERT INTO `movie_version` (`version_id`, `movie_id`, `format`, `audio_lang_id`, `subtitle_id`) VALUES (56, 56, '2D', 2, 8);
INSERT INTO `movie_version` (`version_id`, `movie_id`, `format`, `audio_lang_id`, `subtitle_id`) VALUES (57, 57, '4DX', 6, 9);
INSERT INTO `movie_version` (`version_id`, `movie_id`, `format`, `audio_lang_id`, `subtitle_id`) VALUES (58, 58, '2D', 8, 9);
INSERT INTO `movie_version` (`version_id`, `movie_id`, `format`, `audio_lang_id`, `subtitle_id`) VALUES (59, 59, '3D', 10, 1);
INSERT INTO `movie_version` (`version_id`, `movie_id`, `format`, `audio_lang_id`, `subtitle_id`) VALUES (60, 60, 'IMAX', 8, 1);
INSERT INTO `movie_version` (`version_id`, `movie_id`, `format`, `audio_lang_id`, `subtitle_id`) VALUES (61, 61, '2D', 8, 7);
INSERT INTO `movie_version` (`version_id`, `movie_id`, `format`, `audio_lang_id`, `subtitle_id`) VALUES (62, 62, '4DX', 2, 8);
INSERT INTO `movie_version` (`version_id`, `movie_id`, `format`, `audio_lang_id`, `subtitle_id`) VALUES (63, 63, '4DX', 2, 2);
INSERT INTO `movie_version` (`version_id`, `movie_id`, `format`, `audio_lang_id`, `subtitle_id`) VALUES (64, 64, 'IMAX', 10, 3);
INSERT INTO `movie_version` (`version_id`, `movie_id`, `format`, `audio_lang_id`, `subtitle_id`) VALUES (65, 65, '2D', 3, 5);
INSERT INTO `movie_version` (`version_id`, `movie_id`, `format`, `audio_lang_id`, `subtitle_id`) VALUES (66, 66, 'IMAX', 7, 10);
INSERT INTO `movie_version` (`version_id`, `movie_id`, `format`, `audio_lang_id`, `subtitle_id`) VALUES (67, 67, 'IMAX', 8, 9);
INSERT INTO `movie_version` (`version_id`, `movie_id`, `format`, `audio_lang_id`, `subtitle_id`) VALUES (68, 68, '4DX', 2, 2);
INSERT INTO `movie_version` (`version_id`, `movie_id`, `format`, `audio_lang_id`, `subtitle_id`) VALUES (69, 69, '3D', 7, 8);
INSERT INTO `movie_version` (`version_id`, `movie_id`, `format`, `audio_lang_id`, `subtitle_id`) VALUES (70, 70, '3D', 7, 6);
INSERT INTO `movie_version` (`version_id`, `movie_id`, `format`, `audio_lang_id`, `subtitle_id`) VALUES (71, 71, '4DX', 7, 7);
INSERT INTO `movie_version` (`version_id`, `movie_id`, `format`, `audio_lang_id`, `subtitle_id`) VALUES (72, 72, '2D', 6, 7);
INSERT INTO `movie_version` (`version_id`, `movie_id`, `format`, `audio_lang_id`, `subtitle_id`) VALUES (73, 73, 'IMAX', 5, 6);
INSERT INTO `movie_version` (`version_id`, `movie_id`, `format`, `audio_lang_id`, `subtitle_id`) VALUES (74, 74, '3D', 8, 2);
INSERT INTO `movie_version` (`version_id`, `movie_id`, `format`, `audio_lang_id`, `subtitle_id`) VALUES (75, 75, '2D', 2, 2);
INSERT INTO `movie_version` (`version_id`, `movie_id`, `format`, `audio_lang_id`, `subtitle_id`) VALUES (76, 76, '4DX', 2, 6);
INSERT INTO `movie_version` (`version_id`, `movie_id`, `format`, `audio_lang_id`, `subtitle_id`) VALUES (77, 77, '3D', 9, 1);
INSERT INTO `movie_version` (`version_id`, `movie_id`, `format`, `audio_lang_id`, `subtitle_id`) VALUES (78, 78, 'IMAX', 2, 7);
INSERT INTO `movie_version` (`version_id`, `movie_id`, `format`, `audio_lang_id`, `subtitle_id`) VALUES (79, 79, 'IMAX', 7, 1);
INSERT INTO `movie_version` (`version_id`, `movie_id`, `format`, `audio_lang_id`, `subtitle_id`) VALUES (80, 80, 'IMAX', 10, 5);
INSERT INTO `movie_version` (`version_id`, `movie_id`, `format`, `audio_lang_id`, `subtitle_id`) VALUES (81, 1, 'IMAX', 2, 10);
INSERT INTO `movie_version` (`version_id`, `movie_id`, `format`, `audio_lang_id`, `subtitle_id`) VALUES (82, 2, '3D', 3, 8);
INSERT INTO `movie_version` (`version_id`, `movie_id`, `format`, `audio_lang_id`, `subtitle_id`) VALUES (83, 3, '3D', 2, 6);
INSERT INTO `movie_version` (`version_id`, `movie_id`, `format`, `audio_lang_id`, `subtitle_id`) VALUES (84, 4, 'IMAX', 2, 5);
INSERT INTO `movie_version` (`version_id`, `movie_id`, `format`, `audio_lang_id`, `subtitle_id`) VALUES (85, 5, '3D', 7, 9);
INSERT INTO `movie_version` (`version_id`, `movie_id`, `format`, `audio_lang_id`, `subtitle_id`) VALUES (86, 6, '2D', 10, 5);
INSERT INTO `movie_version` (`version_id`, `movie_id`, `format`, `audio_lang_id`, `subtitle_id`) VALUES (87, 7, '2D', 3, 5);
INSERT INTO `movie_version` (`version_id`, `movie_id`, `format`, `audio_lang_id`, `subtitle_id`) VALUES (88, 8, 'IMAX', 6, 6);
INSERT INTO `movie_version` (`version_id`, `movie_id`, `format`, `audio_lang_id`, `subtitle_id`) VALUES (89, 9, '2D', 3, 3);
INSERT INTO `movie_version` (`version_id`, `movie_id`, `format`, `audio_lang_id`, `subtitle_id`) VALUES (90, 10, '4DX', 2, 3);
INSERT INTO `movie_version` (`version_id`, `movie_id`, `format`, `audio_lang_id`, `subtitle_id`) VALUES (91, 11, '2D', 2, 9);
INSERT INTO `movie_version` (`version_id`, `movie_id`, `format`, `audio_lang_id`, `subtitle_id`) VALUES (92, 12, '3D', 7, 7);
INSERT INTO `movie_version` (`version_id`, `movie_id`, `format`, `audio_lang_id`, `subtitle_id`) VALUES (93, 13, '4DX', 6, 3);
INSERT INTO `movie_version` (`version_id`, `movie_id`, `format`, `audio_lang_id`, `subtitle_id`) VALUES (94, 14, 'IMAX', 5, 6);
INSERT INTO `movie_version` (`version_id`, `movie_id`, `format`, `audio_lang_id`, `subtitle_id`) VALUES (95, 15, '2D', 1, 3);
INSERT INTO `movie_version` (`version_id`, `movie_id`, `format`, `audio_lang_id`, `subtitle_id`) VALUES (96, 16, '3D', 10, 1);
INSERT INTO `movie_version` (`version_id`, `movie_id`, `format`, `audio_lang_id`, `subtitle_id`) VALUES (97, 17, '2D', 5, 8);
INSERT INTO `movie_version` (`version_id`, `movie_id`, `format`, `audio_lang_id`, `subtitle_id`) VALUES (98, 18, '4DX', 8, 10);
INSERT INTO `movie_version` (`version_id`, `movie_id`, `format`, `audio_lang_id`, `subtitle_id`) VALUES (99, 19, '4DX', 7, 5);
INSERT INTO `movie_version` (`version_id`, `movie_id`, `format`, `audio_lang_id`, `subtitle_id`) VALUES (100, 20, '3D', 9, 2);
INSERT INTO `movie_version` (`version_id`, `movie_id`, `format`, `audio_lang_id`, `subtitle_id`) VALUES (101, 21, 'IMAX', 7, 2);
INSERT INTO `movie_version` (`version_id`, `movie_id`, `format`, `audio_lang_id`, `subtitle_id`) VALUES (102, 22, 'IMAX', 10, 8);
INSERT INTO `movie_version` (`version_id`, `movie_id`, `format`, `audio_lang_id`, `subtitle_id`) VALUES (103, 23, 'IMAX', 1, 4);
INSERT INTO `movie_version` (`version_id`, `movie_id`, `format`, `audio_lang_id`, `subtitle_id`) VALUES (104, 24, '4DX', 10, 1);
INSERT INTO `movie_version` (`version_id`, `movie_id`, `format`, `audio_lang_id`, `subtitle_id`) VALUES (105, 25, '2D', 4, 5);
INSERT INTO `movie_version` (`version_id`, `movie_id`, `format`, `audio_lang_id`, `subtitle_id`) VALUES (106, 26, '3D', 3, 5);
INSERT INTO `movie_version` (`version_id`, `movie_id`, `format`, `audio_lang_id`, `subtitle_id`) VALUES (107, 27, 'IMAX', 6, 2);
INSERT INTO `movie_version` (`version_id`, `movie_id`, `format`, `audio_lang_id`, `subtitle_id`) VALUES (108, 28, '2D', 8, 7);
INSERT INTO `movie_version` (`version_id`, `movie_id`, `format`, `audio_lang_id`, `subtitle_id`) VALUES (109, 29, '3D', 3, 7);
INSERT INTO `movie_version` (`version_id`, `movie_id`, `format`, `audio_lang_id`, `subtitle_id`) VALUES (110, 30, '3D', 9, 9);
INSERT INTO `movie_version` (`version_id`, `movie_id`, `format`, `audio_lang_id`, `subtitle_id`) VALUES (111, 31, 'IMAX', 2, 7);
INSERT INTO `movie_version` (`version_id`, `movie_id`, `format`, `audio_lang_id`, `subtitle_id`) VALUES (112, 32, '2D', 7, 1);
INSERT INTO `movie_version` (`version_id`, `movie_id`, `format`, `audio_lang_id`, `subtitle_id`) VALUES (113, 33, '4DX', 2, 6);
INSERT INTO `movie_version` (`version_id`, `movie_id`, `format`, `audio_lang_id`, `subtitle_id`) VALUES (114, 34, '4DX', 10, 7);
INSERT INTO `movie_version` (`version_id`, `movie_id`, `format`, `audio_lang_id`, `subtitle_id`) VALUES (115, 35, '4DX', 5, 2);
INSERT INTO `movie_version` (`version_id`, `movie_id`, `format`, `audio_lang_id`, `subtitle_id`) VALUES (116, 36, '4DX', 1, 6);
INSERT INTO `movie_version` (`version_id`, `movie_id`, `format`, `audio_lang_id`, `subtitle_id`) VALUES (117, 37, '3D', 10, 8);
INSERT INTO `movie_version` (`version_id`, `movie_id`, `format`, `audio_lang_id`, `subtitle_id`) VALUES (118, 38, 'IMAX', 2, 7);
INSERT INTO `movie_version` (`version_id`, `movie_id`, `format`, `audio_lang_id`, `subtitle_id`) VALUES (119, 39, '2D', 4, 7);
INSERT INTO `movie_version` (`version_id`, `movie_id`, `format`, `audio_lang_id`, `subtitle_id`) VALUES (120, 40, '4DX', 9, 2);
-- showtime
INSERT INTO `showtime` (`show_id`, `screen_id`, `version_id`, `starts_at`, `ends_at`, `show_status_id`) VALUES (1, 13, 112, '2023-01-20 20:21:00', '2023-01-20 22:21:00', 2);
INSERT INTO `showtime` (`show_id`, `screen_id`, `version_id`, `starts_at`, `ends_at`, `show_status_id`) VALUES (2, 11, 100, '2023-01-11 10:32:00', '2023-01-11 12:32:00', 1);
INSERT INTO `showtime` (`show_id`, `screen_id`, `version_id`, `starts_at`, `ends_at`, `show_status_id`) VALUES (3, 17, 66, '2023-01-13 21:22:00', '2023-01-13 23:22:00', 3);
INSERT INTO `showtime` (`show_id`, `screen_id`, `version_id`, `starts_at`, `ends_at`, `show_status_id`) VALUES (4, 24, 105, '2023-02-11 22:09:00', '2023-02-12 00:09:00', 2);
INSERT INTO `showtime` (`show_id`, `screen_id`, `version_id`, `starts_at`, `ends_at`, `show_status_id`) VALUES (5, 4, 19, '2023-01-17 12:11:00', '2023-01-17 14:11:00', 2);
INSERT INTO `showtime` (`show_id`, `screen_id`, `version_id`, `starts_at`, `ends_at`, `show_status_id`) VALUES (6, 25, 98, '2023-02-11 10:11:00', '2023-02-11 12:11:00', 4);
INSERT INTO `showtime` (`show_id`, `screen_id`, `version_id`, `starts_at`, `ends_at`, `show_status_id`) VALUES (7, 15, 97, '2023-02-06 21:37:00', '2023-02-06 23:37:00', 4);
INSERT INTO `showtime` (`show_id`, `screen_id`, `version_id`, `starts_at`, `ends_at`, `show_status_id`) VALUES (8, 22, 119, '2023-02-26 18:41:00', '2023-02-26 20:41:00', 3);
INSERT INTO `showtime` (`show_id`, `screen_id`, `version_id`, `starts_at`, `ends_at`, `show_status_id`) VALUES (9, 28, 81, '2023-01-21 11:28:00', '2023-01-21 13:28:00', 1);
INSERT INTO `showtime` (`show_id`, `screen_id`, `version_id`, `starts_at`, `ends_at`, `show_status_id`) VALUES (10, 16, 57, '2023-02-10 13:50:00', '2023-02-10 15:50:00', 3);
INSERT INTO `showtime` (`show_id`, `screen_id`, `version_id`, `starts_at`, `ends_at`, `show_status_id`) VALUES (11, 19, 8, '2023-01-23 17:04:00', '2023-01-23 19:04:00', 3);
INSERT INTO `showtime` (`show_id`, `screen_id`, `version_id`, `starts_at`, `ends_at`, `show_status_id`) VALUES (12, 15, 58, '2023-01-03 09:23:00', '2023-01-03 11:23:00', 3);
INSERT INTO `showtime` (`show_id`, `screen_id`, `version_id`, `starts_at`, `ends_at`, `show_status_id`) VALUES (13, 3, 83, '2023-02-25 22:05:00', '2023-02-26 00:05:00', 4);
INSERT INTO `showtime` (`show_id`, `screen_id`, `version_id`, `starts_at`, `ends_at`, `show_status_id`) VALUES (14, 15, 75, '2023-02-05 21:47:00', '2023-02-05 23:47:00', 1);
INSERT INTO `showtime` (`show_id`, `screen_id`, `version_id`, `starts_at`, `ends_at`, `show_status_id`) VALUES (15, 15, 117, '2023-02-21 18:41:00', '2023-02-21 20:41:00', 2);
INSERT INTO `showtime` (`show_id`, `screen_id`, `version_id`, `starts_at`, `ends_at`, `show_status_id`) VALUES (16, 11, 78, '2023-01-31 17:09:00', '2023-01-31 19:09:00', 1);
INSERT INTO `showtime` (`show_id`, `screen_id`, `version_id`, `starts_at`, `ends_at`, `show_status_id`) VALUES (17, 15, 14, '2023-02-21 22:21:00', '2023-02-22 00:21:00', 1);
INSERT INTO `showtime` (`show_id`, `screen_id`, `version_id`, `starts_at`, `ends_at`, `show_status_id`) VALUES (18, 17, 83, '2023-01-12 09:15:00', '2023-01-12 11:15:00', 4);
INSERT INTO `showtime` (`show_id`, `screen_id`, `version_id`, `starts_at`, `ends_at`, `show_status_id`) VALUES (19, 15, 68, '2023-02-03 18:10:00', '2023-02-03 20:10:00', 3);
INSERT INTO `showtime` (`show_id`, `screen_id`, `version_id`, `starts_at`, `ends_at`, `show_status_id`) VALUES (20, 12, 118, '2023-01-19 15:26:00', '2023-01-19 17:26:00', 3);
INSERT INTO `showtime` (`show_id`, `screen_id`, `version_id`, `starts_at`, `ends_at`, `show_status_id`) VALUES (21, 22, 77, '2023-01-04 21:40:00', '2023-01-04 23:40:00', 3);
INSERT INTO `showtime` (`show_id`, `screen_id`, `version_id`, `starts_at`, `ends_at`, `show_status_id`) VALUES (22, 3, 43, '2023-01-07 17:43:00', '2023-01-07 19:43:00', 4);
INSERT INTO `showtime` (`show_id`, `screen_id`, `version_id`, `starts_at`, `ends_at`, `show_status_id`) VALUES (23, 10, 33, '2023-02-16 22:42:00', '2023-02-17 00:42:00', 2);
INSERT INTO `showtime` (`show_id`, `screen_id`, `version_id`, `starts_at`, `ends_at`, `show_status_id`) VALUES (24, 11, 11, '2023-02-07 19:09:00', '2023-02-07 21:09:00', 3);
INSERT INTO `showtime` (`show_id`, `screen_id`, `version_id`, `starts_at`, `ends_at`, `show_status_id`) VALUES (25, 10, 84, '2023-02-14 19:25:00', '2023-02-14 21:25:00', 2);
INSERT INTO `showtime` (`show_id`, `screen_id`, `version_id`, `starts_at`, `ends_at`, `show_status_id`) VALUES (26, 20, 91, '2023-03-02 10:19:00', '2023-03-02 12:19:00', 4);
INSERT INTO `showtime` (`show_id`, `screen_id`, `version_id`, `starts_at`, `ends_at`, `show_status_id`) VALUES (27, 21, 102, '2023-01-22 22:08:00', '2023-01-23 00:08:00', 1);
INSERT INTO `showtime` (`show_id`, `screen_id`, `version_id`, `starts_at`, `ends_at`, `show_status_id`) VALUES (28, 21, 86, '2023-01-28 17:23:00', '2023-01-28 19:23:00', 1);
INSERT INTO `showtime` (`show_id`, `screen_id`, `version_id`, `starts_at`, `ends_at`, `show_status_id`) VALUES (29, 12, 40, '2023-01-12 12:21:00', '2023-01-12 14:21:00', 4);
INSERT INTO `showtime` (`show_id`, `screen_id`, `version_id`, `starts_at`, `ends_at`, `show_status_id`) VALUES (30, 7, 29, '2023-01-09 11:04:00', '2023-01-09 13:04:00', 3);
INSERT INTO `showtime` (`show_id`, `screen_id`, `version_id`, `starts_at`, `ends_at`, `show_status_id`) VALUES (31, 28, 101, '2023-01-07 17:49:00', '2023-01-07 19:49:00', 1);
INSERT INTO `showtime` (`show_id`, `screen_id`, `version_id`, `starts_at`, `ends_at`, `show_status_id`) VALUES (32, 22, 44, '2023-02-26 21:39:00', '2023-02-26 23:39:00', 2);
INSERT INTO `showtime` (`show_id`, `screen_id`, `version_id`, `starts_at`, `ends_at`, `show_status_id`) VALUES (33, 20, 49, '2023-01-10 11:11:00', '2023-01-10 13:11:00', 2);
INSERT INTO `showtime` (`show_id`, `screen_id`, `version_id`, `starts_at`, `ends_at`, `show_status_id`) VALUES (34, 24, 57, '2023-01-03 15:23:00', '2023-01-03 17:23:00', 2);
INSERT INTO `showtime` (`show_id`, `screen_id`, `version_id`, `starts_at`, `ends_at`, `show_status_id`) VALUES (35, 15, 79, '2023-01-19 21:47:00', '2023-01-19 23:47:00', 4);
INSERT INTO `showtime` (`show_id`, `screen_id`, `version_id`, `starts_at`, `ends_at`, `show_status_id`) VALUES (36, 8, 69, '2023-01-16 13:51:00', '2023-01-16 15:51:00', 4);
INSERT INTO `showtime` (`show_id`, `screen_id`, `version_id`, `starts_at`, `ends_at`, `show_status_id`) VALUES (37, 29, 107, '2023-01-13 14:43:00', '2023-01-13 16:43:00', 4);
INSERT INTO `showtime` (`show_id`, `screen_id`, `version_id`, `starts_at`, `ends_at`, `show_status_id`) VALUES (38, 15, 99, '2023-01-19 21:24:00', '2023-01-19 23:24:00', 4);
INSERT INTO `showtime` (`show_id`, `screen_id`, `version_id`, `starts_at`, `ends_at`, `show_status_id`) VALUES (39, 6, 105, '2023-01-13 21:38:00', '2023-01-13 23:38:00', 2);
INSERT INTO `showtime` (`show_id`, `screen_id`, `version_id`, `starts_at`, `ends_at`, `show_status_id`) VALUES (40, 28, 33, '2023-01-04 19:30:00', '2023-01-04 21:30:00', 3);
INSERT INTO `showtime` (`show_id`, `screen_id`, `version_id`, `starts_at`, `ends_at`, `show_status_id`) VALUES (41, 18, 120, '2023-01-07 20:54:00', '2023-01-07 22:54:00', 1);
INSERT INTO `showtime` (`show_id`, `screen_id`, `version_id`, `starts_at`, `ends_at`, `show_status_id`) VALUES (42, 10, 11, '2023-02-18 11:17:00', '2023-02-18 13:17:00', 4);
INSERT INTO `showtime` (`show_id`, `screen_id`, `version_id`, `starts_at`, `ends_at`, `show_status_id`) VALUES (43, 29, 66, '2023-01-10 22:27:00', '2023-01-11 00:27:00', 1);
INSERT INTO `showtime` (`show_id`, `screen_id`, `version_id`, `starts_at`, `ends_at`, `show_status_id`) VALUES (44, 30, 29, '2023-02-22 16:56:00', '2023-02-22 18:56:00', 3);
INSERT INTO `showtime` (`show_id`, `screen_id`, `version_id`, `starts_at`, `ends_at`, `show_status_id`) VALUES (45, 30, 4, '2023-01-27 09:25:00', '2023-01-27 11:25:00', 3);
INSERT INTO `showtime` (`show_id`, `screen_id`, `version_id`, `starts_at`, `ends_at`, `show_status_id`) VALUES (46, 8, 50, '2023-01-06 14:14:00', '2023-01-06 16:14:00', 1);
INSERT INTO `showtime` (`show_id`, `screen_id`, `version_id`, `starts_at`, `ends_at`, `show_status_id`) VALUES (47, 11, 120, '2023-01-07 22:45:00', '2023-01-08 00:45:00', 3);
INSERT INTO `showtime` (`show_id`, `screen_id`, `version_id`, `starts_at`, `ends_at`, `show_status_id`) VALUES (48, 26, 19, '2023-01-09 09:18:00', '2023-01-09 11:18:00', 4);
INSERT INTO `showtime` (`show_id`, `screen_id`, `version_id`, `starts_at`, `ends_at`, `show_status_id`) VALUES (49, 23, 107, '2023-01-09 21:45:00', '2023-01-09 23:45:00', 4);
INSERT INTO `showtime` (`show_id`, `screen_id`, `version_id`, `starts_at`, `ends_at`, `show_status_id`) VALUES (50, 15, 79, '2023-01-01 10:01:00', '2023-01-01 12:01:00', 3);
INSERT INTO `showtime` (`show_id`, `screen_id`, `version_id`, `starts_at`, `ends_at`, `show_status_id`) VALUES (51, 7, 107, '2023-01-10 17:46:00', '2023-01-10 19:46:00', 4);
INSERT INTO `showtime` (`show_id`, `screen_id`, `version_id`, `starts_at`, `ends_at`, `show_status_id`) VALUES (52, 4, 100, '2023-01-19 12:19:00', '2023-01-19 14:19:00', 1);
INSERT INTO `showtime` (`show_id`, `screen_id`, `version_id`, `starts_at`, `ends_at`, `show_status_id`) VALUES (53, 2, 31, '2023-01-27 19:50:00', '2023-01-27 21:50:00', 4);
INSERT INTO `showtime` (`show_id`, `screen_id`, `version_id`, `starts_at`, `ends_at`, `show_status_id`) VALUES (54, 3, 15, '2023-02-23 16:38:00', '2023-02-23 18:38:00', 1);
INSERT INTO `showtime` (`show_id`, `screen_id`, `version_id`, `starts_at`, `ends_at`, `show_status_id`) VALUES (55, 21, 66, '2023-02-06 12:45:00', '2023-02-06 14:45:00', 2);
INSERT INTO `showtime` (`show_id`, `screen_id`, `version_id`, `starts_at`, `ends_at`, `show_status_id`) VALUES (56, 10, 55, '2023-01-01 18:22:00', '2023-01-01 20:22:00', 2);
INSERT INTO `showtime` (`show_id`, `screen_id`, `version_id`, `starts_at`, `ends_at`, `show_status_id`) VALUES (57, 19, 54, '2023-01-12 19:42:00', '2023-01-12 21:42:00', 1);
INSERT INTO `showtime` (`show_id`, `screen_id`, `version_id`, `starts_at`, `ends_at`, `show_status_id`) VALUES (58, 17, 47, '2023-01-05 17:34:00', '2023-01-05 19:34:00', 1);
INSERT INTO `showtime` (`show_id`, `screen_id`, `version_id`, `starts_at`, `ends_at`, `show_status_id`) VALUES (59, 13, 112, '2023-01-31 09:40:00', '2023-01-31 11:40:00', 4);
INSERT INTO `showtime` (`show_id`, `screen_id`, `version_id`, `starts_at`, `ends_at`, `show_status_id`) VALUES (60, 12, 33, '2023-02-17 09:22:00', '2023-02-17 11:22:00', 1);
INSERT INTO `showtime` (`show_id`, `screen_id`, `version_id`, `starts_at`, `ends_at`, `show_status_id`) VALUES (61, 12, 31, '2023-02-16 19:40:00', '2023-02-16 21:40:00', 1);
INSERT INTO `showtime` (`show_id`, `screen_id`, `version_id`, `starts_at`, `ends_at`, `show_status_id`) VALUES (62, 25, 75, '2023-02-17 21:21:00', '2023-02-17 23:21:00', 2);
INSERT INTO `showtime` (`show_id`, `screen_id`, `version_id`, `starts_at`, `ends_at`, `show_status_id`) VALUES (63, 2, 46, '2023-02-04 14:52:00', '2023-02-04 16:52:00', 2);
INSERT INTO `showtime` (`show_id`, `screen_id`, `version_id`, `starts_at`, `ends_at`, `show_status_id`) VALUES (64, 27, 100, '2023-02-13 16:44:00', '2023-02-13 18:44:00', 4);
INSERT INTO `showtime` (`show_id`, `screen_id`, `version_id`, `starts_at`, `ends_at`, `show_status_id`) VALUES (65, 21, 24, '2023-02-21 11:04:00', '2023-02-21 13:04:00', 4);
INSERT INTO `showtime` (`show_id`, `screen_id`, `version_id`, `starts_at`, `ends_at`, `show_status_id`) VALUES (66, 2, 38, '2023-01-13 09:50:00', '2023-01-13 11:50:00', 2);
INSERT INTO `showtime` (`show_id`, `screen_id`, `version_id`, `starts_at`, `ends_at`, `show_status_id`) VALUES (67, 29, 6, '2023-01-21 13:32:00', '2023-01-21 15:32:00', 4);
INSERT INTO `showtime` (`show_id`, `screen_id`, `version_id`, `starts_at`, `ends_at`, `show_status_id`) VALUES (68, 27, 70, '2023-01-31 13:02:00', '2023-01-31 15:02:00', 2);
INSERT INTO `showtime` (`show_id`, `screen_id`, `version_id`, `starts_at`, `ends_at`, `show_status_id`) VALUES (69, 10, 46, '2023-02-25 21:03:00', '2023-02-25 23:03:00', 3);
INSERT INTO `showtime` (`show_id`, `screen_id`, `version_id`, `starts_at`, `ends_at`, `show_status_id`) VALUES (70, 9, 16, '2023-02-21 14:27:00', '2023-02-21 16:27:00', 4);
INSERT INTO `showtime` (`show_id`, `screen_id`, `version_id`, `starts_at`, `ends_at`, `show_status_id`) VALUES (71, 24, 57, '2023-02-27 15:21:00', '2023-02-27 17:21:00', 2);
INSERT INTO `showtime` (`show_id`, `screen_id`, `version_id`, `starts_at`, `ends_at`, `show_status_id`) VALUES (72, 16, 89, '2023-02-01 14:59:00', '2023-02-01 16:59:00', 3);
INSERT INTO `showtime` (`show_id`, `screen_id`, `version_id`, `starts_at`, `ends_at`, `show_status_id`) VALUES (73, 26, 11, '2023-02-16 15:05:00', '2023-02-16 17:05:00', 4);
INSERT INTO `showtime` (`show_id`, `screen_id`, `version_id`, `starts_at`, `ends_at`, `show_status_id`) VALUES (74, 20, 106, '2023-01-12 17:18:00', '2023-01-12 19:18:00', 3);
INSERT INTO `showtime` (`show_id`, `screen_id`, `version_id`, `starts_at`, `ends_at`, `show_status_id`) VALUES (75, 4, 11, '2023-01-21 19:18:00', '2023-01-21 21:18:00', 3);
INSERT INTO `showtime` (`show_id`, `screen_id`, `version_id`, `starts_at`, `ends_at`, `show_status_id`) VALUES (76, 15, 78, '2023-02-15 15:10:00', '2023-02-15 17:10:00', 4);
INSERT INTO `showtime` (`show_id`, `screen_id`, `version_id`, `starts_at`, `ends_at`, `show_status_id`) VALUES (77, 12, 58, '2023-01-03 20:55:00', '2023-01-03 22:55:00', 3);
INSERT INTO `showtime` (`show_id`, `screen_id`, `version_id`, `starts_at`, `ends_at`, `show_status_id`) VALUES (78, 20, 56, '2023-01-18 19:50:00', '2023-01-18 21:50:00', 1);
INSERT INTO `showtime` (`show_id`, `screen_id`, `version_id`, `starts_at`, `ends_at`, `show_status_id`) VALUES (79, 3, 86, '2023-02-10 15:23:00', '2023-02-10 17:23:00', 2);
INSERT INTO `showtime` (`show_id`, `screen_id`, `version_id`, `starts_at`, `ends_at`, `show_status_id`) VALUES (80, 1, 19, '2023-02-24 18:43:00', '2023-02-24 20:43:00', 4);
INSERT INTO `showtime` (`show_id`, `screen_id`, `version_id`, `starts_at`, `ends_at`, `show_status_id`) VALUES (81, 2, 17, '2023-01-05 12:49:00', '2023-01-05 14:49:00', 3);
INSERT INTO `showtime` (`show_id`, `screen_id`, `version_id`, `starts_at`, `ends_at`, `show_status_id`) VALUES (82, 12, 50, '2023-03-02 18:02:00', '2023-03-02 20:02:00', 2);
INSERT INTO `showtime` (`show_id`, `screen_id`, `version_id`, `starts_at`, `ends_at`, `show_status_id`) VALUES (83, 22, 58, '2023-03-02 14:23:00', '2023-03-02 16:23:00', 4);
INSERT INTO `showtime` (`show_id`, `screen_id`, `version_id`, `starts_at`, `ends_at`, `show_status_id`) VALUES (84, 25, 10, '2023-02-06 11:33:00', '2023-02-06 13:33:00', 3);
INSERT INTO `showtime` (`show_id`, `screen_id`, `version_id`, `starts_at`, `ends_at`, `show_status_id`) VALUES (85, 13, 41, '2023-02-11 13:15:00', '2023-02-11 15:15:00', 1);
INSERT INTO `showtime` (`show_id`, `screen_id`, `version_id`, `starts_at`, `ends_at`, `show_status_id`) VALUES (86, 1, 95, '2023-01-12 16:33:00', '2023-01-12 18:33:00', 4);
INSERT INTO `showtime` (`show_id`, `screen_id`, `version_id`, `starts_at`, `ends_at`, `show_status_id`) VALUES (87, 30, 72, '2023-01-08 13:49:00', '2023-01-08 15:49:00', 3);
INSERT INTO `showtime` (`show_id`, `screen_id`, `version_id`, `starts_at`, `ends_at`, `show_status_id`) VALUES (88, 23, 58, '2023-01-14 18:18:00', '2023-01-14 20:18:00', 4);
INSERT INTO `showtime` (`show_id`, `screen_id`, `version_id`, `starts_at`, `ends_at`, `show_status_id`) VALUES (89, 7, 16, '2023-01-09 22:04:00', '2023-01-10 00:04:00', 4);
INSERT INTO `showtime` (`show_id`, `screen_id`, `version_id`, `starts_at`, `ends_at`, `show_status_id`) VALUES (90, 6, 116, '2023-02-15 16:05:00', '2023-02-15 18:05:00', 3);
INSERT INTO `showtime` (`show_id`, `screen_id`, `version_id`, `starts_at`, `ends_at`, `show_status_id`) VALUES (91, 22, 45, '2023-02-15 10:35:00', '2023-02-15 12:35:00', 3);
INSERT INTO `showtime` (`show_id`, `screen_id`, `version_id`, `starts_at`, `ends_at`, `show_status_id`) VALUES (92, 29, 39, '2023-02-24 11:45:00', '2023-02-24 13:45:00', 2);
INSERT INTO `showtime` (`show_id`, `screen_id`, `version_id`, `starts_at`, `ends_at`, `show_status_id`) VALUES (93, 26, 47, '2023-02-02 12:07:00', '2023-02-02 14:07:00', 2);
INSERT INTO `showtime` (`show_id`, `screen_id`, `version_id`, `starts_at`, `ends_at`, `show_status_id`) VALUES (94, 26, 18, '2023-01-16 21:31:00', '2023-01-16 23:31:00', 1);
INSERT INTO `showtime` (`show_id`, `screen_id`, `version_id`, `starts_at`, `ends_at`, `show_status_id`) VALUES (95, 12, 71, '2023-02-06 14:29:00', '2023-02-06 16:29:00', 2);
INSERT INTO `showtime` (`show_id`, `screen_id`, `version_id`, `starts_at`, `ends_at`, `show_status_id`) VALUES (96, 20, 114, '2023-01-06 10:19:00', '2023-01-06 12:19:00', 4);
INSERT INTO `showtime` (`show_id`, `screen_id`, `version_id`, `starts_at`, `ends_at`, `show_status_id`) VALUES (97, 23, 93, '2023-01-31 17:26:00', '2023-01-31 19:26:00', 4);
INSERT INTO `showtime` (`show_id`, `screen_id`, `version_id`, `starts_at`, `ends_at`, `show_status_id`) VALUES (98, 27, 74, '2023-01-05 11:20:00', '2023-01-05 13:20:00', 1);
INSERT INTO `showtime` (`show_id`, `screen_id`, `version_id`, `starts_at`, `ends_at`, `show_status_id`) VALUES (99, 15, 60, '2023-02-13 17:22:00', '2023-02-13 19:22:00', 2);
INSERT INTO `showtime` (`show_id`, `screen_id`, `version_id`, `starts_at`, `ends_at`, `show_status_id`) VALUES (100, 29, 107, '2023-02-19 17:40:00', '2023-02-19 19:40:00', 2);
INSERT INTO `showtime` (`show_id`, `screen_id`, `version_id`, `starts_at`, `ends_at`, `show_status_id`) VALUES (101, 25, 17, '2023-01-28 17:58:00', '2023-01-28 19:58:00', 1);
INSERT INTO `showtime` (`show_id`, `screen_id`, `version_id`, `starts_at`, `ends_at`, `show_status_id`) VALUES (102, 27, 16, '2023-02-03 11:19:00', '2023-02-03 13:19:00', 2);
INSERT INTO `showtime` (`show_id`, `screen_id`, `version_id`, `starts_at`, `ends_at`, `show_status_id`) VALUES (103, 6, 42, '2023-03-01 20:14:00', '2023-03-01 22:14:00', 3);
INSERT INTO `showtime` (`show_id`, `screen_id`, `version_id`, `starts_at`, `ends_at`, `show_status_id`) VALUES (104, 17, 115, '2023-01-19 22:05:00', '2023-01-20 00:05:00', 3);
INSERT INTO `showtime` (`show_id`, `screen_id`, `version_id`, `starts_at`, `ends_at`, `show_status_id`) VALUES (105, 7, 82, '2023-02-05 13:08:00', '2023-02-05 15:08:00', 3);
INSERT INTO `showtime` (`show_id`, `screen_id`, `version_id`, `starts_at`, `ends_at`, `show_status_id`) VALUES (106, 20, 69, '2023-01-06 17:41:00', '2023-01-06 19:41:00', 2);
INSERT INTO `showtime` (`show_id`, `screen_id`, `version_id`, `starts_at`, `ends_at`, `show_status_id`) VALUES (107, 19, 75, '2023-01-10 11:42:00', '2023-01-10 13:42:00', 3);
INSERT INTO `showtime` (`show_id`, `screen_id`, `version_id`, `starts_at`, `ends_at`, `show_status_id`) VALUES (108, 27, 119, '2023-02-06 09:52:00', '2023-02-06 11:52:00', 1);
INSERT INTO `showtime` (`show_id`, `screen_id`, `version_id`, `starts_at`, `ends_at`, `show_status_id`) VALUES (109, 3, 6, '2023-03-02 19:49:00', '2023-03-02 21:49:00', 3);
INSERT INTO `showtime` (`show_id`, `screen_id`, `version_id`, `starts_at`, `ends_at`, `show_status_id`) VALUES (110, 21, 27, '2023-02-19 18:26:00', '2023-02-19 20:26:00', 1);
INSERT INTO `showtime` (`show_id`, `screen_id`, `version_id`, `starts_at`, `ends_at`, `show_status_id`) VALUES (111, 16, 114, '2023-02-10 17:18:00', '2023-02-10 19:18:00', 3);
INSERT INTO `showtime` (`show_id`, `screen_id`, `version_id`, `starts_at`, `ends_at`, `show_status_id`) VALUES (112, 16, 32, '2023-02-21 21:43:00', '2023-02-21 23:43:00', 4);
INSERT INTO `showtime` (`show_id`, `screen_id`, `version_id`, `starts_at`, `ends_at`, `show_status_id`) VALUES (113, 10, 59, '2023-01-05 20:03:00', '2023-01-05 22:03:00', 2);
INSERT INTO `showtime` (`show_id`, `screen_id`, `version_id`, `starts_at`, `ends_at`, `show_status_id`) VALUES (114, 15, 54, '2023-01-31 16:13:00', '2023-01-31 18:13:00', 3);
INSERT INTO `showtime` (`show_id`, `screen_id`, `version_id`, `starts_at`, `ends_at`, `show_status_id`) VALUES (115, 20, 19, '2023-01-21 22:45:00', '2023-01-22 00:45:00', 3);
INSERT INTO `showtime` (`show_id`, `screen_id`, `version_id`, `starts_at`, `ends_at`, `show_status_id`) VALUES (116, 24, 111, '2023-01-23 15:08:00', '2023-01-23 17:08:00', 3);
INSERT INTO `showtime` (`show_id`, `screen_id`, `version_id`, `starts_at`, `ends_at`, `show_status_id`) VALUES (117, 17, 72, '2023-01-07 14:15:00', '2023-01-07 16:15:00', 4);
INSERT INTO `showtime` (`show_id`, `screen_id`, `version_id`, `starts_at`, `ends_at`, `show_status_id`) VALUES (118, 4, 35, '2023-01-29 12:09:00', '2023-01-29 14:09:00', 1);
INSERT INTO `showtime` (`show_id`, `screen_id`, `version_id`, `starts_at`, `ends_at`, `show_status_id`) VALUES (119, 2, 38, '2023-03-02 15:55:00', '2023-03-02 17:55:00', 4);
INSERT INTO `showtime` (`show_id`, `screen_id`, `version_id`, `starts_at`, `ends_at`, `show_status_id`) VALUES (120, 8, 111, '2023-02-27 11:52:00', '2023-02-27 13:52:00', 3);
INSERT INTO `showtime` (`show_id`, `screen_id`, `version_id`, `starts_at`, `ends_at`, `show_status_id`) VALUES (121, 30, 74, '2023-02-16 14:12:00', '2023-02-16 16:12:00', 2);
INSERT INTO `showtime` (`show_id`, `screen_id`, `version_id`, `starts_at`, `ends_at`, `show_status_id`) VALUES (122, 16, 66, '2023-01-30 16:56:00', '2023-01-30 18:56:00', 3);
INSERT INTO `showtime` (`show_id`, `screen_id`, `version_id`, `starts_at`, `ends_at`, `show_status_id`) VALUES (123, 16, 3, '2023-01-06 15:32:00', '2023-01-06 17:32:00', 4);
INSERT INTO `showtime` (`show_id`, `screen_id`, `version_id`, `starts_at`, `ends_at`, `show_status_id`) VALUES (124, 8, 28, '2023-02-07 14:03:00', '2023-02-07 16:03:00', 1);
INSERT INTO `showtime` (`show_id`, `screen_id`, `version_id`, `starts_at`, `ends_at`, `show_status_id`) VALUES (125, 10, 64, '2023-02-08 22:41:00', '2023-02-09 00:41:00', 4);
INSERT INTO `showtime` (`show_id`, `screen_id`, `version_id`, `starts_at`, `ends_at`, `show_status_id`) VALUES (126, 10, 69, '2023-01-01 22:06:00', '2023-01-02 00:06:00', 4);
INSERT INTO `showtime` (`show_id`, `screen_id`, `version_id`, `starts_at`, `ends_at`, `show_status_id`) VALUES (127, 5, 113, '2023-01-17 20:23:00', '2023-01-17 22:23:00', 4);
INSERT INTO `showtime` (`show_id`, `screen_id`, `version_id`, `starts_at`, `ends_at`, `show_status_id`) VALUES (128, 12, 6, '2023-01-26 09:36:00', '2023-01-26 11:36:00', 2);
INSERT INTO `showtime` (`show_id`, `screen_id`, `version_id`, `starts_at`, `ends_at`, `show_status_id`) VALUES (129, 12, 71, '2023-01-19 10:24:00', '2023-01-19 12:24:00', 4);
INSERT INTO `showtime` (`show_id`, `screen_id`, `version_id`, `starts_at`, `ends_at`, `show_status_id`) VALUES (130, 25, 71, '2023-01-18 22:39:00', '2023-01-19 00:39:00', 1);
INSERT INTO `showtime` (`show_id`, `screen_id`, `version_id`, `starts_at`, `ends_at`, `show_status_id`) VALUES (131, 5, 13, '2023-01-26 14:50:00', '2023-01-26 16:50:00', 3);
INSERT INTO `showtime` (`show_id`, `screen_id`, `version_id`, `starts_at`, `ends_at`, `show_status_id`) VALUES (132, 18, 47, '2023-02-18 11:12:00', '2023-02-18 13:12:00', 4);
INSERT INTO `showtime` (`show_id`, `screen_id`, `version_id`, `starts_at`, `ends_at`, `show_status_id`) VALUES (133, 17, 6, '2023-01-03 09:08:00', '2023-01-03 11:08:00', 3);
INSERT INTO `showtime` (`show_id`, `screen_id`, `version_id`, `starts_at`, `ends_at`, `show_status_id`) VALUES (134, 26, 61, '2023-02-03 16:09:00', '2023-02-03 18:09:00', 2);
INSERT INTO `showtime` (`show_id`, `screen_id`, `version_id`, `starts_at`, `ends_at`, `show_status_id`) VALUES (135, 11, 120, '2023-02-09 14:10:00', '2023-02-09 16:10:00', 4);
INSERT INTO `showtime` (`show_id`, `screen_id`, `version_id`, `starts_at`, `ends_at`, `show_status_id`) VALUES (136, 20, 95, '2023-02-23 13:37:00', '2023-02-23 15:37:00', 3);
INSERT INTO `showtime` (`show_id`, `screen_id`, `version_id`, `starts_at`, `ends_at`, `show_status_id`) VALUES (137, 17, 107, '2023-02-02 17:31:00', '2023-02-02 19:31:00', 3);
INSERT INTO `showtime` (`show_id`, `screen_id`, `version_id`, `starts_at`, `ends_at`, `show_status_id`) VALUES (138, 16, 105, '2023-01-02 14:21:00', '2023-01-02 16:21:00', 1);
INSERT INTO `showtime` (`show_id`, `screen_id`, `version_id`, `starts_at`, `ends_at`, `show_status_id`) VALUES (139, 14, 75, '2023-01-20 21:57:00', '2023-01-20 23:57:00', 1);
INSERT INTO `showtime` (`show_id`, `screen_id`, `version_id`, `starts_at`, `ends_at`, `show_status_id`) VALUES (140, 20, 61, '2023-01-17 19:50:00', '2023-01-17 21:50:00', 2);
INSERT INTO `showtime` (`show_id`, `screen_id`, `version_id`, `starts_at`, `ends_at`, `show_status_id`) VALUES (141, 24, 7, '2023-02-07 16:10:00', '2023-02-07 18:10:00', 4);
INSERT INTO `showtime` (`show_id`, `screen_id`, `version_id`, `starts_at`, `ends_at`, `show_status_id`) VALUES (142, 5, 106, '2023-02-13 12:02:00', '2023-02-13 14:02:00', 1);
INSERT INTO `showtime` (`show_id`, `screen_id`, `version_id`, `starts_at`, `ends_at`, `show_status_id`) VALUES (143, 7, 3, '2023-01-29 14:26:00', '2023-01-29 16:26:00', 2);
INSERT INTO `showtime` (`show_id`, `screen_id`, `version_id`, `starts_at`, `ends_at`, `show_status_id`) VALUES (144, 14, 89, '2023-01-14 15:32:00', '2023-01-14 17:32:00', 4);
INSERT INTO `showtime` (`show_id`, `screen_id`, `version_id`, `starts_at`, `ends_at`, `show_status_id`) VALUES (145, 28, 109, '2023-02-17 20:03:00', '2023-02-17 22:03:00', 2);
INSERT INTO `showtime` (`show_id`, `screen_id`, `version_id`, `starts_at`, `ends_at`, `show_status_id`) VALUES (146, 17, 27, '2023-02-05 14:42:00', '2023-02-05 16:42:00', 4);
INSERT INTO `showtime` (`show_id`, `screen_id`, `version_id`, `starts_at`, `ends_at`, `show_status_id`) VALUES (147, 17, 49, '2023-01-21 11:29:00', '2023-01-21 13:29:00', 3);
INSERT INTO `showtime` (`show_id`, `screen_id`, `version_id`, `starts_at`, `ends_at`, `show_status_id`) VALUES (148, 18, 46, '2023-02-13 21:55:00', '2023-02-13 23:55:00', 3);
INSERT INTO `showtime` (`show_id`, `screen_id`, `version_id`, `starts_at`, `ends_at`, `show_status_id`) VALUES (149, 20, 62, '2023-01-13 12:17:00', '2023-01-13 14:17:00', 3);
INSERT INTO `showtime` (`show_id`, `screen_id`, `version_id`, `starts_at`, `ends_at`, `show_status_id`) VALUES (150, 8, 39, '2023-02-19 13:45:00', '2023-02-19 15:45:00', 2);
INSERT INTO `showtime` (`show_id`, `screen_id`, `version_id`, `starts_at`, `ends_at`, `show_status_id`) VALUES (151, 23, 91, '2023-02-01 14:30:00', '2023-02-01 16:30:00', 3);
INSERT INTO `showtime` (`show_id`, `screen_id`, `version_id`, `starts_at`, `ends_at`, `show_status_id`) VALUES (152, 18, 120, '2023-03-01 21:46:00', '2023-03-01 23:46:00', 3);
INSERT INTO `showtime` (`show_id`, `screen_id`, `version_id`, `starts_at`, `ends_at`, `show_status_id`) VALUES (153, 10, 16, '2023-02-06 19:34:00', '2023-02-06 21:34:00', 4);
INSERT INTO `showtime` (`show_id`, `screen_id`, `version_id`, `starts_at`, `ends_at`, `show_status_id`) VALUES (154, 29, 51, '2023-02-22 14:49:00', '2023-02-22 16:49:00', 2);
INSERT INTO `showtime` (`show_id`, `screen_id`, `version_id`, `starts_at`, `ends_at`, `show_status_id`) VALUES (155, 10, 6, '2023-01-19 20:05:00', '2023-01-19 22:05:00', 3);
INSERT INTO `showtime` (`show_id`, `screen_id`, `version_id`, `starts_at`, `ends_at`, `show_status_id`) VALUES (156, 30, 57, '2023-02-11 13:47:00', '2023-02-11 15:47:00', 4);
INSERT INTO `showtime` (`show_id`, `screen_id`, `version_id`, `starts_at`, `ends_at`, `show_status_id`) VALUES (157, 7, 26, '2023-02-22 17:17:00', '2023-02-22 19:17:00', 3);
INSERT INTO `showtime` (`show_id`, `screen_id`, `version_id`, `starts_at`, `ends_at`, `show_status_id`) VALUES (158, 5, 14, '2023-02-09 20:37:00', '2023-02-09 22:37:00', 2);
INSERT INTO `showtime` (`show_id`, `screen_id`, `version_id`, `starts_at`, `ends_at`, `show_status_id`) VALUES (159, 8, 7, '2023-02-12 17:14:00', '2023-02-12 19:14:00', 2);
INSERT INTO `showtime` (`show_id`, `screen_id`, `version_id`, `starts_at`, `ends_at`, `show_status_id`) VALUES (160, 2, 13, '2023-01-27 14:45:00', '2023-01-27 16:45:00', 4);
INSERT INTO `showtime` (`show_id`, `screen_id`, `version_id`, `starts_at`, `ends_at`, `show_status_id`) VALUES (161, 4, 88, '2023-02-19 11:00:00', '2023-02-19 13:00:00', 2);
INSERT INTO `showtime` (`show_id`, `screen_id`, `version_id`, `starts_at`, `ends_at`, `show_status_id`) VALUES (162, 14, 84, '2023-03-01 16:30:00', '2023-03-01 18:30:00', 2);
INSERT INTO `showtime` (`show_id`, `screen_id`, `version_id`, `starts_at`, `ends_at`, `show_status_id`) VALUES (163, 25, 37, '2023-01-21 13:41:00', '2023-01-21 15:41:00', 1);
INSERT INTO `showtime` (`show_id`, `screen_id`, `version_id`, `starts_at`, `ends_at`, `show_status_id`) VALUES (164, 30, 99, '2023-01-06 19:36:00', '2023-01-06 21:36:00', 2);
INSERT INTO `showtime` (`show_id`, `screen_id`, `version_id`, `starts_at`, `ends_at`, `show_status_id`) VALUES (165, 18, 95, '2023-02-16 22:59:00', '2023-02-17 00:59:00', 1);
INSERT INTO `showtime` (`show_id`, `screen_id`, `version_id`, `starts_at`, `ends_at`, `show_status_id`) VALUES (166, 30, 118, '2023-01-12 15:56:00', '2023-01-12 17:56:00', 2);
INSERT INTO `showtime` (`show_id`, `screen_id`, `version_id`, `starts_at`, `ends_at`, `show_status_id`) VALUES (167, 30, 118, '2023-01-03 22:25:00', '2023-01-04 00:25:00', 4);
INSERT INTO `showtime` (`show_id`, `screen_id`, `version_id`, `starts_at`, `ends_at`, `show_status_id`) VALUES (168, 6, 120, '2023-02-17 22:59:00', '2023-02-18 00:59:00', 3);
INSERT INTO `showtime` (`show_id`, `screen_id`, `version_id`, `starts_at`, `ends_at`, `show_status_id`) VALUES (169, 29, 5, '2023-01-01 13:36:00', '2023-01-01 15:36:00', 1);
INSERT INTO `showtime` (`show_id`, `screen_id`, `version_id`, `starts_at`, `ends_at`, `show_status_id`) VALUES (170, 30, 43, '2023-01-19 16:41:00', '2023-01-19 18:41:00', 4);
INSERT INTO `showtime` (`show_id`, `screen_id`, `version_id`, `starts_at`, `ends_at`, `show_status_id`) VALUES (171, 29, 18, '2023-02-24 17:29:00', '2023-02-24 19:29:00', 3);
INSERT INTO `showtime` (`show_id`, `screen_id`, `version_id`, `starts_at`, `ends_at`, `show_status_id`) VALUES (172, 7, 104, '2023-01-08 14:10:00', '2023-01-08 16:10:00', 4);
INSERT INTO `showtime` (`show_id`, `screen_id`, `version_id`, `starts_at`, `ends_at`, `show_status_id`) VALUES (173, 21, 33, '2023-02-15 11:00:00', '2023-02-15 13:00:00', 3);
INSERT INTO `showtime` (`show_id`, `screen_id`, `version_id`, `starts_at`, `ends_at`, `show_status_id`) VALUES (174, 26, 38, '2023-02-06 19:48:00', '2023-02-06 21:48:00', 2);
INSERT INTO `showtime` (`show_id`, `screen_id`, `version_id`, `starts_at`, `ends_at`, `show_status_id`) VALUES (175, 6, 79, '2023-02-24 19:57:00', '2023-02-24 21:57:00', 4);
INSERT INTO `showtime` (`show_id`, `screen_id`, `version_id`, `starts_at`, `ends_at`, `show_status_id`) VALUES (176, 27, 55, '2023-02-02 14:05:00', '2023-02-02 16:05:00', 4);
INSERT INTO `showtime` (`show_id`, `screen_id`, `version_id`, `starts_at`, `ends_at`, `show_status_id`) VALUES (177, 22, 13, '2023-01-12 11:30:00', '2023-01-12 13:30:00', 3);
INSERT INTO `showtime` (`show_id`, `screen_id`, `version_id`, `starts_at`, `ends_at`, `show_status_id`) VALUES (178, 30, 32, '2023-01-01 13:24:00', '2023-01-01 15:24:00', 2);
INSERT INTO `showtime` (`show_id`, `screen_id`, `version_id`, `starts_at`, `ends_at`, `show_status_id`) VALUES (179, 15, 97, '2023-01-18 14:19:00', '2023-01-18 16:19:00', 1);
INSERT INTO `showtime` (`show_id`, `screen_id`, `version_id`, `starts_at`, `ends_at`, `show_status_id`) VALUES (180, 9, 84, '2023-01-24 20:15:00', '2023-01-24 22:15:00', 1);
INSERT INTO `showtime` (`show_id`, `screen_id`, `version_id`, `starts_at`, `ends_at`, `show_status_id`) VALUES (181, 22, 16, '2023-01-30 13:10:00', '2023-01-30 15:10:00', 4);
INSERT INTO `showtime` (`show_id`, `screen_id`, `version_id`, `starts_at`, `ends_at`, `show_status_id`) VALUES (182, 22, 65, '2023-03-01 20:49:00', '2023-03-01 22:49:00', 3);
INSERT INTO `showtime` (`show_id`, `screen_id`, `version_id`, `starts_at`, `ends_at`, `show_status_id`) VALUES (183, 23, 16, '2023-02-10 13:23:00', '2023-02-10 15:23:00', 2);
INSERT INTO `showtime` (`show_id`, `screen_id`, `version_id`, `starts_at`, `ends_at`, `show_status_id`) VALUES (184, 8, 18, '2023-01-31 11:29:00', '2023-01-31 13:29:00', 3);
INSERT INTO `showtime` (`show_id`, `screen_id`, `version_id`, `starts_at`, `ends_at`, `show_status_id`) VALUES (185, 14, 90, '2023-02-05 16:48:00', '2023-02-05 18:48:00', 2);
INSERT INTO `showtime` (`show_id`, `screen_id`, `version_id`, `starts_at`, `ends_at`, `show_status_id`) VALUES (186, 25, 32, '2023-02-13 21:38:00', '2023-02-13 23:38:00', 1);
INSERT INTO `showtime` (`show_id`, `screen_id`, `version_id`, `starts_at`, `ends_at`, `show_status_id`) VALUES (187, 17, 58, '2023-02-03 20:23:00', '2023-02-03 22:23:00', 1);
INSERT INTO `showtime` (`show_id`, `screen_id`, `version_id`, `starts_at`, `ends_at`, `show_status_id`) VALUES (188, 30, 73, '2023-01-08 09:53:00', '2023-01-08 11:53:00', 2);
INSERT INTO `showtime` (`show_id`, `screen_id`, `version_id`, `starts_at`, `ends_at`, `show_status_id`) VALUES (189, 19, 69, '2023-01-10 11:20:00', '2023-01-10 13:20:00', 4);
INSERT INTO `showtime` (`show_id`, `screen_id`, `version_id`, `starts_at`, `ends_at`, `show_status_id`) VALUES (190, 4, 88, '2023-01-14 20:37:00', '2023-01-14 22:37:00', 4);
INSERT INTO `showtime` (`show_id`, `screen_id`, `version_id`, `starts_at`, `ends_at`, `show_status_id`) VALUES (191, 3, 116, '2023-02-02 16:51:00', '2023-02-02 18:51:00', 1);
INSERT INTO `showtime` (`show_id`, `screen_id`, `version_id`, `starts_at`, `ends_at`, `show_status_id`) VALUES (192, 15, 17, '2023-02-02 15:29:00', '2023-02-02 17:29:00', 1);
INSERT INTO `showtime` (`show_id`, `screen_id`, `version_id`, `starts_at`, `ends_at`, `show_status_id`) VALUES (193, 18, 60, '2023-02-13 21:19:00', '2023-02-13 23:19:00', 1);
INSERT INTO `showtime` (`show_id`, `screen_id`, `version_id`, `starts_at`, `ends_at`, `show_status_id`) VALUES (194, 13, 33, '2023-02-22 09:47:00', '2023-02-22 11:47:00', 2);
INSERT INTO `showtime` (`show_id`, `screen_id`, `version_id`, `starts_at`, `ends_at`, `show_status_id`) VALUES (195, 19, 10, '2023-01-03 15:22:00', '2023-01-03 17:22:00', 1);
INSERT INTO `showtime` (`show_id`, `screen_id`, `version_id`, `starts_at`, `ends_at`, `show_status_id`) VALUES (196, 18, 8, '2023-03-01 10:59:00', '2023-03-01 12:59:00', 4);
INSERT INTO `showtime` (`show_id`, `screen_id`, `version_id`, `starts_at`, `ends_at`, `show_status_id`) VALUES (197, 2, 37, '2023-01-27 11:49:00', '2023-01-27 13:49:00', 2);
INSERT INTO `showtime` (`show_id`, `screen_id`, `version_id`, `starts_at`, `ends_at`, `show_status_id`) VALUES (198, 25, 83, '2023-02-16 19:26:00', '2023-02-16 21:26:00', 3);
INSERT INTO `showtime` (`show_id`, `screen_id`, `version_id`, `starts_at`, `ends_at`, `show_status_id`) VALUES (199, 29, 49, '2023-01-29 22:58:00', '2023-01-30 00:58:00', 4);
INSERT INTO `showtime` (`show_id`, `screen_id`, `version_id`, `starts_at`, `ends_at`, `show_status_id`) VALUES (200, 13, 11, '2023-02-13 19:55:00', '2023-02-13 21:55:00', 2);
-- price_rule_applies
INSERT INTO `price_rule_applies` (`rule_apply_id`, `rule_id`, `theater_id`, `screen_id`, `seat_type_id`, `day_of_week`, `time_from`, `time_to`) VALUES (1, 6, 2, 6, 5, 3, '09:00:00', '23:59:59');
INSERT INTO `price_rule_applies` (`rule_apply_id`, `rule_id`, `theater_id`, `screen_id`, `seat_type_id`, `day_of_week`, `time_from`, `time_to`) VALUES (2, 9, 3, 24, 2, 6, '09:00:00', '23:59:59');
INSERT INTO `price_rule_applies` (`rule_apply_id`, `rule_id`, `theater_id`, `screen_id`, `seat_type_id`, `day_of_week`, `time_from`, `time_to`) VALUES (3, 1, 13, 1, 3, 3, '09:00:00', '23:59:59');
INSERT INTO `price_rule_applies` (`rule_apply_id`, `rule_id`, `theater_id`, `screen_id`, `seat_type_id`, `day_of_week`, `time_from`, `time_to`) VALUES (4, 9, 7, 18, 4, 6, '09:00:00', '23:59:59');
INSERT INTO `price_rule_applies` (`rule_apply_id`, `rule_id`, `theater_id`, `screen_id`, `seat_type_id`, `day_of_week`, `time_from`, `time_to`) VALUES (5, 4, 4, 15, 3, 1, '09:00:00', '23:59:59');
INSERT INTO `price_rule_applies` (`rule_apply_id`, `rule_id`, `theater_id`, `screen_id`, `seat_type_id`, `day_of_week`, `time_from`, `time_to`) VALUES (6, 5, 4, 30, 1, 0, '09:00:00', '23:59:59');
INSERT INTO `price_rule_applies` (`rule_apply_id`, `rule_id`, `theater_id`, `screen_id`, `seat_type_id`, `day_of_week`, `time_from`, `time_to`) VALUES (7, 7, 10, 25, 1, 1, '09:00:00', '23:59:59');
INSERT INTO `price_rule_applies` (`rule_apply_id`, `rule_id`, `theater_id`, `screen_id`, `seat_type_id`, `day_of_week`, `time_from`, `time_to`) VALUES (8, 4, 2, 4, 5, 0, '09:00:00', '23:59:59');
INSERT INTO `price_rule_applies` (`rule_apply_id`, `rule_id`, `theater_id`, `screen_id`, `seat_type_id`, `day_of_week`, `time_from`, `time_to`) VALUES (9, 8, 10, 22, 1, 1, '09:00:00', '23:59:59');
INSERT INTO `price_rule_applies` (`rule_apply_id`, `rule_id`, `theater_id`, `screen_id`, `seat_type_id`, `day_of_week`, `time_from`, `time_to`) VALUES (10, 1, 7, 15, 2, 4, '09:00:00', '23:59:59');
INSERT INTO `price_rule_applies` (`rule_apply_id`, `rule_id`, `theater_id`, `screen_id`, `seat_type_id`, `day_of_week`, `time_from`, `time_to`) VALUES (11, 4, 13, 28, 1, 1, '09:00:00', '23:59:59');
INSERT INTO `price_rule_applies` (`rule_apply_id`, `rule_id`, `theater_id`, `screen_id`, `seat_type_id`, `day_of_week`, `time_from`, `time_to`) VALUES (12, 9, 5, 8, 5, 2, '09:00:00', '23:59:59');
INSERT INTO `price_rule_applies` (`rule_apply_id`, `rule_id`, `theater_id`, `screen_id`, `seat_type_id`, `day_of_week`, `time_from`, `time_to`) VALUES (13, 10, 10, 25, 3, 1, '09:00:00', '23:59:59');
INSERT INTO `price_rule_applies` (`rule_apply_id`, `rule_id`, `theater_id`, `screen_id`, `seat_type_id`, `day_of_week`, `time_from`, `time_to`) VALUES (14, 5, 15, 5, 5, 1, '09:00:00', '23:59:59');
INSERT INTO `price_rule_applies` (`rule_apply_id`, `rule_id`, `theater_id`, `screen_id`, `seat_type_id`, `day_of_week`, `time_from`, `time_to`) VALUES (15, 7, 5, 9, 1, 4, '09:00:00', '23:59:59');
INSERT INTO `price_rule_applies` (`rule_apply_id`, `rule_id`, `theater_id`, `screen_id`, `seat_type_id`, `day_of_week`, `time_from`, `time_to`) VALUES (16, 10, 15, 24, 2, 5, '09:00:00', '23:59:59');
INSERT INTO `price_rule_applies` (`rule_apply_id`, `rule_id`, `theater_id`, `screen_id`, `seat_type_id`, `day_of_week`, `time_from`, `time_to`) VALUES (17, 7, 9, 16, 1, 2, '09:00:00', '23:59:59');
INSERT INTO `price_rule_applies` (`rule_apply_id`, `rule_id`, `theater_id`, `screen_id`, `seat_type_id`, `day_of_week`, `time_from`, `time_to`) VALUES (18, 7, 13, 17, 3, 5, '09:00:00', '23:59:59');
INSERT INTO `price_rule_applies` (`rule_apply_id`, `rule_id`, `theater_id`, `screen_id`, `seat_type_id`, `day_of_week`, `time_from`, `time_to`) VALUES (19, 7, 7, 5, 3, 3, '09:00:00', '23:59:59');
INSERT INTO `price_rule_applies` (`rule_apply_id`, `rule_id`, `theater_id`, `screen_id`, `seat_type_id`, `day_of_week`, `time_from`, `time_to`) VALUES (20, 3, 13, 18, 4, 1, '09:00:00', '23:59:59');
INSERT INTO `price_rule_applies` (`rule_apply_id`, `rule_id`, `theater_id`, `screen_id`, `seat_type_id`, `day_of_week`, `time_from`, `time_to`) VALUES (21, 4, 5, 28, 2, 6, '09:00:00', '23:59:59');
INSERT INTO `price_rule_applies` (`rule_apply_id`, `rule_id`, `theater_id`, `screen_id`, `seat_type_id`, `day_of_week`, `time_from`, `time_to`) VALUES (22, 8, 15, 2, 5, 3, '09:00:00', '23:59:59');
INSERT INTO `price_rule_applies` (`rule_apply_id`, `rule_id`, `theater_id`, `screen_id`, `seat_type_id`, `day_of_week`, `time_from`, `time_to`) VALUES (23, 7, 9, 17, 2, 3, '09:00:00', '23:59:59');
INSERT INTO `price_rule_applies` (`rule_apply_id`, `rule_id`, `theater_id`, `screen_id`, `seat_type_id`, `day_of_week`, `time_from`, `time_to`) VALUES (24, 4, 5, 7, 3, 5, '09:00:00', '23:59:59');
INSERT INTO `price_rule_applies` (`rule_apply_id`, `rule_id`, `theater_id`, `screen_id`, `seat_type_id`, `day_of_week`, `time_from`, `time_to`) VALUES (25, 2, 15, 15, 3, 0, '09:00:00', '23:59:59');
INSERT INTO `price_rule_applies` (`rule_apply_id`, `rule_id`, `theater_id`, `screen_id`, `seat_type_id`, `day_of_week`, `time_from`, `time_to`) VALUES (26, 9, 12, 27, 2, 0, '09:00:00', '23:59:59');
INSERT INTO `price_rule_applies` (`rule_apply_id`, `rule_id`, `theater_id`, `screen_id`, `seat_type_id`, `day_of_week`, `time_from`, `time_to`) VALUES (27, 5, 7, 22, 5, 4, '09:00:00', '23:59:59');
INSERT INTO `price_rule_applies` (`rule_apply_id`, `rule_id`, `theater_id`, `screen_id`, `seat_type_id`, `day_of_week`, `time_from`, `time_to`) VALUES (28, 1, 14, 3, 2, 6, '09:00:00', '23:59:59');
INSERT INTO `price_rule_applies` (`rule_apply_id`, `rule_id`, `theater_id`, `screen_id`, `seat_type_id`, `day_of_week`, `time_from`, `time_to`) VALUES (29, 10, 12, 22, 5, 1, '09:00:00', '23:59:59');
INSERT INTO `price_rule_applies` (`rule_apply_id`, `rule_id`, `theater_id`, `screen_id`, `seat_type_id`, `day_of_week`, `time_from`, `time_to`) VALUES (30, 8, 4, 28, 3, 2, '09:00:00', '23:59:59');
-- price
INSERT INTO `price` (`price_id`, `show_id`, `seat_type_id`, `default_price`, `changed_price`, `rule_apply_id`) VALUES (1, 1, 1, 11113, NULL, 24);
INSERT INTO `price` (`price_id`, `show_id`, `seat_type_id`, `default_price`, `changed_price`, `rule_apply_id`) VALUES (2, 1, 2, 9922, NULL, 24);
INSERT INTO `price` (`price_id`, `show_id`, `seat_type_id`, `default_price`, `changed_price`, `rule_apply_id`) VALUES (3, 2, 4, 19397, NULL, 20);
INSERT INTO `price` (`price_id`, `show_id`, `seat_type_id`, `default_price`, `changed_price`, `rule_apply_id`) VALUES (4, 2, 2, 19530, NULL, 7);
INSERT INTO `price` (`price_id`, `show_id`, `seat_type_id`, `default_price`, `changed_price`, `rule_apply_id`) VALUES (5, 3, 4, 17045, NULL, 11);
INSERT INTO `price` (`price_id`, `show_id`, `seat_type_id`, `default_price`, `changed_price`, `rule_apply_id`) VALUES (6, 3, 2, 12637, NULL, 13);
INSERT INTO `price` (`price_id`, `show_id`, `seat_type_id`, `default_price`, `changed_price`, `rule_apply_id`) VALUES (7, 4, 4, 13053, NULL, 9);
INSERT INTO `price` (`price_id`, `show_id`, `seat_type_id`, `default_price`, `changed_price`, `rule_apply_id`) VALUES (8, 4, 3, 13892, NULL, 17);
INSERT INTO `price` (`price_id`, `show_id`, `seat_type_id`, `default_price`, `changed_price`, `rule_apply_id`) VALUES (9, 5, 4, 9615, NULL, 26);
INSERT INTO `price` (`price_id`, `show_id`, `seat_type_id`, `default_price`, `changed_price`, `rule_apply_id`) VALUES (10, 5, 5, 19836, NULL, 16);
INSERT INTO `price` (`price_id`, `show_id`, `seat_type_id`, `default_price`, `changed_price`, `rule_apply_id`) VALUES (11, 6, 3, 14073, NULL, 11);
INSERT INTO `price` (`price_id`, `show_id`, `seat_type_id`, `default_price`, `changed_price`, `rule_apply_id`) VALUES (12, 6, 2, 14781, NULL, 2);
INSERT INTO `price` (`price_id`, `show_id`, `seat_type_id`, `default_price`, `changed_price`, `rule_apply_id`) VALUES (13, 7, 5, 10390, NULL, 1);
INSERT INTO `price` (`price_id`, `show_id`, `seat_type_id`, `default_price`, `changed_price`, `rule_apply_id`) VALUES (14, 7, 2, 12272, NULL, 18);
INSERT INTO `price` (`price_id`, `show_id`, `seat_type_id`, `default_price`, `changed_price`, `rule_apply_id`) VALUES (15, 8, 5, 12836, NULL, 5);
INSERT INTO `price` (`price_id`, `show_id`, `seat_type_id`, `default_price`, `changed_price`, `rule_apply_id`) VALUES (16, 8, 4, 11214, NULL, 11);
INSERT INTO `price` (`price_id`, `show_id`, `seat_type_id`, `default_price`, `changed_price`, `rule_apply_id`) VALUES (17, 9, 2, 17335, NULL, 27);
INSERT INTO `price` (`price_id`, `show_id`, `seat_type_id`, `default_price`, `changed_price`, `rule_apply_id`) VALUES (18, 9, 4, 12026, NULL, 16);
INSERT INTO `price` (`price_id`, `show_id`, `seat_type_id`, `default_price`, `changed_price`, `rule_apply_id`) VALUES (19, 10, 5, 12216, NULL, 25);
INSERT INTO `price` (`price_id`, `show_id`, `seat_type_id`, `default_price`, `changed_price`, `rule_apply_id`) VALUES (20, 10, 3, 16005, NULL, 24);
INSERT INTO `price` (`price_id`, `show_id`, `seat_type_id`, `default_price`, `changed_price`, `rule_apply_id`) VALUES (21, 11, 4, 10756, NULL, 24);
INSERT INTO `price` (`price_id`, `show_id`, `seat_type_id`, `default_price`, `changed_price`, `rule_apply_id`) VALUES (22, 11, 5, 13770, NULL, 6);
INSERT INTO `price` (`price_id`, `show_id`, `seat_type_id`, `default_price`, `changed_price`, `rule_apply_id`) VALUES (23, 12, 2, 11015, NULL, 30);
INSERT INTO `price` (`price_id`, `show_id`, `seat_type_id`, `default_price`, `changed_price`, `rule_apply_id`) VALUES (24, 12, 4, 16882, NULL, 21);
INSERT INTO `price` (`price_id`, `show_id`, `seat_type_id`, `default_price`, `changed_price`, `rule_apply_id`) VALUES (25, 13, 1, 9217, NULL, 27);
INSERT INTO `price` (`price_id`, `show_id`, `seat_type_id`, `default_price`, `changed_price`, `rule_apply_id`) VALUES (26, 13, 5, 18948, NULL, 2);
INSERT INTO `price` (`price_id`, `show_id`, `seat_type_id`, `default_price`, `changed_price`, `rule_apply_id`) VALUES (27, 14, 1, 10252, NULL, 27);
INSERT INTO `price` (`price_id`, `show_id`, `seat_type_id`, `default_price`, `changed_price`, `rule_apply_id`) VALUES (28, 14, 4, 18333, NULL, 8);
INSERT INTO `price` (`price_id`, `show_id`, `seat_type_id`, `default_price`, `changed_price`, `rule_apply_id`) VALUES (29, 15, 1, 8149, NULL, 7);
INSERT INTO `price` (`price_id`, `show_id`, `seat_type_id`, `default_price`, `changed_price`, `rule_apply_id`) VALUES (30, 15, 2, 16285, NULL, 15);
INSERT INTO `price` (`price_id`, `show_id`, `seat_type_id`, `default_price`, `changed_price`, `rule_apply_id`) VALUES (31, 16, 3, 18122, NULL, 21);
INSERT INTO `price` (`price_id`, `show_id`, `seat_type_id`, `default_price`, `changed_price`, `rule_apply_id`) VALUES (32, 16, 1, 18924, NULL, 30);
INSERT INTO `price` (`price_id`, `show_id`, `seat_type_id`, `default_price`, `changed_price`, `rule_apply_id`) VALUES (33, 17, 5, 18801, NULL, 16);
INSERT INTO `price` (`price_id`, `show_id`, `seat_type_id`, `default_price`, `changed_price`, `rule_apply_id`) VALUES (34, 17, 4, 8257, NULL, 1);
INSERT INTO `price` (`price_id`, `show_id`, `seat_type_id`, `default_price`, `changed_price`, `rule_apply_id`) VALUES (35, 18, 5, 8194, NULL, 1);
INSERT INTO `price` (`price_id`, `show_id`, `seat_type_id`, `default_price`, `changed_price`, `rule_apply_id`) VALUES (36, 18, 4, 16673, NULL, 24);
INSERT INTO `price` (`price_id`, `show_id`, `seat_type_id`, `default_price`, `changed_price`, `rule_apply_id`) VALUES (37, 19, 3, 8280, NULL, 17);
INSERT INTO `price` (`price_id`, `show_id`, `seat_type_id`, `default_price`, `changed_price`, `rule_apply_id`) VALUES (38, 19, 5, 19433, NULL, 22);
INSERT INTO `price` (`price_id`, `show_id`, `seat_type_id`, `default_price`, `changed_price`, `rule_apply_id`) VALUES (39, 20, 4, 9753, NULL, 30);
INSERT INTO `price` (`price_id`, `show_id`, `seat_type_id`, `default_price`, `changed_price`, `rule_apply_id`) VALUES (40, 20, 2, 9578, NULL, 17);
INSERT INTO `price` (`price_id`, `show_id`, `seat_type_id`, `default_price`, `changed_price`, `rule_apply_id`) VALUES (41, 21, 2, 11144, NULL, 20);
INSERT INTO `price` (`price_id`, `show_id`, `seat_type_id`, `default_price`, `changed_price`, `rule_apply_id`) VALUES (42, 21, 5, 16625, NULL, 9);
INSERT INTO `price` (`price_id`, `show_id`, `seat_type_id`, `default_price`, `changed_price`, `rule_apply_id`) VALUES (43, 22, 3, 14502, NULL, 3);
INSERT INTO `price` (`price_id`, `show_id`, `seat_type_id`, `default_price`, `changed_price`, `rule_apply_id`) VALUES (44, 22, 5, 14112, NULL, 13);
INSERT INTO `price` (`price_id`, `show_id`, `seat_type_id`, `default_price`, `changed_price`, `rule_apply_id`) VALUES (45, 23, 4, 19423, NULL, 8);
INSERT INTO `price` (`price_id`, `show_id`, `seat_type_id`, `default_price`, `changed_price`, `rule_apply_id`) VALUES (46, 23, 2, 12914, NULL, 22);
INSERT INTO `price` (`price_id`, `show_id`, `seat_type_id`, `default_price`, `changed_price`, `rule_apply_id`) VALUES (47, 24, 1, 9531, NULL, 13);
INSERT INTO `price` (`price_id`, `show_id`, `seat_type_id`, `default_price`, `changed_price`, `rule_apply_id`) VALUES (48, 24, 5, 14213, NULL, 13);
INSERT INTO `price` (`price_id`, `show_id`, `seat_type_id`, `default_price`, `changed_price`, `rule_apply_id`) VALUES (49, 25, 5, 8919, NULL, 21);
INSERT INTO `price` (`price_id`, `show_id`, `seat_type_id`, `default_price`, `changed_price`, `rule_apply_id`) VALUES (50, 25, 4, 8154, NULL, 23);
INSERT INTO `price` (`price_id`, `show_id`, `seat_type_id`, `default_price`, `changed_price`, `rule_apply_id`) VALUES (51, 26, 2, 16189, NULL, 28);
INSERT INTO `price` (`price_id`, `show_id`, `seat_type_id`, `default_price`, `changed_price`, `rule_apply_id`) VALUES (52, 26, 1, 15109, NULL, 21);
INSERT INTO `price` (`price_id`, `show_id`, `seat_type_id`, `default_price`, `changed_price`, `rule_apply_id`) VALUES (53, 27, 3, 16653, NULL, 30);
INSERT INTO `price` (`price_id`, `show_id`, `seat_type_id`, `default_price`, `changed_price`, `rule_apply_id`) VALUES (54, 27, 1, 8697, NULL, 8);
INSERT INTO `price` (`price_id`, `show_id`, `seat_type_id`, `default_price`, `changed_price`, `rule_apply_id`) VALUES (55, 28, 2, 12441, NULL, 2);
INSERT INTO `price` (`price_id`, `show_id`, `seat_type_id`, `default_price`, `changed_price`, `rule_apply_id`) VALUES (56, 28, 4, 9218, NULL, 22);
INSERT INTO `price` (`price_id`, `show_id`, `seat_type_id`, `default_price`, `changed_price`, `rule_apply_id`) VALUES (57, 29, 3, 10938, NULL, 30);
INSERT INTO `price` (`price_id`, `show_id`, `seat_type_id`, `default_price`, `changed_price`, `rule_apply_id`) VALUES (58, 29, 1, 13152, NULL, 1);
INSERT INTO `price` (`price_id`, `show_id`, `seat_type_id`, `default_price`, `changed_price`, `rule_apply_id`) VALUES (59, 30, 2, 19677, NULL, 27);
INSERT INTO `price` (`price_id`, `show_id`, `seat_type_id`, `default_price`, `changed_price`, `rule_apply_id`) VALUES (60, 30, 5, 14525, NULL, 30);
INSERT INTO `price` (`price_id`, `show_id`, `seat_type_id`, `default_price`, `changed_price`, `rule_apply_id`) VALUES (61, 31, 1, 10661, NULL, 19);
INSERT INTO `price` (`price_id`, `show_id`, `seat_type_id`, `default_price`, `changed_price`, `rule_apply_id`) VALUES (62, 31, 3, 11939, NULL, 19);
INSERT INTO `price` (`price_id`, `show_id`, `seat_type_id`, `default_price`, `changed_price`, `rule_apply_id`) VALUES (63, 32, 4, 14288, NULL, 25);
INSERT INTO `price` (`price_id`, `show_id`, `seat_type_id`, `default_price`, `changed_price`, `rule_apply_id`) VALUES (64, 32, 3, 10292, NULL, 26);
INSERT INTO `price` (`price_id`, `show_id`, `seat_type_id`, `default_price`, `changed_price`, `rule_apply_id`) VALUES (65, 33, 1, 8879, NULL, 4);
INSERT INTO `price` (`price_id`, `show_id`, `seat_type_id`, `default_price`, `changed_price`, `rule_apply_id`) VALUES (66, 33, 3, 15161, NULL, 8);
INSERT INTO `price` (`price_id`, `show_id`, `seat_type_id`, `default_price`, `changed_price`, `rule_apply_id`) VALUES (67, 34, 1, 17915, NULL, 25);
INSERT INTO `price` (`price_id`, `show_id`, `seat_type_id`, `default_price`, `changed_price`, `rule_apply_id`) VALUES (68, 34, 3, 18057, NULL, 20);
INSERT INTO `price` (`price_id`, `show_id`, `seat_type_id`, `default_price`, `changed_price`, `rule_apply_id`) VALUES (69, 35, 4, 8485, NULL, 21);
INSERT INTO `price` (`price_id`, `show_id`, `seat_type_id`, `default_price`, `changed_price`, `rule_apply_id`) VALUES (70, 35, 3, 12478, NULL, 26);
INSERT INTO `price` (`price_id`, `show_id`, `seat_type_id`, `default_price`, `changed_price`, `rule_apply_id`) VALUES (71, 36, 4, 11737, NULL, 12);
INSERT INTO `price` (`price_id`, `show_id`, `seat_type_id`, `default_price`, `changed_price`, `rule_apply_id`) VALUES (72, 36, 5, 17060, NULL, 13);
INSERT INTO `price` (`price_id`, `show_id`, `seat_type_id`, `default_price`, `changed_price`, `rule_apply_id`) VALUES (73, 37, 4, 19136, NULL, 19);
INSERT INTO `price` (`price_id`, `show_id`, `seat_type_id`, `default_price`, `changed_price`, `rule_apply_id`) VALUES (74, 37, 2, 18824, NULL, 13);
INSERT INTO `price` (`price_id`, `show_id`, `seat_type_id`, `default_price`, `changed_price`, `rule_apply_id`) VALUES (75, 38, 1, 12037, NULL, 23);
INSERT INTO `price` (`price_id`, `show_id`, `seat_type_id`, `default_price`, `changed_price`, `rule_apply_id`) VALUES (76, 38, 3, 9204, NULL, 3);
INSERT INTO `price` (`price_id`, `show_id`, `seat_type_id`, `default_price`, `changed_price`, `rule_apply_id`) VALUES (77, 39, 3, 14225, NULL, 23);
INSERT INTO `price` (`price_id`, `show_id`, `seat_type_id`, `default_price`, `changed_price`, `rule_apply_id`) VALUES (78, 39, 2, 18385, NULL, 5);
INSERT INTO `price` (`price_id`, `show_id`, `seat_type_id`, `default_price`, `changed_price`, `rule_apply_id`) VALUES (79, 40, 4, 13909, NULL, 4);
INSERT INTO `price` (`price_id`, `show_id`, `seat_type_id`, `default_price`, `changed_price`, `rule_apply_id`) VALUES (80, 40, 3, 9499, NULL, 1);
INSERT INTO `price` (`price_id`, `show_id`, `seat_type_id`, `default_price`, `changed_price`, `rule_apply_id`) VALUES (81, 41, 3, 13896, NULL, 25);
INSERT INTO `price` (`price_id`, `show_id`, `seat_type_id`, `default_price`, `changed_price`, `rule_apply_id`) VALUES (82, 41, 4, 12419, NULL, 4);
INSERT INTO `price` (`price_id`, `show_id`, `seat_type_id`, `default_price`, `changed_price`, `rule_apply_id`) VALUES (83, 42, 2, 11070, NULL, 14);
INSERT INTO `price` (`price_id`, `show_id`, `seat_type_id`, `default_price`, `changed_price`, `rule_apply_id`) VALUES (84, 42, 1, 15353, NULL, 18);
INSERT INTO `price` (`price_id`, `show_id`, `seat_type_id`, `default_price`, `changed_price`, `rule_apply_id`) VALUES (85, 43, 5, 9692, NULL, 1);
INSERT INTO `price` (`price_id`, `show_id`, `seat_type_id`, `default_price`, `changed_price`, `rule_apply_id`) VALUES (86, 43, 4, 9468, NULL, 12);
INSERT INTO `price` (`price_id`, `show_id`, `seat_type_id`, `default_price`, `changed_price`, `rule_apply_id`) VALUES (87, 44, 5, 17780, NULL, 20);
INSERT INTO `price` (`price_id`, `show_id`, `seat_type_id`, `default_price`, `changed_price`, `rule_apply_id`) VALUES (88, 44, 1, 13315, NULL, 28);
INSERT INTO `price` (`price_id`, `show_id`, `seat_type_id`, `default_price`, `changed_price`, `rule_apply_id`) VALUES (89, 45, 4, 12781, NULL, 14);
INSERT INTO `price` (`price_id`, `show_id`, `seat_type_id`, `default_price`, `changed_price`, `rule_apply_id`) VALUES (90, 45, 1, 14353, NULL, 25);
INSERT INTO `price` (`price_id`, `show_id`, `seat_type_id`, `default_price`, `changed_price`, `rule_apply_id`) VALUES (91, 46, 1, 17370, NULL, 17);
INSERT INTO `price` (`price_id`, `show_id`, `seat_type_id`, `default_price`, `changed_price`, `rule_apply_id`) VALUES (92, 46, 2, 10778, NULL, 22);
INSERT INTO `price` (`price_id`, `show_id`, `seat_type_id`, `default_price`, `changed_price`, `rule_apply_id`) VALUES (93, 47, 4, 10274, NULL, 9);
INSERT INTO `price` (`price_id`, `show_id`, `seat_type_id`, `default_price`, `changed_price`, `rule_apply_id`) VALUES (94, 47, 2, 12933, NULL, 9);
INSERT INTO `price` (`price_id`, `show_id`, `seat_type_id`, `default_price`, `changed_price`, `rule_apply_id`) VALUES (95, 48, 4, 9036, NULL, 6);
INSERT INTO `price` (`price_id`, `show_id`, `seat_type_id`, `default_price`, `changed_price`, `rule_apply_id`) VALUES (96, 48, 2, 15121, NULL, 9);
INSERT INTO `price` (`price_id`, `show_id`, `seat_type_id`, `default_price`, `changed_price`, `rule_apply_id`) VALUES (97, 49, 4, 15933, NULL, 26);
INSERT INTO `price` (`price_id`, `show_id`, `seat_type_id`, `default_price`, `changed_price`, `rule_apply_id`) VALUES (98, 49, 3, 9260, NULL, 12);
INSERT INTO `price` (`price_id`, `show_id`, `seat_type_id`, `default_price`, `changed_price`, `rule_apply_id`) VALUES (99, 50, 3, 19811, NULL, 21);
INSERT INTO `price` (`price_id`, `show_id`, `seat_type_id`, `default_price`, `changed_price`, `rule_apply_id`) VALUES (100, 50, 2, 16123, NULL, 20);
INSERT INTO `price` (`price_id`, `show_id`, `seat_type_id`, `default_price`, `changed_price`, `rule_apply_id`) VALUES (101, 51, 5, 15501, NULL, 4);
INSERT INTO `price` (`price_id`, `show_id`, `seat_type_id`, `default_price`, `changed_price`, `rule_apply_id`) VALUES (102, 51, 2, 10219, NULL, 10);
INSERT INTO `price` (`price_id`, `show_id`, `seat_type_id`, `default_price`, `changed_price`, `rule_apply_id`) VALUES (103, 52, 1, 13443, NULL, 27);
INSERT INTO `price` (`price_id`, `show_id`, `seat_type_id`, `default_price`, `changed_price`, `rule_apply_id`) VALUES (104, 52, 4, 18161, NULL, 13);
INSERT INTO `price` (`price_id`, `show_id`, `seat_type_id`, `default_price`, `changed_price`, `rule_apply_id`) VALUES (105, 53, 3, 13484, NULL, 14);
INSERT INTO `price` (`price_id`, `show_id`, `seat_type_id`, `default_price`, `changed_price`, `rule_apply_id`) VALUES (106, 53, 4, 18666, NULL, 20);
INSERT INTO `price` (`price_id`, `show_id`, `seat_type_id`, `default_price`, `changed_price`, `rule_apply_id`) VALUES (107, 54, 2, 13253, NULL, 20);
INSERT INTO `price` (`price_id`, `show_id`, `seat_type_id`, `default_price`, `changed_price`, `rule_apply_id`) VALUES (108, 54, 3, 19391, NULL, 7);
INSERT INTO `price` (`price_id`, `show_id`, `seat_type_id`, `default_price`, `changed_price`, `rule_apply_id`) VALUES (109, 55, 4, 10910, NULL, 13);
INSERT INTO `price` (`price_id`, `show_id`, `seat_type_id`, `default_price`, `changed_price`, `rule_apply_id`) VALUES (110, 55, 3, 13228, NULL, 10);
INSERT INTO `price` (`price_id`, `show_id`, `seat_type_id`, `default_price`, `changed_price`, `rule_apply_id`) VALUES (111, 56, 4, 13339, NULL, 13);
INSERT INTO `price` (`price_id`, `show_id`, `seat_type_id`, `default_price`, `changed_price`, `rule_apply_id`) VALUES (112, 56, 2, 12592, NULL, 27);
INSERT INTO `price` (`price_id`, `show_id`, `seat_type_id`, `default_price`, `changed_price`, `rule_apply_id`) VALUES (113, 57, 4, 9865, NULL, 30);
INSERT INTO `price` (`price_id`, `show_id`, `seat_type_id`, `default_price`, `changed_price`, `rule_apply_id`) VALUES (114, 57, 3, 17238, NULL, 7);
INSERT INTO `price` (`price_id`, `show_id`, `seat_type_id`, `default_price`, `changed_price`, `rule_apply_id`) VALUES (115, 58, 5, 19169, NULL, 25);
INSERT INTO `price` (`price_id`, `show_id`, `seat_type_id`, `default_price`, `changed_price`, `rule_apply_id`) VALUES (116, 58, 2, 17012, NULL, 1);
INSERT INTO `price` (`price_id`, `show_id`, `seat_type_id`, `default_price`, `changed_price`, `rule_apply_id`) VALUES (117, 59, 4, 15183, NULL, 26);
INSERT INTO `price` (`price_id`, `show_id`, `seat_type_id`, `default_price`, `changed_price`, `rule_apply_id`) VALUES (118, 59, 2, 12773, NULL, 27);
INSERT INTO `price` (`price_id`, `show_id`, `seat_type_id`, `default_price`, `changed_price`, `rule_apply_id`) VALUES (119, 60, 1, 19026, NULL, 16);
INSERT INTO `price` (`price_id`, `show_id`, `seat_type_id`, `default_price`, `changed_price`, `rule_apply_id`) VALUES (120, 60, 4, 10280, NULL, 21);
INSERT INTO `price` (`price_id`, `show_id`, `seat_type_id`, `default_price`, `changed_price`, `rule_apply_id`) VALUES (121, 61, 3, 12139, NULL, 22);
INSERT INTO `price` (`price_id`, `show_id`, `seat_type_id`, `default_price`, `changed_price`, `rule_apply_id`) VALUES (122, 61, 2, 10525, NULL, 23);
INSERT INTO `price` (`price_id`, `show_id`, `seat_type_id`, `default_price`, `changed_price`, `rule_apply_id`) VALUES (123, 62, 4, 9211, NULL, 15);
INSERT INTO `price` (`price_id`, `show_id`, `seat_type_id`, `default_price`, `changed_price`, `rule_apply_id`) VALUES (124, 62, 5, 17796, NULL, 16);
INSERT INTO `price` (`price_id`, `show_id`, `seat_type_id`, `default_price`, `changed_price`, `rule_apply_id`) VALUES (125, 63, 5, 16755, NULL, 17);
INSERT INTO `price` (`price_id`, `show_id`, `seat_type_id`, `default_price`, `changed_price`, `rule_apply_id`) VALUES (126, 63, 4, 19332, NULL, 14);
INSERT INTO `price` (`price_id`, `show_id`, `seat_type_id`, `default_price`, `changed_price`, `rule_apply_id`) VALUES (127, 64, 5, 13890, NULL, 23);
INSERT INTO `price` (`price_id`, `show_id`, `seat_type_id`, `default_price`, `changed_price`, `rule_apply_id`) VALUES (128, 64, 1, 16796, NULL, 20);
INSERT INTO `price` (`price_id`, `show_id`, `seat_type_id`, `default_price`, `changed_price`, `rule_apply_id`) VALUES (129, 65, 1, 12067, NULL, 22);
INSERT INTO `price` (`price_id`, `show_id`, `seat_type_id`, `default_price`, `changed_price`, `rule_apply_id`) VALUES (130, 65, 5, 18890, NULL, 12);
INSERT INTO `price` (`price_id`, `show_id`, `seat_type_id`, `default_price`, `changed_price`, `rule_apply_id`) VALUES (131, 66, 2, 17227, NULL, 21);
INSERT INTO `price` (`price_id`, `show_id`, `seat_type_id`, `default_price`, `changed_price`, `rule_apply_id`) VALUES (132, 66, 1, 19099, NULL, 21);
INSERT INTO `price` (`price_id`, `show_id`, `seat_type_id`, `default_price`, `changed_price`, `rule_apply_id`) VALUES (133, 67, 4, 15052, NULL, 4);
INSERT INTO `price` (`price_id`, `show_id`, `seat_type_id`, `default_price`, `changed_price`, `rule_apply_id`) VALUES (134, 67, 3, 8172, NULL, 4);
INSERT INTO `price` (`price_id`, `show_id`, `seat_type_id`, `default_price`, `changed_price`, `rule_apply_id`) VALUES (135, 68, 3, 16366, NULL, 24);
INSERT INTO `price` (`price_id`, `show_id`, `seat_type_id`, `default_price`, `changed_price`, `rule_apply_id`) VALUES (136, 68, 2, 16499, NULL, 18);
INSERT INTO `price` (`price_id`, `show_id`, `seat_type_id`, `default_price`, `changed_price`, `rule_apply_id`) VALUES (137, 69, 5, 15303, NULL, 12);
INSERT INTO `price` (`price_id`, `show_id`, `seat_type_id`, `default_price`, `changed_price`, `rule_apply_id`) VALUES (138, 69, 2, 14408, NULL, 15);
INSERT INTO `price` (`price_id`, `show_id`, `seat_type_id`, `default_price`, `changed_price`, `rule_apply_id`) VALUES (139, 70, 5, 13651, NULL, 1);
INSERT INTO `price` (`price_id`, `show_id`, `seat_type_id`, `default_price`, `changed_price`, `rule_apply_id`) VALUES (140, 70, 2, 15909, NULL, 4);
INSERT INTO `price` (`price_id`, `show_id`, `seat_type_id`, `default_price`, `changed_price`, `rule_apply_id`) VALUES (141, 71, 3, 9406, NULL, 4);
INSERT INTO `price` (`price_id`, `show_id`, `seat_type_id`, `default_price`, `changed_price`, `rule_apply_id`) VALUES (142, 71, 4, 19962, NULL, 5);
INSERT INTO `price` (`price_id`, `show_id`, `seat_type_id`, `default_price`, `changed_price`, `rule_apply_id`) VALUES (143, 72, 3, 13620, NULL, 15);
INSERT INTO `price` (`price_id`, `show_id`, `seat_type_id`, `default_price`, `changed_price`, `rule_apply_id`) VALUES (144, 72, 5, 11389, NULL, 17);
INSERT INTO `price` (`price_id`, `show_id`, `seat_type_id`, `default_price`, `changed_price`, `rule_apply_id`) VALUES (145, 73, 4, 15801, NULL, 4);
INSERT INTO `price` (`price_id`, `show_id`, `seat_type_id`, `default_price`, `changed_price`, `rule_apply_id`) VALUES (146, 73, 3, 15178, NULL, 24);
INSERT INTO `price` (`price_id`, `show_id`, `seat_type_id`, `default_price`, `changed_price`, `rule_apply_id`) VALUES (147, 74, 4, 9100, NULL, 10);
INSERT INTO `price` (`price_id`, `show_id`, `seat_type_id`, `default_price`, `changed_price`, `rule_apply_id`) VALUES (148, 74, 3, 8732, NULL, 26);
INSERT INTO `price` (`price_id`, `show_id`, `seat_type_id`, `default_price`, `changed_price`, `rule_apply_id`) VALUES (149, 75, 1, 13620, NULL, 21);
INSERT INTO `price` (`price_id`, `show_id`, `seat_type_id`, `default_price`, `changed_price`, `rule_apply_id`) VALUES (150, 75, 5, 9791, NULL, 22);
INSERT INTO `price` (`price_id`, `show_id`, `seat_type_id`, `default_price`, `changed_price`, `rule_apply_id`) VALUES (151, 76, 2, 16454, NULL, 6);
INSERT INTO `price` (`price_id`, `show_id`, `seat_type_id`, `default_price`, `changed_price`, `rule_apply_id`) VALUES (152, 76, 5, 17042, NULL, 6);
INSERT INTO `price` (`price_id`, `show_id`, `seat_type_id`, `default_price`, `changed_price`, `rule_apply_id`) VALUES (153, 77, 3, 15570, NULL, 8);
INSERT INTO `price` (`price_id`, `show_id`, `seat_type_id`, `default_price`, `changed_price`, `rule_apply_id`) VALUES (154, 77, 4, 14636, NULL, 21);
INSERT INTO `price` (`price_id`, `show_id`, `seat_type_id`, `default_price`, `changed_price`, `rule_apply_id`) VALUES (155, 78, 2, 18493, NULL, 22);
INSERT INTO `price` (`price_id`, `show_id`, `seat_type_id`, `default_price`, `changed_price`, `rule_apply_id`) VALUES (156, 78, 5, 15080, NULL, 13);
INSERT INTO `price` (`price_id`, `show_id`, `seat_type_id`, `default_price`, `changed_price`, `rule_apply_id`) VALUES (157, 79, 1, 15365, NULL, 19);
INSERT INTO `price` (`price_id`, `show_id`, `seat_type_id`, `default_price`, `changed_price`, `rule_apply_id`) VALUES (158, 79, 2, 15037, NULL, 13);
INSERT INTO `price` (`price_id`, `show_id`, `seat_type_id`, `default_price`, `changed_price`, `rule_apply_id`) VALUES (159, 80, 1, 11371, NULL, 9);
INSERT INTO `price` (`price_id`, `show_id`, `seat_type_id`, `default_price`, `changed_price`, `rule_apply_id`) VALUES (160, 80, 2, 19530, NULL, 26);
INSERT INTO `price` (`price_id`, `show_id`, `seat_type_id`, `default_price`, `changed_price`, `rule_apply_id`) VALUES (161, 81, 1, 16796, NULL, 6);
INSERT INTO `price` (`price_id`, `show_id`, `seat_type_id`, `default_price`, `changed_price`, `rule_apply_id`) VALUES (162, 81, 5, 13993, NULL, 11);
INSERT INTO `price` (`price_id`, `show_id`, `seat_type_id`, `default_price`, `changed_price`, `rule_apply_id`) VALUES (163, 82, 2, 9867, NULL, 9);
INSERT INTO `price` (`price_id`, `show_id`, `seat_type_id`, `default_price`, `changed_price`, `rule_apply_id`) VALUES (164, 82, 4, 18988, NULL, 28);
INSERT INTO `price` (`price_id`, `show_id`, `seat_type_id`, `default_price`, `changed_price`, `rule_apply_id`) VALUES (165, 83, 4, 17780, NULL, 13);
INSERT INTO `price` (`price_id`, `show_id`, `seat_type_id`, `default_price`, `changed_price`, `rule_apply_id`) VALUES (166, 83, 3, 18015, NULL, 13);
INSERT INTO `price` (`price_id`, `show_id`, `seat_type_id`, `default_price`, `changed_price`, `rule_apply_id`) VALUES (167, 84, 5, 13700, NULL, 12);
INSERT INTO `price` (`price_id`, `show_id`, `seat_type_id`, `default_price`, `changed_price`, `rule_apply_id`) VALUES (168, 84, 1, 15501, NULL, 20);
INSERT INTO `price` (`price_id`, `show_id`, `seat_type_id`, `default_price`, `changed_price`, `rule_apply_id`) VALUES (169, 85, 2, 18067, NULL, 19);
INSERT INTO `price` (`price_id`, `show_id`, `seat_type_id`, `default_price`, `changed_price`, `rule_apply_id`) VALUES (170, 85, 3, 9388, NULL, 22);
INSERT INTO `price` (`price_id`, `show_id`, `seat_type_id`, `default_price`, `changed_price`, `rule_apply_id`) VALUES (171, 86, 2, 9931, NULL, 8);
INSERT INTO `price` (`price_id`, `show_id`, `seat_type_id`, `default_price`, `changed_price`, `rule_apply_id`) VALUES (172, 86, 3, 13003, NULL, 4);
INSERT INTO `price` (`price_id`, `show_id`, `seat_type_id`, `default_price`, `changed_price`, `rule_apply_id`) VALUES (173, 87, 2, 19361, NULL, 5);
INSERT INTO `price` (`price_id`, `show_id`, `seat_type_id`, `default_price`, `changed_price`, `rule_apply_id`) VALUES (174, 87, 3, 16369, NULL, 13);
INSERT INTO `price` (`price_id`, `show_id`, `seat_type_id`, `default_price`, `changed_price`, `rule_apply_id`) VALUES (175, 88, 4, 17417, NULL, 13);
INSERT INTO `price` (`price_id`, `show_id`, `seat_type_id`, `default_price`, `changed_price`, `rule_apply_id`) VALUES (176, 88, 2, 14931, NULL, 6);
INSERT INTO `price` (`price_id`, `show_id`, `seat_type_id`, `default_price`, `changed_price`, `rule_apply_id`) VALUES (177, 89, 4, 17091, NULL, 6);
INSERT INTO `price` (`price_id`, `show_id`, `seat_type_id`, `default_price`, `changed_price`, `rule_apply_id`) VALUES (178, 89, 2, 16022, NULL, 10);
INSERT INTO `price` (`price_id`, `show_id`, `seat_type_id`, `default_price`, `changed_price`, `rule_apply_id`) VALUES (179, 90, 2, 13154, NULL, 27);
INSERT INTO `price` (`price_id`, `show_id`, `seat_type_id`, `default_price`, `changed_price`, `rule_apply_id`) VALUES (180, 90, 5, 15389, NULL, 20);
INSERT INTO `price` (`price_id`, `show_id`, `seat_type_id`, `default_price`, `changed_price`, `rule_apply_id`) VALUES (181, 91, 1, 8157, NULL, 16);
INSERT INTO `price` (`price_id`, `show_id`, `seat_type_id`, `default_price`, `changed_price`, `rule_apply_id`) VALUES (182, 91, 3, 10236, NULL, 7);
INSERT INTO `price` (`price_id`, `show_id`, `seat_type_id`, `default_price`, `changed_price`, `rule_apply_id`) VALUES (183, 92, 4, 14703, NULL, 22);
INSERT INTO `price` (`price_id`, `show_id`, `seat_type_id`, `default_price`, `changed_price`, `rule_apply_id`) VALUES (184, 92, 5, 16056, NULL, 14);
INSERT INTO `price` (`price_id`, `show_id`, `seat_type_id`, `default_price`, `changed_price`, `rule_apply_id`) VALUES (185, 93, 4, 10740, NULL, 3);
INSERT INTO `price` (`price_id`, `show_id`, `seat_type_id`, `default_price`, `changed_price`, `rule_apply_id`) VALUES (186, 93, 5, 17263, NULL, 1);
INSERT INTO `price` (`price_id`, `show_id`, `seat_type_id`, `default_price`, `changed_price`, `rule_apply_id`) VALUES (187, 94, 2, 8535, NULL, 9);
INSERT INTO `price` (`price_id`, `show_id`, `seat_type_id`, `default_price`, `changed_price`, `rule_apply_id`) VALUES (188, 94, 3, 11683, NULL, 18);
INSERT INTO `price` (`price_id`, `show_id`, `seat_type_id`, `default_price`, `changed_price`, `rule_apply_id`) VALUES (189, 95, 3, 15492, NULL, 19);
INSERT INTO `price` (`price_id`, `show_id`, `seat_type_id`, `default_price`, `changed_price`, `rule_apply_id`) VALUES (190, 95, 2, 16115, NULL, 18);
INSERT INTO `price` (`price_id`, `show_id`, `seat_type_id`, `default_price`, `changed_price`, `rule_apply_id`) VALUES (191, 96, 5, 17383, NULL, 4);
INSERT INTO `price` (`price_id`, `show_id`, `seat_type_id`, `default_price`, `changed_price`, `rule_apply_id`) VALUES (192, 96, 1, 12389, NULL, 25);
INSERT INTO `price` (`price_id`, `show_id`, `seat_type_id`, `default_price`, `changed_price`, `rule_apply_id`) VALUES (193, 97, 5, 16880, NULL, 27);
INSERT INTO `price` (`price_id`, `show_id`, `seat_type_id`, `default_price`, `changed_price`, `rule_apply_id`) VALUES (194, 97, 3, 8681, NULL, 25);
INSERT INTO `price` (`price_id`, `show_id`, `seat_type_id`, `default_price`, `changed_price`, `rule_apply_id`) VALUES (195, 98, 4, 14965, NULL, 4);
INSERT INTO `price` (`price_id`, `show_id`, `seat_type_id`, `default_price`, `changed_price`, `rule_apply_id`) VALUES (196, 98, 2, 18709, NULL, 25);
INSERT INTO `price` (`price_id`, `show_id`, `seat_type_id`, `default_price`, `changed_price`, `rule_apply_id`) VALUES (197, 99, 2, 8528, NULL, 15);
INSERT INTO `price` (`price_id`, `show_id`, `seat_type_id`, `default_price`, `changed_price`, `rule_apply_id`) VALUES (198, 99, 3, 12305, NULL, 12);
INSERT INTO `price` (`price_id`, `show_id`, `seat_type_id`, `default_price`, `changed_price`, `rule_apply_id`) VALUES (199, 100, 1, 9923, NULL, 25);
INSERT INTO `price` (`price_id`, `show_id`, `seat_type_id`, `default_price`, `changed_price`, `rule_apply_id`) VALUES (200, 100, 4, 11882, NULL, 7);
INSERT INTO `price` (`price_id`, `show_id`, `seat_type_id`, `default_price`, `changed_price`, `rule_apply_id`) VALUES (201, 101, 5, 19644, NULL, 20);
INSERT INTO `price` (`price_id`, `show_id`, `seat_type_id`, `default_price`, `changed_price`, `rule_apply_id`) VALUES (202, 101, 3, 18367, NULL, 14);
INSERT INTO `price` (`price_id`, `show_id`, `seat_type_id`, `default_price`, `changed_price`, `rule_apply_id`) VALUES (203, 102, 2, 11385, NULL, 27);
INSERT INTO `price` (`price_id`, `show_id`, `seat_type_id`, `default_price`, `changed_price`, `rule_apply_id`) VALUES (204, 102, 5, 11390, NULL, 26);
INSERT INTO `price` (`price_id`, `show_id`, `seat_type_id`, `default_price`, `changed_price`, `rule_apply_id`) VALUES (205, 103, 1, 16720, NULL, 9);
INSERT INTO `price` (`price_id`, `show_id`, `seat_type_id`, `default_price`, `changed_price`, `rule_apply_id`) VALUES (206, 103, 3, 17778, NULL, 18);
INSERT INTO `price` (`price_id`, `show_id`, `seat_type_id`, `default_price`, `changed_price`, `rule_apply_id`) VALUES (207, 104, 2, 19535, NULL, 10);
INSERT INTO `price` (`price_id`, `show_id`, `seat_type_id`, `default_price`, `changed_price`, `rule_apply_id`) VALUES (208, 104, 3, 12740, NULL, 19);
INSERT INTO `price` (`price_id`, `show_id`, `seat_type_id`, `default_price`, `changed_price`, `rule_apply_id`) VALUES (209, 105, 3, 10221, NULL, 25);
INSERT INTO `price` (`price_id`, `show_id`, `seat_type_id`, `default_price`, `changed_price`, `rule_apply_id`) VALUES (210, 105, 1, 14743, NULL, 30);
INSERT INTO `price` (`price_id`, `show_id`, `seat_type_id`, `default_price`, `changed_price`, `rule_apply_id`) VALUES (211, 106, 1, 18746, NULL, 5);
INSERT INTO `price` (`price_id`, `show_id`, `seat_type_id`, `default_price`, `changed_price`, `rule_apply_id`) VALUES (212, 106, 3, 19492, NULL, 28);
INSERT INTO `price` (`price_id`, `show_id`, `seat_type_id`, `default_price`, `changed_price`, `rule_apply_id`) VALUES (213, 107, 2, 10396, NULL, 23);
INSERT INTO `price` (`price_id`, `show_id`, `seat_type_id`, `default_price`, `changed_price`, `rule_apply_id`) VALUES (214, 107, 5, 13277, NULL, 27);
INSERT INTO `price` (`price_id`, `show_id`, `seat_type_id`, `default_price`, `changed_price`, `rule_apply_id`) VALUES (215, 108, 2, 16019, NULL, 5);
INSERT INTO `price` (`price_id`, `show_id`, `seat_type_id`, `default_price`, `changed_price`, `rule_apply_id`) VALUES (216, 108, 4, 17460, NULL, 21);
INSERT INTO `price` (`price_id`, `show_id`, `seat_type_id`, `default_price`, `changed_price`, `rule_apply_id`) VALUES (217, 109, 3, 14146, NULL, 15);
INSERT INTO `price` (`price_id`, `show_id`, `seat_type_id`, `default_price`, `changed_price`, `rule_apply_id`) VALUES (218, 109, 4, 9237, NULL, 21);
INSERT INTO `price` (`price_id`, `show_id`, `seat_type_id`, `default_price`, `changed_price`, `rule_apply_id`) VALUES (219, 110, 1, 16447, NULL, 24);
INSERT INTO `price` (`price_id`, `show_id`, `seat_type_id`, `default_price`, `changed_price`, `rule_apply_id`) VALUES (220, 110, 4, 12558, NULL, 23);
INSERT INTO `price` (`price_id`, `show_id`, `seat_type_id`, `default_price`, `changed_price`, `rule_apply_id`) VALUES (221, 111, 3, 15996, NULL, 11);
INSERT INTO `price` (`price_id`, `show_id`, `seat_type_id`, `default_price`, `changed_price`, `rule_apply_id`) VALUES (222, 111, 4, 17534, NULL, 1);
INSERT INTO `price` (`price_id`, `show_id`, `seat_type_id`, `default_price`, `changed_price`, `rule_apply_id`) VALUES (223, 112, 1, 18401, NULL, 22);
INSERT INTO `price` (`price_id`, `show_id`, `seat_type_id`, `default_price`, `changed_price`, `rule_apply_id`) VALUES (224, 112, 4, 19424, NULL, 12);
INSERT INTO `price` (`price_id`, `show_id`, `seat_type_id`, `default_price`, `changed_price`, `rule_apply_id`) VALUES (225, 113, 1, 11568, NULL, 14);
INSERT INTO `price` (`price_id`, `show_id`, `seat_type_id`, `default_price`, `changed_price`, `rule_apply_id`) VALUES (226, 113, 4, 11470, NULL, 16);
INSERT INTO `price` (`price_id`, `show_id`, `seat_type_id`, `default_price`, `changed_price`, `rule_apply_id`) VALUES (227, 114, 3, 12646, NULL, 11);
INSERT INTO `price` (`price_id`, `show_id`, `seat_type_id`, `default_price`, `changed_price`, `rule_apply_id`) VALUES (228, 114, 5, 16967, NULL, 19);
INSERT INTO `price` (`price_id`, `show_id`, `seat_type_id`, `default_price`, `changed_price`, `rule_apply_id`) VALUES (229, 115, 2, 13631, NULL, 29);
INSERT INTO `price` (`price_id`, `show_id`, `seat_type_id`, `default_price`, `changed_price`, `rule_apply_id`) VALUES (230, 115, 4, 19182, NULL, 25);
INSERT INTO `price` (`price_id`, `show_id`, `seat_type_id`, `default_price`, `changed_price`, `rule_apply_id`) VALUES (231, 116, 1, 9631, NULL, 21);
INSERT INTO `price` (`price_id`, `show_id`, `seat_type_id`, `default_price`, `changed_price`, `rule_apply_id`) VALUES (232, 116, 5, 15529, NULL, 1);
INSERT INTO `price` (`price_id`, `show_id`, `seat_type_id`, `default_price`, `changed_price`, `rule_apply_id`) VALUES (233, 117, 1, 15230, NULL, 15);
INSERT INTO `price` (`price_id`, `show_id`, `seat_type_id`, `default_price`, `changed_price`, `rule_apply_id`) VALUES (234, 117, 2, 8011, NULL, 14);
INSERT INTO `price` (`price_id`, `show_id`, `seat_type_id`, `default_price`, `changed_price`, `rule_apply_id`) VALUES (235, 118, 2, 18649, NULL, 10);
INSERT INTO `price` (`price_id`, `show_id`, `seat_type_id`, `default_price`, `changed_price`, `rule_apply_id`) VALUES (236, 118, 5, 10604, NULL, 28);
INSERT INTO `price` (`price_id`, `show_id`, `seat_type_id`, `default_price`, `changed_price`, `rule_apply_id`) VALUES (237, 119, 3, 18724, NULL, 12);
INSERT INTO `price` (`price_id`, `show_id`, `seat_type_id`, `default_price`, `changed_price`, `rule_apply_id`) VALUES (238, 119, 1, 12102, NULL, 3);
INSERT INTO `price` (`price_id`, `show_id`, `seat_type_id`, `default_price`, `changed_price`, `rule_apply_id`) VALUES (239, 120, 3, 8848, NULL, 13);
INSERT INTO `price` (`price_id`, `show_id`, `seat_type_id`, `default_price`, `changed_price`, `rule_apply_id`) VALUES (240, 120, 2, 18249, NULL, 10);
INSERT INTO `price` (`price_id`, `show_id`, `seat_type_id`, `default_price`, `changed_price`, `rule_apply_id`) VALUES (241, 121, 2, 18739, NULL, 3);
INSERT INTO `price` (`price_id`, `show_id`, `seat_type_id`, `default_price`, `changed_price`, `rule_apply_id`) VALUES (242, 121, 4, 19529, NULL, 4);
INSERT INTO `price` (`price_id`, `show_id`, `seat_type_id`, `default_price`, `changed_price`, `rule_apply_id`) VALUES (243, 122, 1, 15812, NULL, 3);
INSERT INTO `price` (`price_id`, `show_id`, `seat_type_id`, `default_price`, `changed_price`, `rule_apply_id`) VALUES (244, 122, 2, 10174, NULL, 19);
INSERT INTO `price` (`price_id`, `show_id`, `seat_type_id`, `default_price`, `changed_price`, `rule_apply_id`) VALUES (245, 123, 2, 8152, NULL, 1);
INSERT INTO `price` (`price_id`, `show_id`, `seat_type_id`, `default_price`, `changed_price`, `rule_apply_id`) VALUES (246, 123, 4, 19396, NULL, 11);
INSERT INTO `price` (`price_id`, `show_id`, `seat_type_id`, `default_price`, `changed_price`, `rule_apply_id`) VALUES (247, 124, 1, 19371, NULL, 5);
INSERT INTO `price` (`price_id`, `show_id`, `seat_type_id`, `default_price`, `changed_price`, `rule_apply_id`) VALUES (248, 124, 4, 15826, NULL, 3);
INSERT INTO `price` (`price_id`, `show_id`, `seat_type_id`, `default_price`, `changed_price`, `rule_apply_id`) VALUES (249, 125, 2, 9463, NULL, 24);
INSERT INTO `price` (`price_id`, `show_id`, `seat_type_id`, `default_price`, `changed_price`, `rule_apply_id`) VALUES (250, 125, 4, 9678, NULL, 4);
INSERT INTO `price` (`price_id`, `show_id`, `seat_type_id`, `default_price`, `changed_price`, `rule_apply_id`) VALUES (251, 126, 3, 12902, NULL, 5);
INSERT INTO `price` (`price_id`, `show_id`, `seat_type_id`, `default_price`, `changed_price`, `rule_apply_id`) VALUES (252, 126, 5, 14270, NULL, 25);
INSERT INTO `price` (`price_id`, `show_id`, `seat_type_id`, `default_price`, `changed_price`, `rule_apply_id`) VALUES (253, 127, 2, 9120, NULL, 17);
INSERT INTO `price` (`price_id`, `show_id`, `seat_type_id`, `default_price`, `changed_price`, `rule_apply_id`) VALUES (254, 127, 5, 17228, NULL, 1);
INSERT INTO `price` (`price_id`, `show_id`, `seat_type_id`, `default_price`, `changed_price`, `rule_apply_id`) VALUES (255, 128, 5, 15210, NULL, 12);
INSERT INTO `price` (`price_id`, `show_id`, `seat_type_id`, `default_price`, `changed_price`, `rule_apply_id`) VALUES (256, 128, 2, 19836, NULL, 7);
INSERT INTO `price` (`price_id`, `show_id`, `seat_type_id`, `default_price`, `changed_price`, `rule_apply_id`) VALUES (257, 129, 2, 18093, NULL, 22);
INSERT INTO `price` (`price_id`, `show_id`, `seat_type_id`, `default_price`, `changed_price`, `rule_apply_id`) VALUES (258, 129, 4, 15248, NULL, 28);
INSERT INTO `price` (`price_id`, `show_id`, `seat_type_id`, `default_price`, `changed_price`, `rule_apply_id`) VALUES (259, 130, 2, 9646, NULL, 5);
INSERT INTO `price` (`price_id`, `show_id`, `seat_type_id`, `default_price`, `changed_price`, `rule_apply_id`) VALUES (260, 130, 1, 10017, NULL, 19);
INSERT INTO `price` (`price_id`, `show_id`, `seat_type_id`, `default_price`, `changed_price`, `rule_apply_id`) VALUES (261, 131, 4, 15035, NULL, 11);
INSERT INTO `price` (`price_id`, `show_id`, `seat_type_id`, `default_price`, `changed_price`, `rule_apply_id`) VALUES (262, 131, 3, 10290, NULL, 8);
INSERT INTO `price` (`price_id`, `show_id`, `seat_type_id`, `default_price`, `changed_price`, `rule_apply_id`) VALUES (263, 132, 3, 12065, NULL, 18);
INSERT INTO `price` (`price_id`, `show_id`, `seat_type_id`, `default_price`, `changed_price`, `rule_apply_id`) VALUES (264, 132, 1, 17846, NULL, 20);
INSERT INTO `price` (`price_id`, `show_id`, `seat_type_id`, `default_price`, `changed_price`, `rule_apply_id`) VALUES (265, 133, 5, 19312, NULL, 1);
INSERT INTO `price` (`price_id`, `show_id`, `seat_type_id`, `default_price`, `changed_price`, `rule_apply_id`) VALUES (266, 133, 3, 18787, NULL, 29);
INSERT INTO `price` (`price_id`, `show_id`, `seat_type_id`, `default_price`, `changed_price`, `rule_apply_id`) VALUES (267, 134, 3, 16482, NULL, 20);
INSERT INTO `price` (`price_id`, `show_id`, `seat_type_id`, `default_price`, `changed_price`, `rule_apply_id`) VALUES (268, 134, 2, 16348, NULL, 7);
INSERT INTO `price` (`price_id`, `show_id`, `seat_type_id`, `default_price`, `changed_price`, `rule_apply_id`) VALUES (269, 135, 4, 18586, NULL, 2);
INSERT INTO `price` (`price_id`, `show_id`, `seat_type_id`, `default_price`, `changed_price`, `rule_apply_id`) VALUES (270, 135, 3, 11921, NULL, 16);
INSERT INTO `price` (`price_id`, `show_id`, `seat_type_id`, `default_price`, `changed_price`, `rule_apply_id`) VALUES (271, 136, 4, 11949, NULL, 16);
INSERT INTO `price` (`price_id`, `show_id`, `seat_type_id`, `default_price`, `changed_price`, `rule_apply_id`) VALUES (272, 136, 1, 18454, NULL, 20);
INSERT INTO `price` (`price_id`, `show_id`, `seat_type_id`, `default_price`, `changed_price`, `rule_apply_id`) VALUES (273, 137, 1, 13916, NULL, 30);
INSERT INTO `price` (`price_id`, `show_id`, `seat_type_id`, `default_price`, `changed_price`, `rule_apply_id`) VALUES (274, 137, 5, 13185, NULL, 5);
INSERT INTO `price` (`price_id`, `show_id`, `seat_type_id`, `default_price`, `changed_price`, `rule_apply_id`) VALUES (275, 138, 4, 13986, NULL, 18);
INSERT INTO `price` (`price_id`, `show_id`, `seat_type_id`, `default_price`, `changed_price`, `rule_apply_id`) VALUES (276, 138, 5, 19189, NULL, 6);
INSERT INTO `price` (`price_id`, `show_id`, `seat_type_id`, `default_price`, `changed_price`, `rule_apply_id`) VALUES (277, 139, 4, 8273, NULL, 19);
INSERT INTO `price` (`price_id`, `show_id`, `seat_type_id`, `default_price`, `changed_price`, `rule_apply_id`) VALUES (278, 139, 1, 9106, NULL, 1);
INSERT INTO `price` (`price_id`, `show_id`, `seat_type_id`, `default_price`, `changed_price`, `rule_apply_id`) VALUES (279, 140, 3, 8652, NULL, 30);
INSERT INTO `price` (`price_id`, `show_id`, `seat_type_id`, `default_price`, `changed_price`, `rule_apply_id`) VALUES (280, 140, 2, 8990, NULL, 26);
INSERT INTO `price` (`price_id`, `show_id`, `seat_type_id`, `default_price`, `changed_price`, `rule_apply_id`) VALUES (281, 141, 4, 18298, NULL, 23);
INSERT INTO `price` (`price_id`, `show_id`, `seat_type_id`, `default_price`, `changed_price`, `rule_apply_id`) VALUES (282, 141, 3, 16209, NULL, 25);
INSERT INTO `price` (`price_id`, `show_id`, `seat_type_id`, `default_price`, `changed_price`, `rule_apply_id`) VALUES (283, 142, 4, 19498, NULL, 13);
INSERT INTO `price` (`price_id`, `show_id`, `seat_type_id`, `default_price`, `changed_price`, `rule_apply_id`) VALUES (284, 142, 5, 9350, NULL, 21);
INSERT INTO `price` (`price_id`, `show_id`, `seat_type_id`, `default_price`, `changed_price`, `rule_apply_id`) VALUES (285, 143, 5, 12546, NULL, 3);
INSERT INTO `price` (`price_id`, `show_id`, `seat_type_id`, `default_price`, `changed_price`, `rule_apply_id`) VALUES (286, 143, 2, 13077, NULL, 3);
INSERT INTO `price` (`price_id`, `show_id`, `seat_type_id`, `default_price`, `changed_price`, `rule_apply_id`) VALUES (287, 144, 5, 10545, NULL, 18);
INSERT INTO `price` (`price_id`, `show_id`, `seat_type_id`, `default_price`, `changed_price`, `rule_apply_id`) VALUES (288, 144, 2, 13353, NULL, 13);
INSERT INTO `price` (`price_id`, `show_id`, `seat_type_id`, `default_price`, `changed_price`, `rule_apply_id`) VALUES (289, 145, 5, 13081, NULL, 23);
INSERT INTO `price` (`price_id`, `show_id`, `seat_type_id`, `default_price`, `changed_price`, `rule_apply_id`) VALUES (290, 145, 1, 15167, NULL, 24);
INSERT INTO `price` (`price_id`, `show_id`, `seat_type_id`, `default_price`, `changed_price`, `rule_apply_id`) VALUES (291, 146, 2, 12005, NULL, 3);
INSERT INTO `price` (`price_id`, `show_id`, `seat_type_id`, `default_price`, `changed_price`, `rule_apply_id`) VALUES (292, 146, 1, 15118, NULL, 4);
INSERT INTO `price` (`price_id`, `show_id`, `seat_type_id`, `default_price`, `changed_price`, `rule_apply_id`) VALUES (293, 147, 4, 13067, NULL, 22);
INSERT INTO `price` (`price_id`, `show_id`, `seat_type_id`, `default_price`, `changed_price`, `rule_apply_id`) VALUES (294, 147, 1, 18781, NULL, 24);
INSERT INTO `price` (`price_id`, `show_id`, `seat_type_id`, `default_price`, `changed_price`, `rule_apply_id`) VALUES (295, 148, 2, 8207, NULL, 23);
INSERT INTO `price` (`price_id`, `show_id`, `seat_type_id`, `default_price`, `changed_price`, `rule_apply_id`) VALUES (296, 148, 1, 10248, NULL, 23);
INSERT INTO `price` (`price_id`, `show_id`, `seat_type_id`, `default_price`, `changed_price`, `rule_apply_id`) VALUES (297, 149, 1, 16133, NULL, 12);
INSERT INTO `price` (`price_id`, `show_id`, `seat_type_id`, `default_price`, `changed_price`, `rule_apply_id`) VALUES (298, 149, 2, 16568, NULL, 17);
INSERT INTO `price` (`price_id`, `show_id`, `seat_type_id`, `default_price`, `changed_price`, `rule_apply_id`) VALUES (299, 150, 3, 14092, NULL, 5);
INSERT INTO `price` (`price_id`, `show_id`, `seat_type_id`, `default_price`, `changed_price`, `rule_apply_id`) VALUES (300, 150, 2, 12403, NULL, 24);
INSERT INTO `price` (`price_id`, `show_id`, `seat_type_id`, `default_price`, `changed_price`, `rule_apply_id`) VALUES (301, 151, 1, 13488, NULL, 26);
INSERT INTO `price` (`price_id`, `show_id`, `seat_type_id`, `default_price`, `changed_price`, `rule_apply_id`) VALUES (302, 151, 5, 15034, NULL, 9);
INSERT INTO `price` (`price_id`, `show_id`, `seat_type_id`, `default_price`, `changed_price`, `rule_apply_id`) VALUES (303, 152, 5, 12308, NULL, 23);
INSERT INTO `price` (`price_id`, `show_id`, `seat_type_id`, `default_price`, `changed_price`, `rule_apply_id`) VALUES (304, 152, 1, 17447, NULL, 21);
INSERT INTO `price` (`price_id`, `show_id`, `seat_type_id`, `default_price`, `changed_price`, `rule_apply_id`) VALUES (305, 153, 1, 15457, NULL, 17);
INSERT INTO `price` (`price_id`, `show_id`, `seat_type_id`, `default_price`, `changed_price`, `rule_apply_id`) VALUES (306, 153, 4, 13900, NULL, 2);
INSERT INTO `price` (`price_id`, `show_id`, `seat_type_id`, `default_price`, `changed_price`, `rule_apply_id`) VALUES (307, 154, 4, 14024, NULL, 6);
INSERT INTO `price` (`price_id`, `show_id`, `seat_type_id`, `default_price`, `changed_price`, `rule_apply_id`) VALUES (308, 154, 2, 12179, NULL, 25);
INSERT INTO `price` (`price_id`, `show_id`, `seat_type_id`, `default_price`, `changed_price`, `rule_apply_id`) VALUES (309, 155, 1, 11742, NULL, 24);
INSERT INTO `price` (`price_id`, `show_id`, `seat_type_id`, `default_price`, `changed_price`, `rule_apply_id`) VALUES (310, 155, 5, 16336, NULL, 1);
INSERT INTO `price` (`price_id`, `show_id`, `seat_type_id`, `default_price`, `changed_price`, `rule_apply_id`) VALUES (311, 156, 1, 12006, NULL, 2);
INSERT INTO `price` (`price_id`, `show_id`, `seat_type_id`, `default_price`, `changed_price`, `rule_apply_id`) VALUES (312, 156, 5, 15729, NULL, 12);
INSERT INTO `price` (`price_id`, `show_id`, `seat_type_id`, `default_price`, `changed_price`, `rule_apply_id`) VALUES (313, 157, 4, 10932, NULL, 30);
INSERT INTO `price` (`price_id`, `show_id`, `seat_type_id`, `default_price`, `changed_price`, `rule_apply_id`) VALUES (314, 157, 2, 8579, NULL, 18);
INSERT INTO `price` (`price_id`, `show_id`, `seat_type_id`, `default_price`, `changed_price`, `rule_apply_id`) VALUES (315, 158, 4, 13272, NULL, 8);
INSERT INTO `price` (`price_id`, `show_id`, `seat_type_id`, `default_price`, `changed_price`, `rule_apply_id`) VALUES (316, 158, 2, 14819, NULL, 30);
INSERT INTO `price` (`price_id`, `show_id`, `seat_type_id`, `default_price`, `changed_price`, `rule_apply_id`) VALUES (317, 159, 3, 9276, NULL, 19);
INSERT INTO `price` (`price_id`, `show_id`, `seat_type_id`, `default_price`, `changed_price`, `rule_apply_id`) VALUES (318, 159, 5, 14108, NULL, 4);
INSERT INTO `price` (`price_id`, `show_id`, `seat_type_id`, `default_price`, `changed_price`, `rule_apply_id`) VALUES (319, 160, 5, 10938, NULL, 8);
INSERT INTO `price` (`price_id`, `show_id`, `seat_type_id`, `default_price`, `changed_price`, `rule_apply_id`) VALUES (320, 160, 1, 16450, NULL, 2);
INSERT INTO `price` (`price_id`, `show_id`, `seat_type_id`, `default_price`, `changed_price`, `rule_apply_id`) VALUES (321, 161, 4, 15620, NULL, 28);
INSERT INTO `price` (`price_id`, `show_id`, `seat_type_id`, `default_price`, `changed_price`, `rule_apply_id`) VALUES (322, 161, 1, 12625, NULL, 25);
INSERT INTO `price` (`price_id`, `show_id`, `seat_type_id`, `default_price`, `changed_price`, `rule_apply_id`) VALUES (323, 162, 3, 9415, NULL, 18);
INSERT INTO `price` (`price_id`, `show_id`, `seat_type_id`, `default_price`, `changed_price`, `rule_apply_id`) VALUES (324, 162, 5, 15483, NULL, 1);
INSERT INTO `price` (`price_id`, `show_id`, `seat_type_id`, `default_price`, `changed_price`, `rule_apply_id`) VALUES (325, 163, 3, 12777, NULL, 19);
INSERT INTO `price` (`price_id`, `show_id`, `seat_type_id`, `default_price`, `changed_price`, `rule_apply_id`) VALUES (326, 163, 2, 12979, NULL, 24);
INSERT INTO `price` (`price_id`, `show_id`, `seat_type_id`, `default_price`, `changed_price`, `rule_apply_id`) VALUES (327, 164, 5, 15600, NULL, 12);
INSERT INTO `price` (`price_id`, `show_id`, `seat_type_id`, `default_price`, `changed_price`, `rule_apply_id`) VALUES (328, 164, 2, 17694, NULL, 16);
INSERT INTO `price` (`price_id`, `show_id`, `seat_type_id`, `default_price`, `changed_price`, `rule_apply_id`) VALUES (329, 165, 2, 10466, NULL, 1);
INSERT INTO `price` (`price_id`, `show_id`, `seat_type_id`, `default_price`, `changed_price`, `rule_apply_id`) VALUES (330, 165, 5, 14718, NULL, 1);
INSERT INTO `price` (`price_id`, `show_id`, `seat_type_id`, `default_price`, `changed_price`, `rule_apply_id`) VALUES (331, 166, 2, 18419, NULL, 27);
INSERT INTO `price` (`price_id`, `show_id`, `seat_type_id`, `default_price`, `changed_price`, `rule_apply_id`) VALUES (332, 166, 3, 19361, NULL, 29);
INSERT INTO `price` (`price_id`, `show_id`, `seat_type_id`, `default_price`, `changed_price`, `rule_apply_id`) VALUES (333, 167, 1, 8023, NULL, 25);
INSERT INTO `price` (`price_id`, `show_id`, `seat_type_id`, `default_price`, `changed_price`, `rule_apply_id`) VALUES (334, 167, 3, 18769, NULL, 13);
INSERT INTO `price` (`price_id`, `show_id`, `seat_type_id`, `default_price`, `changed_price`, `rule_apply_id`) VALUES (335, 168, 3, 11361, NULL, 17);
INSERT INTO `price` (`price_id`, `show_id`, `seat_type_id`, `default_price`, `changed_price`, `rule_apply_id`) VALUES (336, 168, 1, 11902, NULL, 14);
INSERT INTO `price` (`price_id`, `show_id`, `seat_type_id`, `default_price`, `changed_price`, `rule_apply_id`) VALUES (337, 169, 4, 10332, NULL, 23);
INSERT INTO `price` (`price_id`, `show_id`, `seat_type_id`, `default_price`, `changed_price`, `rule_apply_id`) VALUES (338, 169, 1, 12584, NULL, 3);
INSERT INTO `price` (`price_id`, `show_id`, `seat_type_id`, `default_price`, `changed_price`, `rule_apply_id`) VALUES (339, 170, 1, 16515, NULL, 14);
INSERT INTO `price` (`price_id`, `show_id`, `seat_type_id`, `default_price`, `changed_price`, `rule_apply_id`) VALUES (340, 170, 2, 19482, NULL, 29);
INSERT INTO `price` (`price_id`, `show_id`, `seat_type_id`, `default_price`, `changed_price`, `rule_apply_id`) VALUES (341, 171, 3, 9391, NULL, 19);
INSERT INTO `price` (`price_id`, `show_id`, `seat_type_id`, `default_price`, `changed_price`, `rule_apply_id`) VALUES (342, 171, 4, 9565, NULL, 17);
INSERT INTO `price` (`price_id`, `show_id`, `seat_type_id`, `default_price`, `changed_price`, `rule_apply_id`) VALUES (343, 172, 2, 9226, NULL, 19);
INSERT INTO `price` (`price_id`, `show_id`, `seat_type_id`, `default_price`, `changed_price`, `rule_apply_id`) VALUES (344, 172, 4, 17303, NULL, 2);
INSERT INTO `price` (`price_id`, `show_id`, `seat_type_id`, `default_price`, `changed_price`, `rule_apply_id`) VALUES (345, 173, 4, 11879, NULL, 10);
INSERT INTO `price` (`price_id`, `show_id`, `seat_type_id`, `default_price`, `changed_price`, `rule_apply_id`) VALUES (346, 173, 2, 12276, NULL, 28);
INSERT INTO `price` (`price_id`, `show_id`, `seat_type_id`, `default_price`, `changed_price`, `rule_apply_id`) VALUES (347, 174, 3, 19480, NULL, 27);
INSERT INTO `price` (`price_id`, `show_id`, `seat_type_id`, `default_price`, `changed_price`, `rule_apply_id`) VALUES (348, 174, 4, 13345, NULL, 11);
INSERT INTO `price` (`price_id`, `show_id`, `seat_type_id`, `default_price`, `changed_price`, `rule_apply_id`) VALUES (349, 175, 4, 11827, NULL, 3);
INSERT INTO `price` (`price_id`, `show_id`, `seat_type_id`, `default_price`, `changed_price`, `rule_apply_id`) VALUES (350, 175, 3, 11321, NULL, 5);
INSERT INTO `price` (`price_id`, `show_id`, `seat_type_id`, `default_price`, `changed_price`, `rule_apply_id`) VALUES (351, 176, 5, 10546, NULL, 4);
INSERT INTO `price` (`price_id`, `show_id`, `seat_type_id`, `default_price`, `changed_price`, `rule_apply_id`) VALUES (352, 176, 1, 10693, NULL, 15);
INSERT INTO `price` (`price_id`, `show_id`, `seat_type_id`, `default_price`, `changed_price`, `rule_apply_id`) VALUES (353, 177, 4, 14660, NULL, 4);
INSERT INTO `price` (`price_id`, `show_id`, `seat_type_id`, `default_price`, `changed_price`, `rule_apply_id`) VALUES (354, 177, 3, 16780, NULL, 12);
INSERT INTO `price` (`price_id`, `show_id`, `seat_type_id`, `default_price`, `changed_price`, `rule_apply_id`) VALUES (355, 178, 2, 13051, NULL, 15);
INSERT INTO `price` (`price_id`, `show_id`, `seat_type_id`, `default_price`, `changed_price`, `rule_apply_id`) VALUES (356, 178, 4, 12341, NULL, 28);
INSERT INTO `price` (`price_id`, `show_id`, `seat_type_id`, `default_price`, `changed_price`, `rule_apply_id`) VALUES (357, 179, 1, 10582, NULL, 26);
INSERT INTO `price` (`price_id`, `show_id`, `seat_type_id`, `default_price`, `changed_price`, `rule_apply_id`) VALUES (358, 179, 5, 19240, NULL, 10);
INSERT INTO `price` (`price_id`, `show_id`, `seat_type_id`, `default_price`, `changed_price`, `rule_apply_id`) VALUES (359, 180, 5, 11522, NULL, 27);
INSERT INTO `price` (`price_id`, `show_id`, `seat_type_id`, `default_price`, `changed_price`, `rule_apply_id`) VALUES (360, 180, 1, 13370, NULL, 5);
INSERT INTO `price` (`price_id`, `show_id`, `seat_type_id`, `default_price`, `changed_price`, `rule_apply_id`) VALUES (361, 181, 1, 13828, NULL, 13);
INSERT INTO `price` (`price_id`, `show_id`, `seat_type_id`, `default_price`, `changed_price`, `rule_apply_id`) VALUES (362, 181, 2, 16412, NULL, 2);
INSERT INTO `price` (`price_id`, `show_id`, `seat_type_id`, `default_price`, `changed_price`, `rule_apply_id`) VALUES (363, 182, 3, 10848, NULL, 1);
INSERT INTO `price` (`price_id`, `show_id`, `seat_type_id`, `default_price`, `changed_price`, `rule_apply_id`) VALUES (364, 182, 5, 14625, NULL, 28);
INSERT INTO `price` (`price_id`, `show_id`, `seat_type_id`, `default_price`, `changed_price`, `rule_apply_id`) VALUES (365, 183, 4, 9551, NULL, 15);
INSERT INTO `price` (`price_id`, `show_id`, `seat_type_id`, `default_price`, `changed_price`, `rule_apply_id`) VALUES (366, 183, 2, 9669, NULL, 26);
INSERT INTO `price` (`price_id`, `show_id`, `seat_type_id`, `default_price`, `changed_price`, `rule_apply_id`) VALUES (367, 184, 2, 8195, NULL, 2);
INSERT INTO `price` (`price_id`, `show_id`, `seat_type_id`, `default_price`, `changed_price`, `rule_apply_id`) VALUES (368, 184, 1, 11641, NULL, 5);
INSERT INTO `price` (`price_id`, `show_id`, `seat_type_id`, `default_price`, `changed_price`, `rule_apply_id`) VALUES (369, 185, 2, 14098, NULL, 22);
INSERT INTO `price` (`price_id`, `show_id`, `seat_type_id`, `default_price`, `changed_price`, `rule_apply_id`) VALUES (370, 185, 4, 18326, NULL, 21);
INSERT INTO `price` (`price_id`, `show_id`, `seat_type_id`, `default_price`, `changed_price`, `rule_apply_id`) VALUES (371, 186, 1, 9228, NULL, 1);
INSERT INTO `price` (`price_id`, `show_id`, `seat_type_id`, `default_price`, `changed_price`, `rule_apply_id`) VALUES (372, 186, 3, 9056, NULL, 7);
INSERT INTO `price` (`price_id`, `show_id`, `seat_type_id`, `default_price`, `changed_price`, `rule_apply_id`) VALUES (373, 187, 4, 9506, NULL, 29);
INSERT INTO `price` (`price_id`, `show_id`, `seat_type_id`, `default_price`, `changed_price`, `rule_apply_id`) VALUES (374, 187, 2, 13432, NULL, 4);
INSERT INTO `price` (`price_id`, `show_id`, `seat_type_id`, `default_price`, `changed_price`, `rule_apply_id`) VALUES (375, 188, 1, 8829, NULL, 6);
INSERT INTO `price` (`price_id`, `show_id`, `seat_type_id`, `default_price`, `changed_price`, `rule_apply_id`) VALUES (376, 188, 4, 17402, NULL, 14);
INSERT INTO `price` (`price_id`, `show_id`, `seat_type_id`, `default_price`, `changed_price`, `rule_apply_id`) VALUES (377, 189, 4, 8483, NULL, 13);
INSERT INTO `price` (`price_id`, `show_id`, `seat_type_id`, `default_price`, `changed_price`, `rule_apply_id`) VALUES (378, 189, 5, 19193, NULL, 14);
INSERT INTO `price` (`price_id`, `show_id`, `seat_type_id`, `default_price`, `changed_price`, `rule_apply_id`) VALUES (379, 190, 2, 11517, NULL, 30);
INSERT INTO `price` (`price_id`, `show_id`, `seat_type_id`, `default_price`, `changed_price`, `rule_apply_id`) VALUES (380, 190, 3, 11066, NULL, 9);
INSERT INTO `price` (`price_id`, `show_id`, `seat_type_id`, `default_price`, `changed_price`, `rule_apply_id`) VALUES (381, 191, 3, 10435, NULL, 2);
INSERT INTO `price` (`price_id`, `show_id`, `seat_type_id`, `default_price`, `changed_price`, `rule_apply_id`) VALUES (382, 191, 4, 18061, NULL, 20);
INSERT INTO `price` (`price_id`, `show_id`, `seat_type_id`, `default_price`, `changed_price`, `rule_apply_id`) VALUES (383, 192, 5, 18605, NULL, 10);
INSERT INTO `price` (`price_id`, `show_id`, `seat_type_id`, `default_price`, `changed_price`, `rule_apply_id`) VALUES (384, 192, 2, 16173, NULL, 14);
INSERT INTO `price` (`price_id`, `show_id`, `seat_type_id`, `default_price`, `changed_price`, `rule_apply_id`) VALUES (385, 193, 5, 8999, NULL, 3);
INSERT INTO `price` (`price_id`, `show_id`, `seat_type_id`, `default_price`, `changed_price`, `rule_apply_id`) VALUES (386, 193, 4, 12583, NULL, 13);
INSERT INTO `price` (`price_id`, `show_id`, `seat_type_id`, `default_price`, `changed_price`, `rule_apply_id`) VALUES (387, 194, 2, 11267, NULL, 21);
INSERT INTO `price` (`price_id`, `show_id`, `seat_type_id`, `default_price`, `changed_price`, `rule_apply_id`) VALUES (388, 194, 4, 16614, NULL, 8);
INSERT INTO `price` (`price_id`, `show_id`, `seat_type_id`, `default_price`, `changed_price`, `rule_apply_id`) VALUES (389, 195, 5, 14266, NULL, 26);
INSERT INTO `price` (`price_id`, `show_id`, `seat_type_id`, `default_price`, `changed_price`, `rule_apply_id`) VALUES (390, 195, 1, 19687, NULL, 12);
INSERT INTO `price` (`price_id`, `show_id`, `seat_type_id`, `default_price`, `changed_price`, `rule_apply_id`) VALUES (391, 196, 4, 13636, NULL, 30);
INSERT INTO `price` (`price_id`, `show_id`, `seat_type_id`, `default_price`, `changed_price`, `rule_apply_id`) VALUES (392, 196, 5, 17267, NULL, 17);
INSERT INTO `price` (`price_id`, `show_id`, `seat_type_id`, `default_price`, `changed_price`, `rule_apply_id`) VALUES (393, 197, 3, 12430, NULL, 6);
INSERT INTO `price` (`price_id`, `show_id`, `seat_type_id`, `default_price`, `changed_price`, `rule_apply_id`) VALUES (394, 197, 4, 8427, NULL, 11);
INSERT INTO `price` (`price_id`, `show_id`, `seat_type_id`, `default_price`, `changed_price`, `rule_apply_id`) VALUES (395, 198, 5, 8480, NULL, 29);
INSERT INTO `price` (`price_id`, `show_id`, `seat_type_id`, `default_price`, `changed_price`, `rule_apply_id`) VALUES (396, 198, 2, 12602, NULL, 2);
INSERT INTO `price` (`price_id`, `show_id`, `seat_type_id`, `default_price`, `changed_price`, `rule_apply_id`) VALUES (397, 199, 4, 17568, NULL, 8);
INSERT INTO `price` (`price_id`, `show_id`, `seat_type_id`, `default_price`, `changed_price`, `rule_apply_id`) VALUES (398, 199, 3, 10615, NULL, 4);
INSERT INTO `price` (`price_id`, `show_id`, `seat_type_id`, `default_price`, `changed_price`, `rule_apply_id`) VALUES (399, 200, 2, 12366, NULL, 18);
INSERT INTO `price` (`price_id`, `show_id`, `seat_type_id`, `default_price`, `changed_price`, `rule_apply_id`) VALUES (400, 200, 5, 8916, NULL, 25);
-- member
INSERT INTO `member` (`member_id`, `email`, `name`, `tier_id`, `created_at`) VALUES (1, 'user1@example.com', 'Member 1', 2, '2024-08-12 14:08:31');
INSERT INTO `member` (`member_id`, `email`, `name`, `tier_id`, `created_at`) VALUES (2, 'user2@example.com', 'Member 2', 3, '2023-06-27 06:24:41');
INSERT INTO `member` (`member_id`, `email`, `name`, `tier_id`, `created_at`) VALUES (3, 'user3@example.com', 'Member 3', 2, '2024-08-29 11:34:41');
INSERT INTO `member` (`member_id`, `email`, `name`, `tier_id`, `created_at`) VALUES (4, 'user4@example.com', 'Member 4', 3, '2024-08-28 01:01:37');
INSERT INTO `member` (`member_id`, `email`, `name`, `tier_id`, `created_at`) VALUES (5, 'user5@example.com', 'Member 5', 3, '2024-08-04 20:31:13');
INSERT INTO `member` (`member_id`, `email`, `name`, `tier_id`, `created_at`) VALUES (6, 'user6@example.com', 'Member 6', 2, '2024-07-30 06:51:12');
INSERT INTO `member` (`member_id`, `email`, `name`, `tier_id`, `created_at`) VALUES (7, 'user7@example.com', 'Member 7', 4, '2024-07-09 11:15:08');
INSERT INTO `member` (`member_id`, `email`, `name`, `tier_id`, `created_at`) VALUES (8, 'user8@example.com', 'Member 8', 2, '2024-05-17 01:22:55');
INSERT INTO `member` (`member_id`, `email`, `name`, `tier_id`, `created_at`) VALUES (9, 'user9@example.com', 'Member 9', 1, '2023-02-27 08:28:10');
INSERT INTO `member` (`member_id`, `email`, `name`, `tier_id`, `created_at`) VALUES (10, 'user10@example.com', 'Member 10', 2, '2023-01-21 19:10:02');
INSERT INTO `member` (`member_id`, `email`, `name`, `tier_id`, `created_at`) VALUES (11, 'user11@example.com', 'Member 11', 4, '2023-01-01 12:04:41');
INSERT INTO `member` (`member_id`, `email`, `name`, `tier_id`, `created_at`) VALUES (12, 'user12@example.com', 'Member 12', 2, '2023-05-14 12:24:23');
INSERT INTO `member` (`member_id`, `email`, `name`, `tier_id`, `created_at`) VALUES (13, 'user13@example.com', 'Member 13', 2, '2023-11-28 02:10:06');
INSERT INTO `member` (`member_id`, `email`, `name`, `tier_id`, `created_at`) VALUES (14, 'user14@example.com', 'Member 14', 1, '2023-06-01 21:21:28');
INSERT INTO `member` (`member_id`, `email`, `name`, `tier_id`, `created_at`) VALUES (15, 'user15@example.com', 'Member 15', 2, '2023-04-24 19:09:42');
INSERT INTO `member` (`member_id`, `email`, `name`, `tier_id`, `created_at`) VALUES (16, 'user16@example.com', 'Member 16', 3, '2023-03-16 13:36:07');
INSERT INTO `member` (`member_id`, `email`, `name`, `tier_id`, `created_at`) VALUES (17, 'user17@example.com', 'Member 17', 4, '2024-08-23 03:40:42');
INSERT INTO `member` (`member_id`, `email`, `name`, `tier_id`, `created_at`) VALUES (18, 'user18@example.com', 'Member 18', 3, '2023-11-06 11:44:44');
INSERT INTO `member` (`member_id`, `email`, `name`, `tier_id`, `created_at`) VALUES (19, 'user19@example.com', 'Member 19', 2, '2023-06-11 15:54:21');
INSERT INTO `member` (`member_id`, `email`, `name`, `tier_id`, `created_at`) VALUES (20, 'user20@example.com', 'Member 20', 4, '2024-10-26 11:33:06');
INSERT INTO `member` (`member_id`, `email`, `name`, `tier_id`, `created_at`) VALUES (21, 'user21@example.com', 'Member 21', 2, '2024-07-29 22:20:40');
INSERT INTO `member` (`member_id`, `email`, `name`, `tier_id`, `created_at`) VALUES (22, 'user22@example.com', 'Member 22', 3, '2023-08-17 21:26:34');
INSERT INTO `member` (`member_id`, `email`, `name`, `tier_id`, `created_at`) VALUES (23, 'user23@example.com', 'Member 23', 2, '2024-01-23 11:10:15');
INSERT INTO `member` (`member_id`, `email`, `name`, `tier_id`, `created_at`) VALUES (24, 'user24@example.com', 'Member 24', 3, '2023-05-11 06:28:12');
INSERT INTO `member` (`member_id`, `email`, `name`, `tier_id`, `created_at`) VALUES (25, 'user25@example.com', 'Member 25', 1, '2024-08-09 14:15:27');
INSERT INTO `member` (`member_id`, `email`, `name`, `tier_id`, `created_at`) VALUES (26, 'user26@example.com', 'Member 26', 1, '2023-07-06 21:55:56');
INSERT INTO `member` (`member_id`, `email`, `name`, `tier_id`, `created_at`) VALUES (27, 'user27@example.com', 'Member 27', 3, '2024-09-18 08:02:33');
INSERT INTO `member` (`member_id`, `email`, `name`, `tier_id`, `created_at`) VALUES (28, 'user28@example.com', 'Member 28', 1, '2024-05-23 05:07:14');
INSERT INTO `member` (`member_id`, `email`, `name`, `tier_id`, `created_at`) VALUES (29, 'user29@example.com', 'Member 29', 3, '2023-03-21 08:39:54');
INSERT INTO `member` (`member_id`, `email`, `name`, `tier_id`, `created_at`) VALUES (30, 'user30@example.com', 'Member 30', 3, '2023-11-24 06:06:45');
INSERT INTO `member` (`member_id`, `email`, `name`, `tier_id`, `created_at`) VALUES (31, 'user31@example.com', 'Member 31', 1, '2024-11-17 23:16:08');
INSERT INTO `member` (`member_id`, `email`, `name`, `tier_id`, `created_at`) VALUES (32, 'user32@example.com', 'Member 32', 3, '2024-04-02 00:24:53');
INSERT INTO `member` (`member_id`, `email`, `name`, `tier_id`, `created_at`) VALUES (33, 'user33@example.com', 'Member 33', 3, '2023-08-03 09:05:07');
INSERT INTO `member` (`member_id`, `email`, `name`, `tier_id`, `created_at`) VALUES (34, 'user34@example.com', 'Member 34', 1, '2023-12-25 09:20:40');
INSERT INTO `member` (`member_id`, `email`, `name`, `tier_id`, `created_at`) VALUES (35, 'user35@example.com', 'Member 35', 1, '2023-01-02 01:45:10');
INSERT INTO `member` (`member_id`, `email`, `name`, `tier_id`, `created_at`) VALUES (36, 'user36@example.com', 'Member 36', 4, '2024-03-24 15:16:44');
INSERT INTO `member` (`member_id`, `email`, `name`, `tier_id`, `created_at`) VALUES (37, 'user37@example.com', 'Member 37', 2, '2024-02-28 17:57:09');
INSERT INTO `member` (`member_id`, `email`, `name`, `tier_id`, `created_at`) VALUES (38, 'user38@example.com', 'Member 38', 4, '2023-12-26 19:52:48');
INSERT INTO `member` (`member_id`, `email`, `name`, `tier_id`, `created_at`) VALUES (39, 'user39@example.com', 'Member 39', 4, '2023-04-14 17:27:27');
INSERT INTO `member` (`member_id`, `email`, `name`, `tier_id`, `created_at`) VALUES (40, 'user40@example.com', 'Member 40', 2, '2023-06-16 16:25:51');
INSERT INTO `member` (`member_id`, `email`, `name`, `tier_id`, `created_at`) VALUES (41, 'user41@example.com', 'Member 41', 1, '2023-02-04 10:44:14');
INSERT INTO `member` (`member_id`, `email`, `name`, `tier_id`, `created_at`) VALUES (42, 'user42@example.com', 'Member 42', 1, '2023-11-23 09:30:26');
INSERT INTO `member` (`member_id`, `email`, `name`, `tier_id`, `created_at`) VALUES (43, 'user43@example.com', 'Member 43', 1, '2023-03-17 12:26:41');
INSERT INTO `member` (`member_id`, `email`, `name`, `tier_id`, `created_at`) VALUES (44, 'user44@example.com', 'Member 44', 2, '2024-01-20 05:51:30');
INSERT INTO `member` (`member_id`, `email`, `name`, `tier_id`, `created_at`) VALUES (45, 'user45@example.com', 'Member 45', 1, '2024-07-14 03:23:23');
INSERT INTO `member` (`member_id`, `email`, `name`, `tier_id`, `created_at`) VALUES (46, 'user46@example.com', 'Member 46', 3, '2024-08-31 22:20:31');
INSERT INTO `member` (`member_id`, `email`, `name`, `tier_id`, `created_at`) VALUES (47, 'user47@example.com', 'Member 47', 4, '2023-02-01 15:42:14');
INSERT INTO `member` (`member_id`, `email`, `name`, `tier_id`, `created_at`) VALUES (48, 'user48@example.com', 'Member 48', 2, '2024-09-13 15:48:31');
INSERT INTO `member` (`member_id`, `email`, `name`, `tier_id`, `created_at`) VALUES (49, 'user49@example.com', 'Member 49', 2, '2023-02-24 03:41:12');
INSERT INTO `member` (`member_id`, `email`, `name`, `tier_id`, `created_at`) VALUES (50, 'user50@example.com', 'Member 50', 3, '2023-07-30 06:55:01');
INSERT INTO `member` (`member_id`, `email`, `name`, `tier_id`, `created_at`) VALUES (51, 'user51@example.com', 'Member 51', 4, '2024-07-21 19:39:55');
INSERT INTO `member` (`member_id`, `email`, `name`, `tier_id`, `created_at`) VALUES (52, 'user52@example.com', 'Member 52', 3, '2024-11-07 10:14:59');
INSERT INTO `member` (`member_id`, `email`, `name`, `tier_id`, `created_at`) VALUES (53, 'user53@example.com', 'Member 53', 3, '2023-09-01 03:29:31');
INSERT INTO `member` (`member_id`, `email`, `name`, `tier_id`, `created_at`) VALUES (54, 'user54@example.com', 'Member 54', 1, '2024-02-07 20:49:03');
INSERT INTO `member` (`member_id`, `email`, `name`, `tier_id`, `created_at`) VALUES (55, 'user55@example.com', 'Member 55', 4, '2023-06-07 01:59:04');
INSERT INTO `member` (`member_id`, `email`, `name`, `tier_id`, `created_at`) VALUES (56, 'user56@example.com', 'Member 56', 3, '2023-01-04 15:34:07');
INSERT INTO `member` (`member_id`, `email`, `name`, `tier_id`, `created_at`) VALUES (57, 'user57@example.com', 'Member 57', 1, '2023-10-29 22:45:31');
INSERT INTO `member` (`member_id`, `email`, `name`, `tier_id`, `created_at`) VALUES (58, 'user58@example.com', 'Member 58', 4, '2023-07-24 03:31:52');
INSERT INTO `member` (`member_id`, `email`, `name`, `tier_id`, `created_at`) VALUES (59, 'user59@example.com', 'Member 59', 1, '2023-07-31 06:13:11');
INSERT INTO `member` (`member_id`, `email`, `name`, `tier_id`, `created_at`) VALUES (60, 'user60@example.com', 'Member 60', 3, '2023-03-25 17:14:31');
INSERT INTO `member` (`member_id`, `email`, `name`, `tier_id`, `created_at`) VALUES (61, 'user61@example.com', 'Member 61', 1, '2023-11-12 14:28:16');
INSERT INTO `member` (`member_id`, `email`, `name`, `tier_id`, `created_at`) VALUES (62, 'user62@example.com', 'Member 62', 4, '2024-05-15 09:38:54');
INSERT INTO `member` (`member_id`, `email`, `name`, `tier_id`, `created_at`) VALUES (63, 'user63@example.com', 'Member 63', 1, '2024-10-19 19:48:39');
INSERT INTO `member` (`member_id`, `email`, `name`, `tier_id`, `created_at`) VALUES (64, 'user64@example.com', 'Member 64', 4, '2023-07-09 13:30:30');
INSERT INTO `member` (`member_id`, `email`, `name`, `tier_id`, `created_at`) VALUES (65, 'user65@example.com', 'Member 65', 4, '2024-01-14 06:47:35');
INSERT INTO `member` (`member_id`, `email`, `name`, `tier_id`, `created_at`) VALUES (66, 'user66@example.com', 'Member 66', 4, '2023-02-15 09:35:10');
INSERT INTO `member` (`member_id`, `email`, `name`, `tier_id`, `created_at`) VALUES (67, 'user67@example.com', 'Member 67', 4, '2024-04-21 09:35:24');
INSERT INTO `member` (`member_id`, `email`, `name`, `tier_id`, `created_at`) VALUES (68, 'user68@example.com', 'Member 68', 2, '2023-10-03 20:32:36');
INSERT INTO `member` (`member_id`, `email`, `name`, `tier_id`, `created_at`) VALUES (69, 'user69@example.com', 'Member 69', 1, '2023-06-04 03:31:15');
INSERT INTO `member` (`member_id`, `email`, `name`, `tier_id`, `created_at`) VALUES (70, 'user70@example.com', 'Member 70', 1, '2024-11-15 12:31:01');
INSERT INTO `member` (`member_id`, `email`, `name`, `tier_id`, `created_at`) VALUES (71, 'user71@example.com', 'Member 71', 4, '2024-08-26 08:17:00');
INSERT INTO `member` (`member_id`, `email`, `name`, `tier_id`, `created_at`) VALUES (72, 'user72@example.com', 'Member 72', 1, '2024-02-01 19:01:35');
INSERT INTO `member` (`member_id`, `email`, `name`, `tier_id`, `created_at`) VALUES (73, 'user73@example.com', 'Member 73', 4, '2024-07-02 17:17:16');
INSERT INTO `member` (`member_id`, `email`, `name`, `tier_id`, `created_at`) VALUES (74, 'user74@example.com', 'Member 74', 2, '2024-05-02 10:52:51');
INSERT INTO `member` (`member_id`, `email`, `name`, `tier_id`, `created_at`) VALUES (75, 'user75@example.com', 'Member 75', 1, '2024-02-09 01:15:51');
INSERT INTO `member` (`member_id`, `email`, `name`, `tier_id`, `created_at`) VALUES (76, 'user76@example.com', 'Member 76', 2, '2023-05-04 16:20:56');
INSERT INTO `member` (`member_id`, `email`, `name`, `tier_id`, `created_at`) VALUES (77, 'user77@example.com', 'Member 77', 2, '2023-06-21 07:42:52');
INSERT INTO `member` (`member_id`, `email`, `name`, `tier_id`, `created_at`) VALUES (78, 'user78@example.com', 'Member 78', 2, '2023-05-10 01:33:13');
INSERT INTO `member` (`member_id`, `email`, `name`, `tier_id`, `created_at`) VALUES (79, 'user79@example.com', 'Member 79', 4, '2023-03-22 15:51:07');
INSERT INTO `member` (`member_id`, `email`, `name`, `tier_id`, `created_at`) VALUES (80, 'user80@example.com', 'Member 80', 2, '2024-10-04 05:23:02');
INSERT INTO `member` (`member_id`, `email`, `name`, `tier_id`, `created_at`) VALUES (81, 'user81@example.com', 'Member 81', 3, '2023-11-24 02:26:23');
INSERT INTO `member` (`member_id`, `email`, `name`, `tier_id`, `created_at`) VALUES (82, 'user82@example.com', 'Member 82', 1, '2024-02-02 20:15:23');
INSERT INTO `member` (`member_id`, `email`, `name`, `tier_id`, `created_at`) VALUES (83, 'user83@example.com', 'Member 83', 4, '2024-07-19 11:52:26');
INSERT INTO `member` (`member_id`, `email`, `name`, `tier_id`, `created_at`) VALUES (84, 'user84@example.com', 'Member 84', 3, '2024-06-16 16:40:51');
INSERT INTO `member` (`member_id`, `email`, `name`, `tier_id`, `created_at`) VALUES (85, 'user85@example.com', 'Member 85', 1, '2024-09-30 21:23:34');
INSERT INTO `member` (`member_id`, `email`, `name`, `tier_id`, `created_at`) VALUES (86, 'user86@example.com', 'Member 86', 4, '2023-04-26 15:05:21');
INSERT INTO `member` (`member_id`, `email`, `name`, `tier_id`, `created_at`) VALUES (87, 'user87@example.com', 'Member 87', 2, '2023-06-01 20:37:44');
INSERT INTO `member` (`member_id`, `email`, `name`, `tier_id`, `created_at`) VALUES (88, 'user88@example.com', 'Member 88', 1, '2023-04-19 20:29:12');
INSERT INTO `member` (`member_id`, `email`, `name`, `tier_id`, `created_at`) VALUES (89, 'user89@example.com', 'Member 89', 1, '2023-10-20 19:30:06');
INSERT INTO `member` (`member_id`, `email`, `name`, `tier_id`, `created_at`) VALUES (90, 'user90@example.com', 'Member 90', 3, '2024-02-25 09:37:00');
INSERT INTO `member` (`member_id`, `email`, `name`, `tier_id`, `created_at`) VALUES (91, 'user91@example.com', 'Member 91', 4, '2024-11-01 17:40:46');
INSERT INTO `member` (`member_id`, `email`, `name`, `tier_id`, `created_at`) VALUES (92, 'user92@example.com', 'Member 92', 4, '2023-02-08 06:16:10');
INSERT INTO `member` (`member_id`, `email`, `name`, `tier_id`, `created_at`) VALUES (93, 'user93@example.com', 'Member 93', 3, '2024-02-17 05:14:15');
INSERT INTO `member` (`member_id`, `email`, `name`, `tier_id`, `created_at`) VALUES (94, 'user94@example.com', 'Member 94', 4, '2023-02-09 14:24:37');
INSERT INTO `member` (`member_id`, `email`, `name`, `tier_id`, `created_at`) VALUES (95, 'user95@example.com', 'Member 95', 3, '2023-09-01 01:47:40');
INSERT INTO `member` (`member_id`, `email`, `name`, `tier_id`, `created_at`) VALUES (96, 'user96@example.com', 'Member 96', 4, '2023-10-03 13:33:36');
INSERT INTO `member` (`member_id`, `email`, `name`, `tier_id`, `created_at`) VALUES (97, 'user97@example.com', 'Member 97', 1, '2023-12-12 11:02:02');
INSERT INTO `member` (`member_id`, `email`, `name`, `tier_id`, `created_at`) VALUES (98, 'user98@example.com', 'Member 98', 3, '2023-10-15 17:53:57');
INSERT INTO `member` (`member_id`, `email`, `name`, `tier_id`, `created_at`) VALUES (99, 'user99@example.com', 'Member 99', 1, '2023-08-22 04:53:34');
INSERT INTO `member` (`member_id`, `email`, `name`, `tier_id`, `created_at`) VALUES (100, 'user100@example.com', 'Member 100', 3, '2024-03-29 11:40:56');
INSERT INTO `member` (`member_id`, `email`, `name`, `tier_id`, `created_at`) VALUES (101, 'user101@example.com', 'Member 101', 3, '2024-03-02 22:01:35');
INSERT INTO `member` (`member_id`, `email`, `name`, `tier_id`, `created_at`) VALUES (102, 'user102@example.com', 'Member 102', 1, '2023-07-12 16:04:56');
INSERT INTO `member` (`member_id`, `email`, `name`, `tier_id`, `created_at`) VALUES (103, 'user103@example.com', 'Member 103', 2, '2024-02-21 17:38:19');
INSERT INTO `member` (`member_id`, `email`, `name`, `tier_id`, `created_at`) VALUES (104, 'user104@example.com', 'Member 104', 3, '2023-02-27 18:45:37');
INSERT INTO `member` (`member_id`, `email`, `name`, `tier_id`, `created_at`) VALUES (105, 'user105@example.com', 'Member 105', 2, '2023-03-09 11:19:39');
INSERT INTO `member` (`member_id`, `email`, `name`, `tier_id`, `created_at`) VALUES (106, 'user106@example.com', 'Member 106', 4, '2023-05-19 19:05:19');
INSERT INTO `member` (`member_id`, `email`, `name`, `tier_id`, `created_at`) VALUES (107, 'user107@example.com', 'Member 107', 1, '2023-06-27 07:01:05');
INSERT INTO `member` (`member_id`, `email`, `name`, `tier_id`, `created_at`) VALUES (108, 'user108@example.com', 'Member 108', 2, '2023-03-01 09:05:01');
INSERT INTO `member` (`member_id`, `email`, `name`, `tier_id`, `created_at`) VALUES (109, 'user109@example.com', 'Member 109', 1, '2024-04-12 01:50:26');
INSERT INTO `member` (`member_id`, `email`, `name`, `tier_id`, `created_at`) VALUES (110, 'user110@example.com', 'Member 110', 3, '2023-07-23 09:58:30');
INSERT INTO `member` (`member_id`, `email`, `name`, `tier_id`, `created_at`) VALUES (111, 'user111@example.com', 'Member 111', 3, '2024-04-20 18:23:27');
INSERT INTO `member` (`member_id`, `email`, `name`, `tier_id`, `created_at`) VALUES (112, 'user112@example.com', 'Member 112', 4, '2024-10-12 04:30:36');
INSERT INTO `member` (`member_id`, `email`, `name`, `tier_id`, `created_at`) VALUES (113, 'user113@example.com', 'Member 113', 1, '2023-09-05 13:33:39');
INSERT INTO `member` (`member_id`, `email`, `name`, `tier_id`, `created_at`) VALUES (114, 'user114@example.com', 'Member 114', 4, '2024-08-31 16:14:31');
INSERT INTO `member` (`member_id`, `email`, `name`, `tier_id`, `created_at`) VALUES (115, 'user115@example.com', 'Member 115', 2, '2024-04-30 21:22:03');
INSERT INTO `member` (`member_id`, `email`, `name`, `tier_id`, `created_at`) VALUES (116, 'user116@example.com', 'Member 116', 3, '2023-12-19 05:57:12');
INSERT INTO `member` (`member_id`, `email`, `name`, `tier_id`, `created_at`) VALUES (117, 'user117@example.com', 'Member 117', 3, '2023-04-03 10:22:44');
INSERT INTO `member` (`member_id`, `email`, `name`, `tier_id`, `created_at`) VALUES (118, 'user118@example.com', 'Member 118', 1, '2024-01-31 01:48:27');
INSERT INTO `member` (`member_id`, `email`, `name`, `tier_id`, `created_at`) VALUES (119, 'user119@example.com', 'Member 119', 2, '2024-08-08 07:48:11');
INSERT INTO `member` (`member_id`, `email`, `name`, `tier_id`, `created_at`) VALUES (120, 'user120@example.com', 'Member 120', 2, '2024-10-24 08:11:45');
INSERT INTO `member` (`member_id`, `email`, `name`, `tier_id`, `created_at`) VALUES (121, 'user121@example.com', 'Member 121', 2, '2023-10-03 23:43:24');
INSERT INTO `member` (`member_id`, `email`, `name`, `tier_id`, `created_at`) VALUES (122, 'user122@example.com', 'Member 122', 4, '2024-06-09 00:43:48');
INSERT INTO `member` (`member_id`, `email`, `name`, `tier_id`, `created_at`) VALUES (123, 'user123@example.com', 'Member 123', 1, '2024-04-30 04:49:02');
INSERT INTO `member` (`member_id`, `email`, `name`, `tier_id`, `created_at`) VALUES (124, 'user124@example.com', 'Member 124', 2, '2024-09-07 00:18:29');
INSERT INTO `member` (`member_id`, `email`, `name`, `tier_id`, `created_at`) VALUES (125, 'user125@example.com', 'Member 125', 2, '2023-09-16 22:08:56');
INSERT INTO `member` (`member_id`, `email`, `name`, `tier_id`, `created_at`) VALUES (126, 'user126@example.com', 'Member 126', 3, '2024-10-20 10:01:34');
INSERT INTO `member` (`member_id`, `email`, `name`, `tier_id`, `created_at`) VALUES (127, 'user127@example.com', 'Member 127', 4, '2024-01-21 12:41:46');
INSERT INTO `member` (`member_id`, `email`, `name`, `tier_id`, `created_at`) VALUES (128, 'user128@example.com', 'Member 128', 4, '2023-09-16 07:56:41');
INSERT INTO `member` (`member_id`, `email`, `name`, `tier_id`, `created_at`) VALUES (129, 'user129@example.com', 'Member 129', 4, '2023-11-06 18:57:21');
INSERT INTO `member` (`member_id`, `email`, `name`, `tier_id`, `created_at`) VALUES (130, 'user130@example.com', 'Member 130', 4, '2024-08-21 03:43:30');
INSERT INTO `member` (`member_id`, `email`, `name`, `tier_id`, `created_at`) VALUES (131, 'user131@example.com', 'Member 131', 1, '2024-06-07 13:37:31');
INSERT INTO `member` (`member_id`, `email`, `name`, `tier_id`, `created_at`) VALUES (132, 'user132@example.com', 'Member 132', 3, '2023-11-02 03:56:09');
INSERT INTO `member` (`member_id`, `email`, `name`, `tier_id`, `created_at`) VALUES (133, 'user133@example.com', 'Member 133', 4, '2023-03-07 12:14:37');
INSERT INTO `member` (`member_id`, `email`, `name`, `tier_id`, `created_at`) VALUES (134, 'user134@example.com', 'Member 134', 3, '2024-10-17 11:50:16');
INSERT INTO `member` (`member_id`, `email`, `name`, `tier_id`, `created_at`) VALUES (135, 'user135@example.com', 'Member 135', 3, '2023-09-25 23:53:18');
INSERT INTO `member` (`member_id`, `email`, `name`, `tier_id`, `created_at`) VALUES (136, 'user136@example.com', 'Member 136', 3, '2023-07-12 05:27:31');
INSERT INTO `member` (`member_id`, `email`, `name`, `tier_id`, `created_at`) VALUES (137, 'user137@example.com', 'Member 137', 2, '2023-02-28 21:50:47');
INSERT INTO `member` (`member_id`, `email`, `name`, `tier_id`, `created_at`) VALUES (138, 'user138@example.com', 'Member 138', 4, '2024-11-07 11:38:08');
INSERT INTO `member` (`member_id`, `email`, `name`, `tier_id`, `created_at`) VALUES (139, 'user139@example.com', 'Member 139', 2, '2023-01-27 23:51:44');
INSERT INTO `member` (`member_id`, `email`, `name`, `tier_id`, `created_at`) VALUES (140, 'user140@example.com', 'Member 140', 4, '2023-10-30 09:26:43');
INSERT INTO `member` (`member_id`, `email`, `name`, `tier_id`, `created_at`) VALUES (141, 'user141@example.com', 'Member 141', 4, '2024-02-19 14:08:11');
INSERT INTO `member` (`member_id`, `email`, `name`, `tier_id`, `created_at`) VALUES (142, 'user142@example.com', 'Member 142', 1, '2024-08-20 20:49:38');
INSERT INTO `member` (`member_id`, `email`, `name`, `tier_id`, `created_at`) VALUES (143, 'user143@example.com', 'Member 143', 2, '2023-12-18 08:05:45');
INSERT INTO `member` (`member_id`, `email`, `name`, `tier_id`, `created_at`) VALUES (144, 'user144@example.com', 'Member 144', 4, '2024-11-18 13:03:08');
INSERT INTO `member` (`member_id`, `email`, `name`, `tier_id`, `created_at`) VALUES (145, 'user145@example.com', 'Member 145', 3, '2023-06-24 23:56:34');
INSERT INTO `member` (`member_id`, `email`, `name`, `tier_id`, `created_at`) VALUES (146, 'user146@example.com', 'Member 146', 2, '2023-10-28 03:33:13');
INSERT INTO `member` (`member_id`, `email`, `name`, `tier_id`, `created_at`) VALUES (147, 'user147@example.com', 'Member 147', 4, '2023-05-12 09:25:02');
INSERT INTO `member` (`member_id`, `email`, `name`, `tier_id`, `created_at`) VALUES (148, 'user148@example.com', 'Member 148', 2, '2024-11-27 12:13:12');
INSERT INTO `member` (`member_id`, `email`, `name`, `tier_id`, `created_at`) VALUES (149, 'user149@example.com', 'Member 149', 1, '2023-08-16 12:56:07');
INSERT INTO `member` (`member_id`, `email`, `name`, `tier_id`, `created_at`) VALUES (150, 'user150@example.com', 'Member 150', 2, '2023-11-11 15:18:32');
INSERT INTO `member` (`member_id`, `email`, `name`, `tier_id`, `created_at`) VALUES (151, 'user151@example.com', 'Member 151', 3, '2024-01-16 09:29:12');
INSERT INTO `member` (`member_id`, `email`, `name`, `tier_id`, `created_at`) VALUES (152, 'user152@example.com', 'Member 152', 3, '2024-04-19 04:17:17');
INSERT INTO `member` (`member_id`, `email`, `name`, `tier_id`, `created_at`) VALUES (153, 'user153@example.com', 'Member 153', 4, '2023-02-24 23:05:51');
INSERT INTO `member` (`member_id`, `email`, `name`, `tier_id`, `created_at`) VALUES (154, 'user154@example.com', 'Member 154', 1, '2024-04-28 07:04:59');
INSERT INTO `member` (`member_id`, `email`, `name`, `tier_id`, `created_at`) VALUES (155, 'user155@example.com', 'Member 155', 1, '2024-11-28 13:53:46');
INSERT INTO `member` (`member_id`, `email`, `name`, `tier_id`, `created_at`) VALUES (156, 'user156@example.com', 'Member 156', 3, '2024-02-28 01:58:06');
INSERT INTO `member` (`member_id`, `email`, `name`, `tier_id`, `created_at`) VALUES (157, 'user157@example.com', 'Member 157', 2, '2023-05-21 07:17:33');
INSERT INTO `member` (`member_id`, `email`, `name`, `tier_id`, `created_at`) VALUES (158, 'user158@example.com', 'Member 158', 3, '2024-02-24 20:43:52');
INSERT INTO `member` (`member_id`, `email`, `name`, `tier_id`, `created_at`) VALUES (159, 'user159@example.com', 'Member 159', 4, '2023-05-27 11:31:09');
INSERT INTO `member` (`member_id`, `email`, `name`, `tier_id`, `created_at`) VALUES (160, 'user160@example.com', 'Member 160', 2, '2023-03-24 17:45:08');
INSERT INTO `member` (`member_id`, `email`, `name`, `tier_id`, `created_at`) VALUES (161, 'user161@example.com', 'Member 161', 3, '2024-10-08 06:26:16');
INSERT INTO `member` (`member_id`, `email`, `name`, `tier_id`, `created_at`) VALUES (162, 'user162@example.com', 'Member 162', 3, '2024-10-11 02:06:43');
INSERT INTO `member` (`member_id`, `email`, `name`, `tier_id`, `created_at`) VALUES (163, 'user163@example.com', 'Member 163', 1, '2024-04-07 09:57:31');
INSERT INTO `member` (`member_id`, `email`, `name`, `tier_id`, `created_at`) VALUES (164, 'user164@example.com', 'Member 164', 2, '2023-06-22 20:58:54');
INSERT INTO `member` (`member_id`, `email`, `name`, `tier_id`, `created_at`) VALUES (165, 'user165@example.com', 'Member 165', 2, '2024-05-16 03:12:19');
INSERT INTO `member` (`member_id`, `email`, `name`, `tier_id`, `created_at`) VALUES (166, 'user166@example.com', 'Member 166', 2, '2024-09-21 15:47:27');
INSERT INTO `member` (`member_id`, `email`, `name`, `tier_id`, `created_at`) VALUES (167, 'user167@example.com', 'Member 167', 4, '2024-02-18 15:37:13');
INSERT INTO `member` (`member_id`, `email`, `name`, `tier_id`, `created_at`) VALUES (168, 'user168@example.com', 'Member 168', 4, '2024-01-28 00:10:11');
INSERT INTO `member` (`member_id`, `email`, `name`, `tier_id`, `created_at`) VALUES (169, 'user169@example.com', 'Member 169', 1, '2024-06-30 07:15:37');
INSERT INTO `member` (`member_id`, `email`, `name`, `tier_id`, `created_at`) VALUES (170, 'user170@example.com', 'Member 170', 3, '2023-01-15 11:43:53');
INSERT INTO `member` (`member_id`, `email`, `name`, `tier_id`, `created_at`) VALUES (171, 'user171@example.com', 'Member 171', 2, '2023-01-19 00:09:00');
INSERT INTO `member` (`member_id`, `email`, `name`, `tier_id`, `created_at`) VALUES (172, 'user172@example.com', 'Member 172', 2, '2023-08-20 12:32:14');
INSERT INTO `member` (`member_id`, `email`, `name`, `tier_id`, `created_at`) VALUES (173, 'user173@example.com', 'Member 173', 3, '2023-05-13 03:44:22');
INSERT INTO `member` (`member_id`, `email`, `name`, `tier_id`, `created_at`) VALUES (174, 'user174@example.com', 'Member 174', 4, '2024-05-30 21:25:58');
INSERT INTO `member` (`member_id`, `email`, `name`, `tier_id`, `created_at`) VALUES (175, 'user175@example.com', 'Member 175', 3, '2023-06-21 02:22:37');
INSERT INTO `member` (`member_id`, `email`, `name`, `tier_id`, `created_at`) VALUES (176, 'user176@example.com', 'Member 176', 1, '2023-11-02 10:35:19');
INSERT INTO `member` (`member_id`, `email`, `name`, `tier_id`, `created_at`) VALUES (177, 'user177@example.com', 'Member 177', 4, '2024-06-16 21:42:47');
INSERT INTO `member` (`member_id`, `email`, `name`, `tier_id`, `created_at`) VALUES (178, 'user178@example.com', 'Member 178', 3, '2024-03-20 04:52:16');
INSERT INTO `member` (`member_id`, `email`, `name`, `tier_id`, `created_at`) VALUES (179, 'user179@example.com', 'Member 179', 3, '2024-05-16 13:04:47');
INSERT INTO `member` (`member_id`, `email`, `name`, `tier_id`, `created_at`) VALUES (180, 'user180@example.com', 'Member 180', 2, '2023-06-18 14:41:13');
INSERT INTO `member` (`member_id`, `email`, `name`, `tier_id`, `created_at`) VALUES (181, 'user181@example.com', 'Member 181', 1, '2023-08-22 08:10:02');
INSERT INTO `member` (`member_id`, `email`, `name`, `tier_id`, `created_at`) VALUES (182, 'user182@example.com', 'Member 182', 2, '2023-08-05 00:47:52');
INSERT INTO `member` (`member_id`, `email`, `name`, `tier_id`, `created_at`) VALUES (183, 'user183@example.com', 'Member 183', 2, '2023-05-07 13:20:49');
INSERT INTO `member` (`member_id`, `email`, `name`, `tier_id`, `created_at`) VALUES (184, 'user184@example.com', 'Member 184', 1, '2024-01-20 23:18:48');
INSERT INTO `member` (`member_id`, `email`, `name`, `tier_id`, `created_at`) VALUES (185, 'user185@example.com', 'Member 185', 3, '2024-07-01 22:41:15');
INSERT INTO `member` (`member_id`, `email`, `name`, `tier_id`, `created_at`) VALUES (186, 'user186@example.com', 'Member 186', 1, '2024-08-31 01:44:46');
INSERT INTO `member` (`member_id`, `email`, `name`, `tier_id`, `created_at`) VALUES (187, 'user187@example.com', 'Member 187', 1, '2024-10-31 00:43:07');
INSERT INTO `member` (`member_id`, `email`, `name`, `tier_id`, `created_at`) VALUES (188, 'user188@example.com', 'Member 188', 1, '2023-04-29 15:10:27');
INSERT INTO `member` (`member_id`, `email`, `name`, `tier_id`, `created_at`) VALUES (189, 'user189@example.com', 'Member 189', 4, '2024-01-25 04:29:59');
INSERT INTO `member` (`member_id`, `email`, `name`, `tier_id`, `created_at`) VALUES (190, 'user190@example.com', 'Member 190', 3, '2024-04-30 05:34:30');
INSERT INTO `member` (`member_id`, `email`, `name`, `tier_id`, `created_at`) VALUES (191, 'user191@example.com', 'Member 191', 2, '2024-10-07 00:20:19');
INSERT INTO `member` (`member_id`, `email`, `name`, `tier_id`, `created_at`) VALUES (192, 'user192@example.com', 'Member 192', 3, '2024-03-06 03:40:35');
INSERT INTO `member` (`member_id`, `email`, `name`, `tier_id`, `created_at`) VALUES (193, 'user193@example.com', 'Member 193', 3, '2024-09-29 22:03:01');
INSERT INTO `member` (`member_id`, `email`, `name`, `tier_id`, `created_at`) VALUES (194, 'user194@example.com', 'Member 194', 2, '2024-03-04 03:49:11');
INSERT INTO `member` (`member_id`, `email`, `name`, `tier_id`, `created_at`) VALUES (195, 'user195@example.com', 'Member 195', 1, '2023-10-17 04:09:03');
INSERT INTO `member` (`member_id`, `email`, `name`, `tier_id`, `created_at`) VALUES (196, 'user196@example.com', 'Member 196', 1, '2024-05-24 07:13:57');
INSERT INTO `member` (`member_id`, `email`, `name`, `tier_id`, `created_at`) VALUES (197, 'user197@example.com', 'Member 197', 2, '2023-09-27 19:02:49');
INSERT INTO `member` (`member_id`, `email`, `name`, `tier_id`, `created_at`) VALUES (198, 'user198@example.com', 'Member 198', 2, '2024-01-02 14:55:07');
INSERT INTO `member` (`member_id`, `email`, `name`, `tier_id`, `created_at`) VALUES (199, 'user199@example.com', 'Member 199', 3, '2023-06-14 01:26:04');
INSERT INTO `member` (`member_id`, `email`, `name`, `tier_id`, `created_at`) VALUES (200, 'user200@example.com', 'Member 200', 4, '2023-08-01 17:30:01');
INSERT INTO `member` (`member_id`, `email`, `name`, `tier_id`, `created_at`) VALUES (201, 'user201@example.com', 'Member 201', 3, '2023-08-29 00:05:58');
INSERT INTO `member` (`member_id`, `email`, `name`, `tier_id`, `created_at`) VALUES (202, 'user202@example.com', 'Member 202', 1, '2024-11-18 03:14:25');
INSERT INTO `member` (`member_id`, `email`, `name`, `tier_id`, `created_at`) VALUES (203, 'user203@example.com', 'Member 203', 1, '2024-08-10 17:59:23');
INSERT INTO `member` (`member_id`, `email`, `name`, `tier_id`, `created_at`) VALUES (204, 'user204@example.com', 'Member 204', 2, '2023-04-03 18:37:50');
INSERT INTO `member` (`member_id`, `email`, `name`, `tier_id`, `created_at`) VALUES (205, 'user205@example.com', 'Member 205', 1, '2023-04-14 09:19:00');
INSERT INTO `member` (`member_id`, `email`, `name`, `tier_id`, `created_at`) VALUES (206, 'user206@example.com', 'Member 206', 2, '2024-04-12 10:46:40');
INSERT INTO `member` (`member_id`, `email`, `name`, `tier_id`, `created_at`) VALUES (207, 'user207@example.com', 'Member 207', 3, '2024-04-20 01:49:24');
INSERT INTO `member` (`member_id`, `email`, `name`, `tier_id`, `created_at`) VALUES (208, 'user208@example.com', 'Member 208', 1, '2023-06-28 01:26:10');
INSERT INTO `member` (`member_id`, `email`, `name`, `tier_id`, `created_at`) VALUES (209, 'user209@example.com', 'Member 209', 3, '2024-01-04 11:23:07');
INSERT INTO `member` (`member_id`, `email`, `name`, `tier_id`, `created_at`) VALUES (210, 'user210@example.com', 'Member 210', 4, '2023-04-29 03:27:31');
INSERT INTO `member` (`member_id`, `email`, `name`, `tier_id`, `created_at`) VALUES (211, 'user211@example.com', 'Member 211', 1, '2023-01-10 05:02:19');
INSERT INTO `member` (`member_id`, `email`, `name`, `tier_id`, `created_at`) VALUES (212, 'user212@example.com', 'Member 212', 2, '2023-12-03 13:01:01');
INSERT INTO `member` (`member_id`, `email`, `name`, `tier_id`, `created_at`) VALUES (213, 'user213@example.com', 'Member 213', 4, '2024-09-28 09:46:07');
INSERT INTO `member` (`member_id`, `email`, `name`, `tier_id`, `created_at`) VALUES (214, 'user214@example.com', 'Member 214', 1, '2024-01-17 12:28:41');
INSERT INTO `member` (`member_id`, `email`, `name`, `tier_id`, `created_at`) VALUES (215, 'user215@example.com', 'Member 215', 2, '2023-04-27 14:35:30');
INSERT INTO `member` (`member_id`, `email`, `name`, `tier_id`, `created_at`) VALUES (216, 'user216@example.com', 'Member 216', 4, '2024-04-12 09:53:49');
INSERT INTO `member` (`member_id`, `email`, `name`, `tier_id`, `created_at`) VALUES (217, 'user217@example.com', 'Member 217', 4, '2024-05-04 15:21:18');
INSERT INTO `member` (`member_id`, `email`, `name`, `tier_id`, `created_at`) VALUES (218, 'user218@example.com', 'Member 218', 2, '2023-04-26 04:49:28');
INSERT INTO `member` (`member_id`, `email`, `name`, `tier_id`, `created_at`) VALUES (219, 'user219@example.com', 'Member 219', 1, '2023-06-13 03:46:33');
INSERT INTO `member` (`member_id`, `email`, `name`, `tier_id`, `created_at`) VALUES (220, 'user220@example.com', 'Member 220', 4, '2024-08-27 17:34:25');
INSERT INTO `member` (`member_id`, `email`, `name`, `tier_id`, `created_at`) VALUES (221, 'user221@example.com', 'Member 221', 4, '2023-07-05 22:15:27');
INSERT INTO `member` (`member_id`, `email`, `name`, `tier_id`, `created_at`) VALUES (222, 'user222@example.com', 'Member 222', 4, '2024-01-03 22:15:31');
INSERT INTO `member` (`member_id`, `email`, `name`, `tier_id`, `created_at`) VALUES (223, 'user223@example.com', 'Member 223', 1, '2024-12-01 04:45:25');
INSERT INTO `member` (`member_id`, `email`, `name`, `tier_id`, `created_at`) VALUES (224, 'user224@example.com', 'Member 224', 4, '2024-05-14 04:06:42');
INSERT INTO `member` (`member_id`, `email`, `name`, `tier_id`, `created_at`) VALUES (225, 'user225@example.com', 'Member 225', 4, '2024-03-27 01:40:25');
INSERT INTO `member` (`member_id`, `email`, `name`, `tier_id`, `created_at`) VALUES (226, 'user226@example.com', 'Member 226', 1, '2023-09-25 23:50:48');
INSERT INTO `member` (`member_id`, `email`, `name`, `tier_id`, `created_at`) VALUES (227, 'user227@example.com', 'Member 227', 3, '2023-01-13 19:06:28');
INSERT INTO `member` (`member_id`, `email`, `name`, `tier_id`, `created_at`) VALUES (228, 'user228@example.com', 'Member 228', 2, '2024-11-16 12:19:01');
INSERT INTO `member` (`member_id`, `email`, `name`, `tier_id`, `created_at`) VALUES (229, 'user229@example.com', 'Member 229', 1, '2024-03-19 09:03:01');
INSERT INTO `member` (`member_id`, `email`, `name`, `tier_id`, `created_at`) VALUES (230, 'user230@example.com', 'Member 230', 4, '2023-12-21 23:21:10');
INSERT INTO `member` (`member_id`, `email`, `name`, `tier_id`, `created_at`) VALUES (231, 'user231@example.com', 'Member 231', 4, '2023-06-02 20:19:43');
INSERT INTO `member` (`member_id`, `email`, `name`, `tier_id`, `created_at`) VALUES (232, 'user232@example.com', 'Member 232', 1, '2023-01-12 23:25:31');
INSERT INTO `member` (`member_id`, `email`, `name`, `tier_id`, `created_at`) VALUES (233, 'user233@example.com', 'Member 233', 2, '2024-06-01 17:05:10');
INSERT INTO `member` (`member_id`, `email`, `name`, `tier_id`, `created_at`) VALUES (234, 'user234@example.com', 'Member 234', 4, '2023-06-19 02:43:32');
INSERT INTO `member` (`member_id`, `email`, `name`, `tier_id`, `created_at`) VALUES (235, 'user235@example.com', 'Member 235', 4, '2023-11-25 08:46:14');
INSERT INTO `member` (`member_id`, `email`, `name`, `tier_id`, `created_at`) VALUES (236, 'user236@example.com', 'Member 236', 3, '2023-10-12 01:49:59');
INSERT INTO `member` (`member_id`, `email`, `name`, `tier_id`, `created_at`) VALUES (237, 'user237@example.com', 'Member 237', 2, '2024-07-17 23:25:20');
INSERT INTO `member` (`member_id`, `email`, `name`, `tier_id`, `created_at`) VALUES (238, 'user238@example.com', 'Member 238', 4, '2024-02-17 08:33:21');
INSERT INTO `member` (`member_id`, `email`, `name`, `tier_id`, `created_at`) VALUES (239, 'user239@example.com', 'Member 239', 1, '2024-04-15 16:10:20');
INSERT INTO `member` (`member_id`, `email`, `name`, `tier_id`, `created_at`) VALUES (240, 'user240@example.com', 'Member 240', 4, '2023-04-01 18:08:53');
INSERT INTO `member` (`member_id`, `email`, `name`, `tier_id`, `created_at`) VALUES (241, 'user241@example.com', 'Member 241', 4, '2023-11-20 04:19:19');
INSERT INTO `member` (`member_id`, `email`, `name`, `tier_id`, `created_at`) VALUES (242, 'user242@example.com', 'Member 242', 4, '2024-10-31 00:38:49');
INSERT INTO `member` (`member_id`, `email`, `name`, `tier_id`, `created_at`) VALUES (243, 'user243@example.com', 'Member 243', 1, '2024-02-18 15:00:46');
INSERT INTO `member` (`member_id`, `email`, `name`, `tier_id`, `created_at`) VALUES (244, 'user244@example.com', 'Member 244', 1, '2024-07-24 19:59:31');
INSERT INTO `member` (`member_id`, `email`, `name`, `tier_id`, `created_at`) VALUES (245, 'user245@example.com', 'Member 245', 1, '2023-04-04 21:59:54');
INSERT INTO `member` (`member_id`, `email`, `name`, `tier_id`, `created_at`) VALUES (246, 'user246@example.com', 'Member 246', 3, '2024-06-04 20:28:26');
INSERT INTO `member` (`member_id`, `email`, `name`, `tier_id`, `created_at`) VALUES (247, 'user247@example.com', 'Member 247', 2, '2024-11-01 16:36:36');
INSERT INTO `member` (`member_id`, `email`, `name`, `tier_id`, `created_at`) VALUES (248, 'user248@example.com', 'Member 248', 3, '2024-01-08 01:58:33');
INSERT INTO `member` (`member_id`, `email`, `name`, `tier_id`, `created_at`) VALUES (249, 'user249@example.com', 'Member 249', 2, '2024-04-10 12:05:12');
INSERT INTO `member` (`member_id`, `email`, `name`, `tier_id`, `created_at`) VALUES (250, 'user250@example.com', 'Member 250', 4, '2024-11-03 13:13:37');
-- non_member
INSERT INTO `non_member` (`non_member_id`, `name`, `phone`, `email`, `created_at`) VALUES (1, 'Guest 1', '010-8414-2868', 'guest1@example.com', '2023-04-10 23:59:24');
INSERT INTO `non_member` (`non_member_id`, `name`, `phone`, `email`, `created_at`) VALUES (2, 'Guest 2', '010-4633-1035', 'guest2@example.com', '2023-12-16 12:55:48');
INSERT INTO `non_member` (`non_member_id`, `name`, `phone`, `email`, `created_at`) VALUES (3, 'Guest 3', '010-5783-9973', 'guest3@example.com', '2024-06-18 13:36:46');
INSERT INTO `non_member` (`non_member_id`, `name`, `phone`, `email`, `created_at`) VALUES (4, 'Guest 4', '010-2741-1750', 'guest4@example.com', '2023-06-18 17:55:42');
INSERT INTO `non_member` (`non_member_id`, `name`, `phone`, `email`, `created_at`) VALUES (5, 'Guest 5', '010-3301-7704', 'guest5@example.com', '2023-04-20 09:15:30');
INSERT INTO `non_member` (`non_member_id`, `name`, `phone`, `email`, `created_at`) VALUES (6, 'Guest 6', '010-4209-4072', 'guest6@example.com', '2023-05-04 14:18:17');
INSERT INTO `non_member` (`non_member_id`, `name`, `phone`, `email`, `created_at`) VALUES (7, 'Guest 7', '010-4532-8488', 'guest7@example.com', '2023-07-15 12:18:13');
INSERT INTO `non_member` (`non_member_id`, `name`, `phone`, `email`, `created_at`) VALUES (8, 'Guest 8', '010-2765-7790', 'guest8@example.com', '2023-02-17 23:03:20');
INSERT INTO `non_member` (`non_member_id`, `name`, `phone`, `email`, `created_at`) VALUES (9, 'Guest 9', '010-3018-8381', 'guest9@example.com', '2024-04-13 23:58:25');
INSERT INTO `non_member` (`non_member_id`, `name`, `phone`, `email`, `created_at`) VALUES (10, 'Guest 10', '010-9260-3205', 'guest10@example.com', '2024-05-25 00:09:28');
INSERT INTO `non_member` (`non_member_id`, `name`, `phone`, `email`, `created_at`) VALUES (11, 'Guest 11', '010-9689-1795', 'guest11@example.com', '2024-07-20 15:45:29');
INSERT INTO `non_member` (`non_member_id`, `name`, `phone`, `email`, `created_at`) VALUES (12, 'Guest 12', '010-8912-9328', 'guest12@example.com', '2023-07-01 21:03:52');
INSERT INTO `non_member` (`non_member_id`, `name`, `phone`, `email`, `created_at`) VALUES (13, 'Guest 13', '010-3845-3103', 'guest13@example.com', '2023-04-17 14:06:18');
INSERT INTO `non_member` (`non_member_id`, `name`, `phone`, `email`, `created_at`) VALUES (14, 'Guest 14', '010-6273-9259', 'guest14@example.com', '2024-01-29 15:14:35');
INSERT INTO `non_member` (`non_member_id`, `name`, `phone`, `email`, `created_at`) VALUES (15, 'Guest 15', '010-5067-5482', 'guest15@example.com', '2024-02-12 12:28:59');
INSERT INTO `non_member` (`non_member_id`, `name`, `phone`, `email`, `created_at`) VALUES (16, 'Guest 16', '010-5819-8419', 'guest16@example.com', '2023-05-17 05:01:51');
INSERT INTO `non_member` (`non_member_id`, `name`, `phone`, `email`, `created_at`) VALUES (17, 'Guest 17', '010-7762-9393', 'guest17@example.com', '2023-11-03 19:56:42');
INSERT INTO `non_member` (`non_member_id`, `name`, `phone`, `email`, `created_at`) VALUES (18, 'Guest 18', '010-6143-4560', 'guest18@example.com', '2023-07-25 07:38:07');
INSERT INTO `non_member` (`non_member_id`, `name`, `phone`, `email`, `created_at`) VALUES (19, 'Guest 19', '010-5760-6657', 'guest19@example.com', '2024-11-19 04:49:49');
INSERT INTO `non_member` (`non_member_id`, `name`, `phone`, `email`, `created_at`) VALUES (20, 'Guest 20', '010-3913-9255', 'guest20@example.com', '2024-07-09 23:11:16');
INSERT INTO `non_member` (`non_member_id`, `name`, `phone`, `email`, `created_at`) VALUES (21, 'Guest 21', '010-6281-2890', 'guest21@example.com', '2023-12-27 20:28:19');
INSERT INTO `non_member` (`non_member_id`, `name`, `phone`, `email`, `created_at`) VALUES (22, 'Guest 22', '010-8870-7839', 'guest22@example.com', '2024-11-21 19:26:19');
INSERT INTO `non_member` (`non_member_id`, `name`, `phone`, `email`, `created_at`) VALUES (23, 'Guest 23', '010-5684-7920', 'guest23@example.com', '2023-01-14 19:01:55');
INSERT INTO `non_member` (`non_member_id`, `name`, `phone`, `email`, `created_at`) VALUES (24, 'Guest 24', '010-2744-1414', 'guest24@example.com', '2024-01-26 05:17:28');
INSERT INTO `non_member` (`non_member_id`, `name`, `phone`, `email`, `created_at`) VALUES (25, 'Guest 25', '010-1869-1927', 'guest25@example.com', '2023-07-24 09:43:13');
INSERT INTO `non_member` (`non_member_id`, `name`, `phone`, `email`, `created_at`) VALUES (26, 'Guest 26', '010-3636-5695', 'guest26@example.com', '2024-11-30 09:07:21');
INSERT INTO `non_member` (`non_member_id`, `name`, `phone`, `email`, `created_at`) VALUES (27, 'Guest 27', '010-3399-2016', 'guest27@example.com', '2023-10-30 07:25:38');
INSERT INTO `non_member` (`non_member_id`, `name`, `phone`, `email`, `created_at`) VALUES (28, 'Guest 28', '010-9866-1529', 'guest28@example.com', '2024-01-03 16:28:42');
INSERT INTO `non_member` (`non_member_id`, `name`, `phone`, `email`, `created_at`) VALUES (29, 'Guest 29', '010-2679-4675', 'guest29@example.com', '2024-10-24 20:26:06');
INSERT INTO `non_member` (`non_member_id`, `name`, `phone`, `email`, `created_at`) VALUES (30, 'Guest 30', '010-7371-4892', 'guest30@example.com', '2024-06-07 10:28:21');
INSERT INTO `non_member` (`non_member_id`, `name`, `phone`, `email`, `created_at`) VALUES (31, 'Guest 31', '010-1769-7251', 'guest31@example.com', '2024-02-01 15:10:00');
INSERT INTO `non_member` (`non_member_id`, `name`, `phone`, `email`, `created_at`) VALUES (32, 'Guest 32', '010-6122-1881', 'guest32@example.com', '2023-01-14 09:09:03');
INSERT INTO `non_member` (`non_member_id`, `name`, `phone`, `email`, `created_at`) VALUES (33, 'Guest 33', '010-4327-8259', 'guest33@example.com', '2023-08-19 23:04:31');
INSERT INTO `non_member` (`non_member_id`, `name`, `phone`, `email`, `created_at`) VALUES (34, 'Guest 34', '010-7025-9955', 'guest34@example.com', '2024-09-09 07:09:11');
INSERT INTO `non_member` (`non_member_id`, `name`, `phone`, `email`, `created_at`) VALUES (35, 'Guest 35', '010-4170-5819', 'guest35@example.com', '2024-04-04 06:27:35');
INSERT INTO `non_member` (`non_member_id`, `name`, `phone`, `email`, `created_at`) VALUES (36, 'Guest 36', '010-2220-4063', 'guest36@example.com', '2023-06-27 18:42:30');
INSERT INTO `non_member` (`non_member_id`, `name`, `phone`, `email`, `created_at`) VALUES (37, 'Guest 37', '010-2955-7180', 'guest37@example.com', '2023-02-11 15:36:05');
INSERT INTO `non_member` (`non_member_id`, `name`, `phone`, `email`, `created_at`) VALUES (38, 'Guest 38', '010-5572-5329', 'guest38@example.com', '2023-05-14 05:51:33');
INSERT INTO `non_member` (`non_member_id`, `name`, `phone`, `email`, `created_at`) VALUES (39, 'Guest 39', '010-5178-1092', 'guest39@example.com', '2023-12-05 16:58:42');
INSERT INTO `non_member` (`non_member_id`, `name`, `phone`, `email`, `created_at`) VALUES (40, 'Guest 40', '010-3536-1654', 'guest40@example.com', '2023-06-07 11:44:47');
INSERT INTO `non_member` (`non_member_id`, `name`, `phone`, `email`, `created_at`) VALUES (41, 'Guest 41', '010-1833-5934', 'guest41@example.com', '2024-05-17 20:51:01');
INSERT INTO `non_member` (`non_member_id`, `name`, `phone`, `email`, `created_at`) VALUES (42, 'Guest 42', '010-6866-2194', 'guest42@example.com', '2023-11-22 19:07:44');
INSERT INTO `non_member` (`non_member_id`, `name`, `phone`, `email`, `created_at`) VALUES (43, 'Guest 43', '010-4603-4012', 'guest43@example.com', '2024-06-17 02:28:56');
INSERT INTO `non_member` (`non_member_id`, `name`, `phone`, `email`, `created_at`) VALUES (44, 'Guest 44', '010-9276-3611', 'guest44@example.com', '2024-03-01 19:46:22');
INSERT INTO `non_member` (`non_member_id`, `name`, `phone`, `email`, `created_at`) VALUES (45, 'Guest 45', '010-9798-7609', 'guest45@example.com', '2023-04-05 12:43:16');
INSERT INTO `non_member` (`non_member_id`, `name`, `phone`, `email`, `created_at`) VALUES (46, 'Guest 46', '010-4624-4495', 'guest46@example.com', '2024-11-10 12:05:00');
INSERT INTO `non_member` (`non_member_id`, `name`, `phone`, `email`, `created_at`) VALUES (47, 'Guest 47', '010-6424-6911', 'guest47@example.com', '2023-10-28 07:57:12');
INSERT INTO `non_member` (`non_member_id`, `name`, `phone`, `email`, `created_at`) VALUES (48, 'Guest 48', '010-9691-8780', 'guest48@example.com', '2024-07-28 23:38:25');
INSERT INTO `non_member` (`non_member_id`, `name`, `phone`, `email`, `created_at`) VALUES (49, 'Guest 49', '010-1144-2879', 'guest49@example.com', '2024-11-15 12:35:51');
INSERT INTO `non_member` (`non_member_id`, `name`, `phone`, `email`, `created_at`) VALUES (50, 'Guest 50', '010-8301-4937', 'guest50@example.com', '2024-10-19 22:20:39');
INSERT INTO `non_member` (`non_member_id`, `name`, `phone`, `email`, `created_at`) VALUES (51, 'Guest 51', '010-4994-1653', 'guest51@example.com', '2024-11-29 11:41:05');
INSERT INTO `non_member` (`non_member_id`, `name`, `phone`, `email`, `created_at`) VALUES (52, 'Guest 52', '010-7248-2857', 'guest52@example.com', '2024-01-31 09:20:31');
INSERT INTO `non_member` (`non_member_id`, `name`, `phone`, `email`, `created_at`) VALUES (53, 'Guest 53', '010-9851-5633', 'guest53@example.com', '2023-01-26 18:49:06');
INSERT INTO `non_member` (`non_member_id`, `name`, `phone`, `email`, `created_at`) VALUES (54, 'Guest 54', '010-7143-9426', 'guest54@example.com', '2024-06-04 16:13:20');
INSERT INTO `non_member` (`non_member_id`, `name`, `phone`, `email`, `created_at`) VALUES (55, 'Guest 55', '010-8975-1718', 'guest55@example.com', '2023-10-31 23:43:17');
INSERT INTO `non_member` (`non_member_id`, `name`, `phone`, `email`, `created_at`) VALUES (56, 'Guest 56', '010-4154-6248', 'guest56@example.com', '2024-06-10 02:59:53');
INSERT INTO `non_member` (`non_member_id`, `name`, `phone`, `email`, `created_at`) VALUES (57, 'Guest 57', '010-2572-3742', 'guest57@example.com', '2024-07-04 19:24:48');
INSERT INTO `non_member` (`non_member_id`, `name`, `phone`, `email`, `created_at`) VALUES (58, 'Guest 58', '010-1120-2072', 'guest58@example.com', '2023-08-04 22:55:11');
INSERT INTO `non_member` (`non_member_id`, `name`, `phone`, `email`, `created_at`) VALUES (59, 'Guest 59', '010-4492-7950', 'guest59@example.com', '2023-04-17 07:29:05');
INSERT INTO `non_member` (`non_member_id`, `name`, `phone`, `email`, `created_at`) VALUES (60, 'Guest 60', '010-9810-8130', 'guest60@example.com', '2024-10-24 02:37:32');
INSERT INTO `non_member` (`non_member_id`, `name`, `phone`, `email`, `created_at`) VALUES (61, 'Guest 61', '010-3519-1389', 'guest61@example.com', '2024-04-15 12:04:38');
INSERT INTO `non_member` (`non_member_id`, `name`, `phone`, `email`, `created_at`) VALUES (62, 'Guest 62', '010-1620-2433', 'guest62@example.com', '2023-03-17 01:58:33');
INSERT INTO `non_member` (`non_member_id`, `name`, `phone`, `email`, `created_at`) VALUES (63, 'Guest 63', '010-3916-5127', 'guest63@example.com', '2024-07-25 02:33:52');
INSERT INTO `non_member` (`non_member_id`, `name`, `phone`, `email`, `created_at`) VALUES (64, 'Guest 64', '010-4729-5237', 'guest64@example.com', '2024-02-22 14:07:40');
INSERT INTO `non_member` (`non_member_id`, `name`, `phone`, `email`, `created_at`) VALUES (65, 'Guest 65', '010-8391-7626', 'guest65@example.com', '2024-03-19 11:31:11');
INSERT INTO `non_member` (`non_member_id`, `name`, `phone`, `email`, `created_at`) VALUES (66, 'Guest 66', '010-1276-7381', 'guest66@example.com', '2024-11-20 04:18:26');
INSERT INTO `non_member` (`non_member_id`, `name`, `phone`, `email`, `created_at`) VALUES (67, 'Guest 67', '010-9762-1096', 'guest67@example.com', '2024-10-18 22:30:48');
INSERT INTO `non_member` (`non_member_id`, `name`, `phone`, `email`, `created_at`) VALUES (68, 'Guest 68', '010-2036-1745', 'guest68@example.com', '2023-03-16 13:01:24');
INSERT INTO `non_member` (`non_member_id`, `name`, `phone`, `email`, `created_at`) VALUES (69, 'Guest 69', '010-9238-2738', 'guest69@example.com', '2023-10-24 10:58:18');
INSERT INTO `non_member` (`non_member_id`, `name`, `phone`, `email`, `created_at`) VALUES (70, 'Guest 70', '010-2417-5612', 'guest70@example.com', '2024-03-24 13:53:12');
INSERT INTO `non_member` (`non_member_id`, `name`, `phone`, `email`, `created_at`) VALUES (71, 'Guest 71', '010-7473-1504', 'guest71@example.com', '2024-04-30 05:41:29');
INSERT INTO `non_member` (`non_member_id`, `name`, `phone`, `email`, `created_at`) VALUES (72, 'Guest 72', '010-9740-4602', 'guest72@example.com', '2023-05-20 14:14:08');
INSERT INTO `non_member` (`non_member_id`, `name`, `phone`, `email`, `created_at`) VALUES (73, 'Guest 73', '010-9941-5832', 'guest73@example.com', '2024-10-11 05:14:44');
INSERT INTO `non_member` (`non_member_id`, `name`, `phone`, `email`, `created_at`) VALUES (74, 'Guest 74', '010-5883-7113', 'guest74@example.com', '2023-01-12 20:09:11');
INSERT INTO `non_member` (`non_member_id`, `name`, `phone`, `email`, `created_at`) VALUES (75, 'Guest 75', '010-3316-3019', 'guest75@example.com', '2023-02-12 00:10:59');
INSERT INTO `non_member` (`non_member_id`, `name`, `phone`, `email`, `created_at`) VALUES (76, 'Guest 76', '010-7456-9800', 'guest76@example.com', '2024-07-14 03:05:57');
INSERT INTO `non_member` (`non_member_id`, `name`, `phone`, `email`, `created_at`) VALUES (77, 'Guest 77', '010-5992-4441', 'guest77@example.com', '2023-12-19 07:42:32');
INSERT INTO `non_member` (`non_member_id`, `name`, `phone`, `email`, `created_at`) VALUES (78, 'Guest 78', '010-7760-9397', 'guest78@example.com', '2023-05-26 05:51:36');
INSERT INTO `non_member` (`non_member_id`, `name`, `phone`, `email`, `created_at`) VALUES (79, 'Guest 79', '010-4014-4617', 'guest79@example.com', '2024-09-23 09:12:07');
INSERT INTO `non_member` (`non_member_id`, `name`, `phone`, `email`, `created_at`) VALUES (80, 'Guest 80', '010-4183-2877', 'guest80@example.com', '2023-07-05 20:39:16');
INSERT INTO `non_member` (`non_member_id`, `name`, `phone`, `email`, `created_at`) VALUES (81, 'Guest 81', '010-1891-9992', 'guest81@example.com', '2024-04-17 23:28:18');
INSERT INTO `non_member` (`non_member_id`, `name`, `phone`, `email`, `created_at`) VALUES (82, 'Guest 82', '010-2198-5762', 'guest82@example.com', '2024-11-18 02:27:09');
INSERT INTO `non_member` (`non_member_id`, `name`, `phone`, `email`, `created_at`) VALUES (83, 'Guest 83', '010-5107-2608', 'guest83@example.com', '2023-07-22 21:08:19');
INSERT INTO `non_member` (`non_member_id`, `name`, `phone`, `email`, `created_at`) VALUES (84, 'Guest 84', '010-8982-6420', 'guest84@example.com', '2024-01-01 04:40:05');
INSERT INTO `non_member` (`non_member_id`, `name`, `phone`, `email`, `created_at`) VALUES (85, 'Guest 85', '010-4842-2639', 'guest85@example.com', '2023-10-19 22:33:21');
INSERT INTO `non_member` (`non_member_id`, `name`, `phone`, `email`, `created_at`) VALUES (86, 'Guest 86', '010-2143-4170', 'guest86@example.com', '2023-11-22 17:41:22');
INSERT INTO `non_member` (`non_member_id`, `name`, `phone`, `email`, `created_at`) VALUES (87, 'Guest 87', '010-8383-6379', 'guest87@example.com', '2024-09-23 11:07:45');
INSERT INTO `non_member` (`non_member_id`, `name`, `phone`, `email`, `created_at`) VALUES (88, 'Guest 88', '010-3496-6971', 'guest88@example.com', '2023-11-20 15:35:39');
INSERT INTO `non_member` (`non_member_id`, `name`, `phone`, `email`, `created_at`) VALUES (89, 'Guest 89', '010-3762-1079', 'guest89@example.com', '2023-11-17 08:57:46');
INSERT INTO `non_member` (`non_member_id`, `name`, `phone`, `email`, `created_at`) VALUES (90, 'Guest 90', '010-4629-8145', 'guest90@example.com', '2023-10-11 13:05:18');
INSERT INTO `non_member` (`non_member_id`, `name`, `phone`, `email`, `created_at`) VALUES (91, 'Guest 91', '010-3200-6432', 'guest91@example.com', '2024-05-06 16:51:06');
INSERT INTO `non_member` (`non_member_id`, `name`, `phone`, `email`, `created_at`) VALUES (92, 'Guest 92', '010-8296-6877', 'guest92@example.com', '2023-11-09 17:43:48');
INSERT INTO `non_member` (`non_member_id`, `name`, `phone`, `email`, `created_at`) VALUES (93, 'Guest 93', '010-2783-3879', 'guest93@example.com', '2024-10-23 22:05:11');
INSERT INTO `non_member` (`non_member_id`, `name`, `phone`, `email`, `created_at`) VALUES (94, 'Guest 94', '010-2343-5597', 'guest94@example.com', '2023-05-24 19:36:37');
INSERT INTO `non_member` (`non_member_id`, `name`, `phone`, `email`, `created_at`) VALUES (95, 'Guest 95', '010-4218-5312', 'guest95@example.com', '2024-10-03 02:47:02');
INSERT INTO `non_member` (`non_member_id`, `name`, `phone`, `email`, `created_at`) VALUES (96, 'Guest 96', '010-2235-1305', 'guest96@example.com', '2024-06-03 22:59:48');
INSERT INTO `non_member` (`non_member_id`, `name`, `phone`, `email`, `created_at`) VALUES (97, 'Guest 97', '010-1511-7637', 'guest97@example.com', '2024-08-27 07:44:46');
INSERT INTO `non_member` (`non_member_id`, `name`, `phone`, `email`, `created_at`) VALUES (98, 'Guest 98', '010-1600-5269', 'guest98@example.com', '2024-07-10 19:38:56');
INSERT INTO `non_member` (`non_member_id`, `name`, `phone`, `email`, `created_at`) VALUES (99, 'Guest 99', '010-8734-3435', 'guest99@example.com', '2024-01-10 14:17:25');
INSERT INTO `non_member` (`non_member_id`, `name`, `phone`, `email`, `created_at`) VALUES (100, 'Guest 100', '010-4658-5767', 'guest100@example.com', '2023-05-18 16:55:09');
INSERT INTO `non_member` (`non_member_id`, `name`, `phone`, `email`, `created_at`) VALUES (101, 'Guest 101', '010-9210-9362', 'guest101@example.com', '2023-04-03 14:26:47');
INSERT INTO `non_member` (`non_member_id`, `name`, `phone`, `email`, `created_at`) VALUES (102, 'Guest 102', '010-6961-9227', 'guest102@example.com', '2023-01-11 08:41:50');
INSERT INTO `non_member` (`non_member_id`, `name`, `phone`, `email`, `created_at`) VALUES (103, 'Guest 103', '010-3717-9423', 'guest103@example.com', '2023-05-24 16:14:47');
INSERT INTO `non_member` (`non_member_id`, `name`, `phone`, `email`, `created_at`) VALUES (104, 'Guest 104', '010-3608-3935', 'guest104@example.com', '2024-08-02 20:36:02');
INSERT INTO `non_member` (`non_member_id`, `name`, `phone`, `email`, `created_at`) VALUES (105, 'Guest 105', '010-3395-8921', 'guest105@example.com', '2024-01-03 01:28:17');
INSERT INTO `non_member` (`non_member_id`, `name`, `phone`, `email`, `created_at`) VALUES (106, 'Guest 106', '010-4585-8989', 'guest106@example.com', '2023-08-26 02:17:19');
INSERT INTO `non_member` (`non_member_id`, `name`, `phone`, `email`, `created_at`) VALUES (107, 'Guest 107', '010-5331-7052', 'guest107@example.com', '2023-08-28 01:33:30');
INSERT INTO `non_member` (`non_member_id`, `name`, `phone`, `email`, `created_at`) VALUES (108, 'Guest 108', '010-4387-9485', 'guest108@example.com', '2024-01-05 14:07:48');
INSERT INTO `non_member` (`non_member_id`, `name`, `phone`, `email`, `created_at`) VALUES (109, 'Guest 109', '010-8695-8448', 'guest109@example.com', '2023-02-17 01:27:10');
INSERT INTO `non_member` (`non_member_id`, `name`, `phone`, `email`, `created_at`) VALUES (110, 'Guest 110', '010-6309-2691', 'guest110@example.com', '2024-06-17 23:04:02');
INSERT INTO `non_member` (`non_member_id`, `name`, `phone`, `email`, `created_at`) VALUES (111, 'Guest 111', '010-5480-5314', 'guest111@example.com', '2024-08-15 19:49:09');
INSERT INTO `non_member` (`non_member_id`, `name`, `phone`, `email`, `created_at`) VALUES (112, 'Guest 112', '010-3848-7171', 'guest112@example.com', '2024-10-31 13:46:53');
INSERT INTO `non_member` (`non_member_id`, `name`, `phone`, `email`, `created_at`) VALUES (113, 'Guest 113', '010-6985-2275', 'guest113@example.com', '2024-06-13 09:09:35');
INSERT INTO `non_member` (`non_member_id`, `name`, `phone`, `email`, `created_at`) VALUES (114, 'Guest 114', '010-7165-4651', 'guest114@example.com', '2024-06-12 14:46:34');
INSERT INTO `non_member` (`non_member_id`, `name`, `phone`, `email`, `created_at`) VALUES (115, 'Guest 115', '010-6781-6653', 'guest115@example.com', '2024-05-13 17:33:11');
INSERT INTO `non_member` (`non_member_id`, `name`, `phone`, `email`, `created_at`) VALUES (116, 'Guest 116', '010-1108-9222', 'guest116@example.com', '2023-05-23 16:00:58');
INSERT INTO `non_member` (`non_member_id`, `name`, `phone`, `email`, `created_at`) VALUES (117, 'Guest 117', '010-3713-4768', 'guest117@example.com', '2023-03-20 18:44:01');
INSERT INTO `non_member` (`non_member_id`, `name`, `phone`, `email`, `created_at`) VALUES (118, 'Guest 118', '010-5600-4465', 'guest118@example.com', '2023-06-03 06:48:18');
INSERT INTO `non_member` (`non_member_id`, `name`, `phone`, `email`, `created_at`) VALUES (119, 'Guest 119', '010-3578-6934', 'guest119@example.com', '2024-09-08 04:18:29');
INSERT INTO `non_member` (`non_member_id`, `name`, `phone`, `email`, `created_at`) VALUES (120, 'Guest 120', '010-4773-7793', 'guest120@example.com', '2023-12-05 04:07:35');
INSERT INTO `non_member` (`non_member_id`, `name`, `phone`, `email`, `created_at`) VALUES (121, 'Guest 121', '010-8889-8844', 'guest121@example.com', '2024-05-05 07:40:17');
INSERT INTO `non_member` (`non_member_id`, `name`, `phone`, `email`, `created_at`) VALUES (122, 'Guest 122', '010-3641-7732', 'guest122@example.com', '2023-01-23 08:52:18');
INSERT INTO `non_member` (`non_member_id`, `name`, `phone`, `email`, `created_at`) VALUES (123, 'Guest 123', '010-1706-3095', 'guest123@example.com', '2024-08-10 21:34:00');
INSERT INTO `non_member` (`non_member_id`, `name`, `phone`, `email`, `created_at`) VALUES (124, 'Guest 124', '010-3639-3207', 'guest124@example.com', '2024-10-06 18:39:53');
INSERT INTO `non_member` (`non_member_id`, `name`, `phone`, `email`, `created_at`) VALUES (125, 'Guest 125', '010-1642-3406', 'guest125@example.com', '2023-02-27 06:03:22');
INSERT INTO `non_member` (`non_member_id`, `name`, `phone`, `email`, `created_at`) VALUES (126, 'Guest 126', '010-5231-3949', 'guest126@example.com', '2024-06-13 14:45:43');
INSERT INTO `non_member` (`non_member_id`, `name`, `phone`, `email`, `created_at`) VALUES (127, 'Guest 127', '010-1305-5644', 'guest127@example.com', '2023-03-29 07:53:09');
INSERT INTO `non_member` (`non_member_id`, `name`, `phone`, `email`, `created_at`) VALUES (128, 'Guest 128', '010-8359-8723', 'guest128@example.com', '2024-05-08 06:12:36');
INSERT INTO `non_member` (`non_member_id`, `name`, `phone`, `email`, `created_at`) VALUES (129, 'Guest 129', '010-4594-7730', 'guest129@example.com', '2024-09-07 05:11:45');
INSERT INTO `non_member` (`non_member_id`, `name`, `phone`, `email`, `created_at`) VALUES (130, 'Guest 130', '010-3979-9369', 'guest130@example.com', '2023-09-28 06:06:23');
INSERT INTO `non_member` (`non_member_id`, `name`, `phone`, `email`, `created_at`) VALUES (131, 'Guest 131', '010-6614-8429', 'guest131@example.com', '2024-09-02 21:30:10');
INSERT INTO `non_member` (`non_member_id`, `name`, `phone`, `email`, `created_at`) VALUES (132, 'Guest 132', '010-2127-4765', 'guest132@example.com', '2024-01-23 14:02:03');
INSERT INTO `non_member` (`non_member_id`, `name`, `phone`, `email`, `created_at`) VALUES (133, 'Guest 133', '010-3166-2778', 'guest133@example.com', '2023-01-17 07:22:02');
INSERT INTO `non_member` (`non_member_id`, `name`, `phone`, `email`, `created_at`) VALUES (134, 'Guest 134', '010-9564-9263', 'guest134@example.com', '2024-12-01 15:17:03');
INSERT INTO `non_member` (`non_member_id`, `name`, `phone`, `email`, `created_at`) VALUES (135, 'Guest 135', '010-3450-2577', 'guest135@example.com', '2023-07-01 17:19:33');
INSERT INTO `non_member` (`non_member_id`, `name`, `phone`, `email`, `created_at`) VALUES (136, 'Guest 136', '010-1639-9706', 'guest136@example.com', '2024-05-30 04:16:43');
INSERT INTO `non_member` (`non_member_id`, `name`, `phone`, `email`, `created_at`) VALUES (137, 'Guest 137', '010-2526-8901', 'guest137@example.com', '2024-11-06 04:44:42');
INSERT INTO `non_member` (`non_member_id`, `name`, `phone`, `email`, `created_at`) VALUES (138, 'Guest 138', '010-9835-1019', 'guest138@example.com', '2024-11-25 23:38:16');
INSERT INTO `non_member` (`non_member_id`, `name`, `phone`, `email`, `created_at`) VALUES (139, 'Guest 139', '010-8069-9553', 'guest139@example.com', '2024-03-06 13:29:06');
INSERT INTO `non_member` (`non_member_id`, `name`, `phone`, `email`, `created_at`) VALUES (140, 'Guest 140', '010-1711-9680', 'guest140@example.com', '2024-03-15 08:21:19');
INSERT INTO `non_member` (`non_member_id`, `name`, `phone`, `email`, `created_at`) VALUES (141, 'Guest 141', '010-8899-7246', 'guest141@example.com', '2023-12-25 21:26:47');
INSERT INTO `non_member` (`non_member_id`, `name`, `phone`, `email`, `created_at`) VALUES (142, 'Guest 142', '010-2600-7971', 'guest142@example.com', '2023-05-18 09:16:00');
INSERT INTO `non_member` (`non_member_id`, `name`, `phone`, `email`, `created_at`) VALUES (143, 'Guest 143', '010-8817-4809', 'guest143@example.com', '2023-03-27 10:18:48');
INSERT INTO `non_member` (`non_member_id`, `name`, `phone`, `email`, `created_at`) VALUES (144, 'Guest 144', '010-9908-7695', 'guest144@example.com', '2023-09-21 06:52:55');
INSERT INTO `non_member` (`non_member_id`, `name`, `phone`, `email`, `created_at`) VALUES (145, 'Guest 145', '010-1089-1116', 'guest145@example.com', '2024-08-14 19:01:30');
INSERT INTO `non_member` (`non_member_id`, `name`, `phone`, `email`, `created_at`) VALUES (146, 'Guest 146', '010-2930-9515', 'guest146@example.com', '2023-01-08 13:39:15');
INSERT INTO `non_member` (`non_member_id`, `name`, `phone`, `email`, `created_at`) VALUES (147, 'Guest 147', '010-4365-6175', 'guest147@example.com', '2024-02-23 13:11:23');
INSERT INTO `non_member` (`non_member_id`, `name`, `phone`, `email`, `created_at`) VALUES (148, 'Guest 148', '010-2746-3535', 'guest148@example.com', '2024-03-12 23:43:23');
INSERT INTO `non_member` (`non_member_id`, `name`, `phone`, `email`, `created_at`) VALUES (149, 'Guest 149', '010-5155-5281', 'guest149@example.com', '2024-07-02 15:25:17');
INSERT INTO `non_member` (`non_member_id`, `name`, `phone`, `email`, `created_at`) VALUES (150, 'Guest 150', '010-6990-5514', 'guest150@example.com', '2024-11-27 14:28:15');
-- snack_store
INSERT INTO `snack_store` (`store_id`, `theater_id`, `store_name`, `open_time`, `close_time`) VALUES (1, 13, 'Snack Store 1', '09:00:00', '23:00:00');
INSERT INTO `snack_store` (`store_id`, `theater_id`, `store_name`, `open_time`, `close_time`) VALUES (2, 4, 'Snack Store 2', '09:00:00', '23:00:00');
INSERT INTO `snack_store` (`store_id`, `theater_id`, `store_name`, `open_time`, `close_time`) VALUES (3, 7, 'Snack Store 3', '09:00:00', '23:00:00');
INSERT INTO `snack_store` (`store_id`, `theater_id`, `store_name`, `open_time`, `close_time`) VALUES (4, 9, 'Snack Store 4', '09:00:00', '23:00:00');
INSERT INTO `snack_store` (`store_id`, `theater_id`, `store_name`, `open_time`, `close_time`) VALUES (5, 13, 'Snack Store 5', '09:00:00', '23:00:00');
INSERT INTO `snack_store` (`store_id`, `theater_id`, `store_name`, `open_time`, `close_time`) VALUES (6, 9, 'Snack Store 6', '09:00:00', '23:00:00');
INSERT INTO `snack_store` (`store_id`, `theater_id`, `store_name`, `open_time`, `close_time`) VALUES (7, 8, 'Snack Store 7', '09:00:00', '23:00:00');
INSERT INTO `snack_store` (`store_id`, `theater_id`, `store_name`, `open_time`, `close_time`) VALUES (8, 3, 'Snack Store 8', '09:00:00', '23:00:00');
INSERT INTO `snack_store` (`store_id`, `theater_id`, `store_name`, `open_time`, `close_time`) VALUES (9, 6, 'Snack Store 9', '09:00:00', '23:00:00');
INSERT INTO `snack_store` (`store_id`, `theater_id`, `store_name`, `open_time`, `close_time`) VALUES (10, 9, 'Snack Store 10', '09:00:00', '23:00:00');
INSERT INTO `snack_store` (`store_id`, `theater_id`, `store_name`, `open_time`, `close_time`) VALUES (11, 9, 'Snack Store 11', '09:00:00', '23:00:00');
INSERT INTO `snack_store` (`store_id`, `theater_id`, `store_name`, `open_time`, `close_time`) VALUES (12, 8, 'Snack Store 12', '09:00:00', '23:00:00');
INSERT INTO `snack_store` (`store_id`, `theater_id`, `store_name`, `open_time`, `close_time`) VALUES (13, 5, 'Snack Store 13', '09:00:00', '23:00:00');
INSERT INTO `snack_store` (`store_id`, `theater_id`, `store_name`, `open_time`, `close_time`) VALUES (14, 5, 'Snack Store 14', '09:00:00', '23:00:00');
INSERT INTO `snack_store` (`store_id`, `theater_id`, `store_name`, `open_time`, `close_time`) VALUES (15, 10, 'Snack Store 15', '09:00:00', '23:00:00');
-- menu
INSERT INTO `menu` (`snack_id`, `snack_name`, `snack_price`, `snack_type`) VALUES (1, 'Nachos 1', 9522, 'SET');
INSERT INTO `menu` (`snack_id`, `snack_name`, `snack_price`, `snack_type`) VALUES (2, 'Cola 2', 4951, 'SET');
INSERT INTO `menu` (`snack_id`, `snack_name`, `snack_price`, `snack_type`) VALUES (3, 'Cola 3', 10317, 'SET');
INSERT INTO `menu` (`snack_id`, `snack_name`, `snack_price`, `snack_type`) VALUES (4, 'Cola 4', 4642, 'FOOD');
INSERT INTO `menu` (`snack_id`, `snack_name`, `snack_price`, `snack_type`) VALUES (5, 'Coffee 5', 9562, 'DRINK');
INSERT INTO `menu` (`snack_id`, `snack_name`, `snack_price`, `snack_type`) VALUES (6, 'Juice 6', 3852, 'FOOD');
INSERT INTO `menu` (`snack_id`, `snack_name`, `snack_price`, `snack_type`) VALUES (7, 'Hotdog 7', 3086, 'FOOD');
INSERT INTO `menu` (`snack_id`, `snack_name`, `snack_price`, `snack_type`) VALUES (8, 'Juice 8', 5381, 'DRINK');
INSERT INTO `menu` (`snack_id`, `snack_name`, `snack_price`, `snack_type`) VALUES (9, 'Coffee 9', 10133, 'FOOD');
INSERT INTO `menu` (`snack_id`, `snack_name`, `snack_price`, `snack_type`) VALUES (10, 'Popcorn 10', 7310, 'FOOD');
INSERT INTO `menu` (`snack_id`, `snack_name`, `snack_price`, `snack_type`) VALUES (11, 'Nachos 11', 4311, 'SET');
INSERT INTO `menu` (`snack_id`, `snack_name`, `snack_price`, `snack_type`) VALUES (12, 'Popcorn 12', 9296, 'DRINK');
INSERT INTO `menu` (`snack_id`, `snack_name`, `snack_price`, `snack_type`) VALUES (13, 'Coffee 13', 11536, 'DRINK');
INSERT INTO `menu` (`snack_id`, `snack_name`, `snack_price`, `snack_type`) VALUES (14, 'Water 14', 3941, 'FOOD');
INSERT INTO `menu` (`snack_id`, `snack_name`, `snack_price`, `snack_type`) VALUES (15, 'Water 15', 11099, 'DRINK');
INSERT INTO `menu` (`snack_id`, `snack_name`, `snack_price`, `snack_type`) VALUES (16, 'Popcorn 16', 6304, 'SET');
INSERT INTO `menu` (`snack_id`, `snack_name`, `snack_price`, `snack_type`) VALUES (17, 'Juice 17', 11489, 'DRINK');
INSERT INTO `menu` (`snack_id`, `snack_name`, `snack_price`, `snack_type`) VALUES (18, 'Cola 18', 3550, 'SET');
INSERT INTO `menu` (`snack_id`, `snack_name`, `snack_price`, `snack_type`) VALUES (19, 'Coffee 19', 11451, 'SET');
INSERT INTO `menu` (`snack_id`, `snack_name`, `snack_price`, `snack_type`) VALUES (20, 'Cola 20', 5776, 'SET');
INSERT INTO `menu` (`snack_id`, `snack_name`, `snack_price`, `snack_type`) VALUES (21, 'Popcorn 21', 8893, 'FOOD');
INSERT INTO `menu` (`snack_id`, `snack_name`, `snack_price`, `snack_type`) VALUES (22, 'Water 22', 3004, 'FOOD');
INSERT INTO `menu` (`snack_id`, `snack_name`, `snack_price`, `snack_type`) VALUES (23, 'Popcorn 23', 7520, 'DRINK');
INSERT INTO `menu` (`snack_id`, `snack_name`, `snack_price`, `snack_type`) VALUES (24, 'Nachos 24', 9474, 'DRINK');
INSERT INTO `menu` (`snack_id`, `snack_name`, `snack_price`, `snack_type`) VALUES (25, 'Coffee 25', 6281, 'SET');
INSERT INTO `menu` (`snack_id`, `snack_name`, `snack_price`, `snack_type`) VALUES (26, 'Popcorn 26', 4124, 'FOOD');
INSERT INTO `menu` (`snack_id`, `snack_name`, `snack_price`, `snack_type`) VALUES (27, 'Coffee 27', 7661, 'SET');
INSERT INTO `menu` (`snack_id`, `snack_name`, `snack_price`, `snack_type`) VALUES (28, 'Juice 28', 8703, 'DRINK');
INSERT INTO `menu` (`snack_id`, `snack_name`, `snack_price`, `snack_type`) VALUES (29, 'Juice 29', 7530, 'FOOD');
INSERT INTO `menu` (`snack_id`, `snack_name`, `snack_price`, `snack_type`) VALUES (30, 'Coffee 30', 6187, 'DRINK');
INSERT INTO `menu` (`snack_id`, `snack_name`, `snack_price`, `snack_type`) VALUES (31, 'Hotdog 31', 3076, 'DRINK');
INSERT INTO `menu` (`snack_id`, `snack_name`, `snack_price`, `snack_type`) VALUES (32, 'Cola 32', 9670, 'SET');
INSERT INTO `menu` (`snack_id`, `snack_name`, `snack_price`, `snack_type`) VALUES (33, 'Popcorn 33', 4185, 'SET');
INSERT INTO `menu` (`snack_id`, `snack_name`, `snack_price`, `snack_type`) VALUES (34, 'Nachos 34', 8570, 'FOOD');
INSERT INTO `menu` (`snack_id`, `snack_name`, `snack_price`, `snack_type`) VALUES (35, 'Juice 35', 11409, 'DRINK');
INSERT INTO `menu` (`snack_id`, `snack_name`, `snack_price`, `snack_type`) VALUES (36, 'Coffee 36', 7098, 'SET');
INSERT INTO `menu` (`snack_id`, `snack_name`, `snack_price`, `snack_type`) VALUES (37, 'Hotdog 37', 9178, 'SET');
INSERT INTO `menu` (`snack_id`, `snack_name`, `snack_price`, `snack_type`) VALUES (38, 'Hotdog 38', 6985, 'DRINK');
INSERT INTO `menu` (`snack_id`, `snack_name`, `snack_price`, `snack_type`) VALUES (39, 'Juice 39', 10517, 'SET');
INSERT INTO `menu` (`snack_id`, `snack_name`, `snack_price`, `snack_type`) VALUES (40, 'Hotdog 40', 3448, 'DRINK');
-- snack_order
INSERT INTO `snack_order` (`order_id`, `store_id`, `member_id`, `order_date`, `status`) VALUES (1, 2, 98, '2023-06-12 08:01:25', 'PREPARING');
INSERT INTO `snack_order` (`order_id`, `store_id`, `member_id`, `order_date`, `status`) VALUES (2, 13, 245, '2023-04-01 18:48:19', 'CANCELLED');
INSERT INTO `snack_order` (`order_id`, `store_id`, `member_id`, `order_date`, `status`) VALUES (3, 1, NULL, '2023-03-09 09:02:19', 'READY');
INSERT INTO `snack_order` (`order_id`, `store_id`, `member_id`, `order_date`, `status`) VALUES (4, 2, 192, '2023-03-29 02:46:05', 'CANCELLED');
INSERT INTO `snack_order` (`order_id`, `store_id`, `member_id`, `order_date`, `status`) VALUES (5, 15, 81, '2023-04-01 07:57:27', 'CANCELLED');
INSERT INTO `snack_order` (`order_id`, `store_id`, `member_id`, `order_date`, `status`) VALUES (6, 5, 192, '2023-06-24 06:55:25', 'COMPLETED');
INSERT INTO `snack_order` (`order_id`, `store_id`, `member_id`, `order_date`, `status`) VALUES (7, 12, 189, '2023-03-03 09:39:47', 'PREPARING');
INSERT INTO `snack_order` (`order_id`, `store_id`, `member_id`, `order_date`, `status`) VALUES (8, 4, 64, '2023-06-08 12:57:45', 'PREPARING');
INSERT INTO `snack_order` (`order_id`, `store_id`, `member_id`, `order_date`, `status`) VALUES (9, 13, 236, '2023-01-21 17:56:14', 'CANCELLED');
INSERT INTO `snack_order` (`order_id`, `store_id`, `member_id`, `order_date`, `status`) VALUES (10, 1, NULL, '2023-05-19 01:32:19', 'COMPLETED');
INSERT INTO `snack_order` (`order_id`, `store_id`, `member_id`, `order_date`, `status`) VALUES (11, 6, 127, '2023-05-28 10:00:09', 'COMPLETED');
INSERT INTO `snack_order` (`order_id`, `store_id`, `member_id`, `order_date`, `status`) VALUES (12, 3, NULL, '2023-05-11 10:12:15', 'COMPLETED');
INSERT INTO `snack_order` (`order_id`, `store_id`, `member_id`, `order_date`, `status`) VALUES (13, 4, NULL, '2023-02-02 01:58:17', 'CANCELLED');
INSERT INTO `snack_order` (`order_id`, `store_id`, `member_id`, `order_date`, `status`) VALUES (14, 13, 241, '2023-05-19 01:11:08', 'CANCELLED');
INSERT INTO `snack_order` (`order_id`, `store_id`, `member_id`, `order_date`, `status`) VALUES (15, 6, 176, '2023-07-18 06:21:51', 'COMPLETED');
INSERT INTO `snack_order` (`order_id`, `store_id`, `member_id`, `order_date`, `status`) VALUES (16, 2, 118, '2023-03-22 00:18:23', 'ORDERED');
INSERT INTO `snack_order` (`order_id`, `store_id`, `member_id`, `order_date`, `status`) VALUES (17, 11, 149, '2023-01-26 11:50:55', 'READY');
INSERT INTO `snack_order` (`order_id`, `store_id`, `member_id`, `order_date`, `status`) VALUES (18, 10, NULL, '2023-02-17 19:58:21', 'READY');
INSERT INTO `snack_order` (`order_id`, `store_id`, `member_id`, `order_date`, `status`) VALUES (19, 4, 246, '2023-06-06 12:29:30', 'READY');
INSERT INTO `snack_order` (`order_id`, `store_id`, `member_id`, `order_date`, `status`) VALUES (20, 3, 54, '2023-04-18 13:33:19', 'READY');
INSERT INTO `snack_order` (`order_id`, `store_id`, `member_id`, `order_date`, `status`) VALUES (21, 14, 116, '2023-02-16 20:48:15', 'PREPARING');
INSERT INTO `snack_order` (`order_id`, `store_id`, `member_id`, `order_date`, `status`) VALUES (22, 10, 209, '2023-01-26 09:49:42', 'PREPARING');
INSERT INTO `snack_order` (`order_id`, `store_id`, `member_id`, `order_date`, `status`) VALUES (23, 9, 98, '2023-02-20 05:18:36', 'PREPARING');
INSERT INTO `snack_order` (`order_id`, `store_id`, `member_id`, `order_date`, `status`) VALUES (24, 8, NULL, '2023-02-15 15:20:49', 'COMPLETED');
INSERT INTO `snack_order` (`order_id`, `store_id`, `member_id`, `order_date`, `status`) VALUES (25, 3, NULL, '2023-06-11 18:49:25', 'CANCELLED');
INSERT INTO `snack_order` (`order_id`, `store_id`, `member_id`, `order_date`, `status`) VALUES (26, 12, 125, '2023-03-18 09:08:15', 'CANCELLED');
INSERT INTO `snack_order` (`order_id`, `store_id`, `member_id`, `order_date`, `status`) VALUES (27, 14, 102, '2023-01-26 05:56:49', 'ORDERED');
INSERT INTO `snack_order` (`order_id`, `store_id`, `member_id`, `order_date`, `status`) VALUES (28, 4, NULL, '2023-05-02 22:55:57', 'ORDERED');
INSERT INTO `snack_order` (`order_id`, `store_id`, `member_id`, `order_date`, `status`) VALUES (29, 8, NULL, '2023-03-08 13:08:32', 'READY');
INSERT INTO `snack_order` (`order_id`, `store_id`, `member_id`, `order_date`, `status`) VALUES (30, 9, 208, '2023-03-07 12:31:47', 'ORDERED');
INSERT INTO `snack_order` (`order_id`, `store_id`, `member_id`, `order_date`, `status`) VALUES (31, 7, 223, '2023-06-23 22:02:54', 'PREPARING');
INSERT INTO `snack_order` (`order_id`, `store_id`, `member_id`, `order_date`, `status`) VALUES (32, 10, 167, '2023-05-18 06:21:17', 'READY');
INSERT INTO `snack_order` (`order_id`, `store_id`, `member_id`, `order_date`, `status`) VALUES (33, 6, 131, '2023-05-05 16:16:20', 'ORDERED');
INSERT INTO `snack_order` (`order_id`, `store_id`, `member_id`, `order_date`, `status`) VALUES (34, 7, 119, '2023-06-11 05:16:25', 'PREPARING');
INSERT INTO `snack_order` (`order_id`, `store_id`, `member_id`, `order_date`, `status`) VALUES (35, 11, NULL, '2023-03-28 15:21:28', 'CANCELLED');
INSERT INTO `snack_order` (`order_id`, `store_id`, `member_id`, `order_date`, `status`) VALUES (36, 10, 233, '2023-01-19 02:52:49', 'PREPARING');
INSERT INTO `snack_order` (`order_id`, `store_id`, `member_id`, `order_date`, `status`) VALUES (37, 6, 82, '2023-06-17 10:36:28', 'READY');
INSERT INTO `snack_order` (`order_id`, `store_id`, `member_id`, `order_date`, `status`) VALUES (38, 10, 70, '2023-04-24 13:13:20', 'CANCELLED');
INSERT INTO `snack_order` (`order_id`, `store_id`, `member_id`, `order_date`, `status`) VALUES (39, 9, NULL, '2023-04-16 06:05:30', 'PREPARING');
INSERT INTO `snack_order` (`order_id`, `store_id`, `member_id`, `order_date`, `status`) VALUES (40, 14, 187, '2023-03-02 09:09:43', 'ORDERED');
INSERT INTO `snack_order` (`order_id`, `store_id`, `member_id`, `order_date`, `status`) VALUES (41, 4, 27, '2023-01-25 02:19:21', 'COMPLETED');
INSERT INTO `snack_order` (`order_id`, `store_id`, `member_id`, `order_date`, `status`) VALUES (42, 9, 198, '2023-04-12 19:04:39', 'ORDERED');
INSERT INTO `snack_order` (`order_id`, `store_id`, `member_id`, `order_date`, `status`) VALUES (43, 2, 40, '2023-01-22 23:50:30', 'COMPLETED');
INSERT INTO `snack_order` (`order_id`, `store_id`, `member_id`, `order_date`, `status`) VALUES (44, 5, 189, '2023-03-14 16:08:05', 'PREPARING');
INSERT INTO `snack_order` (`order_id`, `store_id`, `member_id`, `order_date`, `status`) VALUES (45, 3, 44, '2023-01-08 01:16:47', 'READY');
INSERT INTO `snack_order` (`order_id`, `store_id`, `member_id`, `order_date`, `status`) VALUES (46, 14, NULL, '2023-05-02 17:00:35', 'CANCELLED');
INSERT INTO `snack_order` (`order_id`, `store_id`, `member_id`, `order_date`, `status`) VALUES (47, 15, 114, '2023-02-04 19:38:05', 'PREPARING');
INSERT INTO `snack_order` (`order_id`, `store_id`, `member_id`, `order_date`, `status`) VALUES (48, 10, 162, '2023-07-11 23:09:02', 'CANCELLED');
INSERT INTO `snack_order` (`order_id`, `store_id`, `member_id`, `order_date`, `status`) VALUES (49, 7, 164, '2023-05-17 11:16:27', 'READY');
INSERT INTO `snack_order` (`order_id`, `store_id`, `member_id`, `order_date`, `status`) VALUES (50, 8, 207, '2023-01-23 16:05:15', 'READY');
INSERT INTO `snack_order` (`order_id`, `store_id`, `member_id`, `order_date`, `status`) VALUES (51, 6, 40, '2023-03-19 00:23:03', 'ORDERED');
INSERT INTO `snack_order` (`order_id`, `store_id`, `member_id`, `order_date`, `status`) VALUES (52, 9, NULL, '2023-02-04 12:31:13', 'READY');
INSERT INTO `snack_order` (`order_id`, `store_id`, `member_id`, `order_date`, `status`) VALUES (53, 8, 177, '2023-05-06 17:22:10', 'READY');
INSERT INTO `snack_order` (`order_id`, `store_id`, `member_id`, `order_date`, `status`) VALUES (54, 1, NULL, '2023-03-16 21:44:10', 'PREPARING');
INSERT INTO `snack_order` (`order_id`, `store_id`, `member_id`, `order_date`, `status`) VALUES (55, 13, 96, '2023-02-18 14:59:27', 'CANCELLED');
INSERT INTO `snack_order` (`order_id`, `store_id`, `member_id`, `order_date`, `status`) VALUES (56, 7, 42, '2023-07-03 23:31:11', 'COMPLETED');
INSERT INTO `snack_order` (`order_id`, `store_id`, `member_id`, `order_date`, `status`) VALUES (57, 14, 68, '2023-01-21 15:22:23', 'PREPARING');
INSERT INTO `snack_order` (`order_id`, `store_id`, `member_id`, `order_date`, `status`) VALUES (58, 9, NULL, '2023-06-06 09:53:53', 'READY');
INSERT INTO `snack_order` (`order_id`, `store_id`, `member_id`, `order_date`, `status`) VALUES (59, 11, NULL, '2023-03-10 15:02:00', 'PREPARING');
INSERT INTO `snack_order` (`order_id`, `store_id`, `member_id`, `order_date`, `status`) VALUES (60, 14, 35, '2023-03-16 04:01:04', 'COMPLETED');
INSERT INTO `snack_order` (`order_id`, `store_id`, `member_id`, `order_date`, `status`) VALUES (61, 10, 180, '2023-06-09 17:54:46', 'PREPARING');
INSERT INTO `snack_order` (`order_id`, `store_id`, `member_id`, `order_date`, `status`) VALUES (62, 6, 13, '2023-05-17 00:48:20', 'PREPARING');
INSERT INTO `snack_order` (`order_id`, `store_id`, `member_id`, `order_date`, `status`) VALUES (63, 2, 33, '2023-07-03 15:57:44', 'ORDERED');
INSERT INTO `snack_order` (`order_id`, `store_id`, `member_id`, `order_date`, `status`) VALUES (64, 4, 4, '2023-05-07 07:54:27', 'READY');
INSERT INTO `snack_order` (`order_id`, `store_id`, `member_id`, `order_date`, `status`) VALUES (65, 7, 205, '2023-05-08 13:31:19', 'COMPLETED');
INSERT INTO `snack_order` (`order_id`, `store_id`, `member_id`, `order_date`, `status`) VALUES (66, 12, NULL, '2023-03-26 02:55:15', 'PREPARING');
INSERT INTO `snack_order` (`order_id`, `store_id`, `member_id`, `order_date`, `status`) VALUES (67, 1, 101, '2023-01-19 19:46:37', 'COMPLETED');
INSERT INTO `snack_order` (`order_id`, `store_id`, `member_id`, `order_date`, `status`) VALUES (68, 3, 216, '2023-03-06 13:53:34', 'ORDERED');
INSERT INTO `snack_order` (`order_id`, `store_id`, `member_id`, `order_date`, `status`) VALUES (69, 2, NULL, '2023-07-02 09:03:51', 'COMPLETED');
INSERT INTO `snack_order` (`order_id`, `store_id`, `member_id`, `order_date`, `status`) VALUES (70, 13, NULL, '2023-03-05 01:13:12', 'PREPARING');
INSERT INTO `snack_order` (`order_id`, `store_id`, `member_id`, `order_date`, `status`) VALUES (71, 8, NULL, '2023-01-25 18:58:26', 'PREPARING');
INSERT INTO `snack_order` (`order_id`, `store_id`, `member_id`, `order_date`, `status`) VALUES (72, 8, 247, '2023-03-21 11:45:44', 'PREPARING');
INSERT INTO `snack_order` (`order_id`, `store_id`, `member_id`, `order_date`, `status`) VALUES (73, 11, NULL, '2023-07-10 20:00:34', 'CANCELLED');
INSERT INTO `snack_order` (`order_id`, `store_id`, `member_id`, `order_date`, `status`) VALUES (74, 2, 164, '2023-03-18 07:14:07', 'READY');
INSERT INTO `snack_order` (`order_id`, `store_id`, `member_id`, `order_date`, `status`) VALUES (75, 15, 171, '2023-02-25 04:06:41', 'PREPARING');
INSERT INTO `snack_order` (`order_id`, `store_id`, `member_id`, `order_date`, `status`) VALUES (76, 11, 4, '2023-02-12 10:03:08', 'CANCELLED');
INSERT INTO `snack_order` (`order_id`, `store_id`, `member_id`, `order_date`, `status`) VALUES (77, 2, 63, '2023-01-03 01:31:44', 'CANCELLED');
INSERT INTO `snack_order` (`order_id`, `store_id`, `member_id`, `order_date`, `status`) VALUES (78, 13, 177, '2023-06-02 05:38:35', 'READY');
INSERT INTO `snack_order` (`order_id`, `store_id`, `member_id`, `order_date`, `status`) VALUES (79, 13, 41, '2023-05-08 03:19:40', 'CANCELLED');
INSERT INTO `snack_order` (`order_id`, `store_id`, `member_id`, `order_date`, `status`) VALUES (80, 6, NULL, '2023-07-14 22:45:37', 'ORDERED');
INSERT INTO `snack_order` (`order_id`, `store_id`, `member_id`, `order_date`, `status`) VALUES (81, 1, 40, '2023-06-29 19:31:40', 'ORDERED');
INSERT INTO `snack_order` (`order_id`, `store_id`, `member_id`, `order_date`, `status`) VALUES (82, 3, 82, '2023-05-23 23:28:15', 'READY');
INSERT INTO `snack_order` (`order_id`, `store_id`, `member_id`, `order_date`, `status`) VALUES (83, 13, NULL, '2023-07-07 07:01:32', 'ORDERED');
INSERT INTO `snack_order` (`order_id`, `store_id`, `member_id`, `order_date`, `status`) VALUES (84, 12, 186, '2023-02-04 09:07:39', 'ORDERED');
INSERT INTO `snack_order` (`order_id`, `store_id`, `member_id`, `order_date`, `status`) VALUES (85, 8, NULL, '2023-05-24 10:43:48', 'CANCELLED');
INSERT INTO `snack_order` (`order_id`, `store_id`, `member_id`, `order_date`, `status`) VALUES (86, 12, 146, '2023-02-17 19:47:33', 'READY');
INSERT INTO `snack_order` (`order_id`, `store_id`, `member_id`, `order_date`, `status`) VALUES (87, 6, NULL, '2023-03-12 21:47:50', 'CANCELLED');
INSERT INTO `snack_order` (`order_id`, `store_id`, `member_id`, `order_date`, `status`) VALUES (88, 3, 40, '2023-04-26 10:45:54', 'READY');
INSERT INTO `snack_order` (`order_id`, `store_id`, `member_id`, `order_date`, `status`) VALUES (89, 9, 1, '2023-07-18 23:13:47', 'CANCELLED');
INSERT INTO `snack_order` (`order_id`, `store_id`, `member_id`, `order_date`, `status`) VALUES (90, 7, NULL, '2023-01-05 22:33:49', 'READY');
INSERT INTO `snack_order` (`order_id`, `store_id`, `member_id`, `order_date`, `status`) VALUES (91, 13, 83, '2023-07-04 02:18:22', 'CANCELLED');
INSERT INTO `snack_order` (`order_id`, `store_id`, `member_id`, `order_date`, `status`) VALUES (92, 14, 135, '2023-06-24 18:06:54', 'CANCELLED');
INSERT INTO `snack_order` (`order_id`, `store_id`, `member_id`, `order_date`, `status`) VALUES (93, 3, 83, '2023-04-15 23:20:04', 'READY');
INSERT INTO `snack_order` (`order_id`, `store_id`, `member_id`, `order_date`, `status`) VALUES (94, 2, 169, '2023-01-18 01:35:37', 'PREPARING');
INSERT INTO `snack_order` (`order_id`, `store_id`, `member_id`, `order_date`, `status`) VALUES (95, 3, NULL, '2023-02-21 03:53:51', 'COMPLETED');
INSERT INTO `snack_order` (`order_id`, `store_id`, `member_id`, `order_date`, `status`) VALUES (96, 4, 147, '2023-06-14 14:08:54', 'COMPLETED');
INSERT INTO `snack_order` (`order_id`, `store_id`, `member_id`, `order_date`, `status`) VALUES (97, 9, 152, '2023-03-07 01:47:13', 'READY');
INSERT INTO `snack_order` (`order_id`, `store_id`, `member_id`, `order_date`, `status`) VALUES (98, 4, 19, '2023-01-04 07:35:59', 'COMPLETED');
INSERT INTO `snack_order` (`order_id`, `store_id`, `member_id`, `order_date`, `status`) VALUES (99, 15, NULL, '2023-01-21 17:02:29', 'ORDERED');
INSERT INTO `snack_order` (`order_id`, `store_id`, `member_id`, `order_date`, `status`) VALUES (100, 6, 241, '2023-04-17 13:26:14', 'ORDERED');
INSERT INTO `snack_order` (`order_id`, `store_id`, `member_id`, `order_date`, `status`) VALUES (101, 14, 136, '2023-01-11 02:33:45', 'READY');
INSERT INTO `snack_order` (`order_id`, `store_id`, `member_id`, `order_date`, `status`) VALUES (102, 2, NULL, '2023-05-13 03:32:09', 'ORDERED');
INSERT INTO `snack_order` (`order_id`, `store_id`, `member_id`, `order_date`, `status`) VALUES (103, 12, 99, '2023-02-18 07:01:52', 'CANCELLED');
INSERT INTO `snack_order` (`order_id`, `store_id`, `member_id`, `order_date`, `status`) VALUES (104, 11, 161, '2023-02-15 20:19:53', 'CANCELLED');
INSERT INTO `snack_order` (`order_id`, `store_id`, `member_id`, `order_date`, `status`) VALUES (105, 7, NULL, '2023-07-16 23:15:05', 'CANCELLED');
INSERT INTO `snack_order` (`order_id`, `store_id`, `member_id`, `order_date`, `status`) VALUES (106, 6, 180, '2023-06-20 15:32:57', 'ORDERED');
INSERT INTO `snack_order` (`order_id`, `store_id`, `member_id`, `order_date`, `status`) VALUES (107, 3, NULL, '2023-05-21 14:37:12', 'CANCELLED');
INSERT INTO `snack_order` (`order_id`, `store_id`, `member_id`, `order_date`, `status`) VALUES (108, 6, 137, '2023-06-03 16:07:46', 'READY');
INSERT INTO `snack_order` (`order_id`, `store_id`, `member_id`, `order_date`, `status`) VALUES (109, 15, 84, '2023-04-06 15:00:46', 'COMPLETED');
INSERT INTO `snack_order` (`order_id`, `store_id`, `member_id`, `order_date`, `status`) VALUES (110, 14, NULL, '2023-06-05 08:45:51', 'CANCELLED');
INSERT INTO `snack_order` (`order_id`, `store_id`, `member_id`, `order_date`, `status`) VALUES (111, 9, 197, '2023-05-21 09:15:03', 'READY');
INSERT INTO `snack_order` (`order_id`, `store_id`, `member_id`, `order_date`, `status`) VALUES (112, 8, 102, '2023-01-01 01:15:43', 'READY');
INSERT INTO `snack_order` (`order_id`, `store_id`, `member_id`, `order_date`, `status`) VALUES (113, 10, 35, '2023-03-19 00:14:20', 'READY');
INSERT INTO `snack_order` (`order_id`, `store_id`, `member_id`, `order_date`, `status`) VALUES (114, 4, 81, '2023-01-06 10:02:50', 'CANCELLED');
INSERT INTO `snack_order` (`order_id`, `store_id`, `member_id`, `order_date`, `status`) VALUES (115, 9, 238, '2023-05-27 05:37:58', 'ORDERED');
INSERT INTO `snack_order` (`order_id`, `store_id`, `member_id`, `order_date`, `status`) VALUES (116, 1, 40, '2023-02-05 09:38:52', 'READY');
INSERT INTO `snack_order` (`order_id`, `store_id`, `member_id`, `order_date`, `status`) VALUES (117, 15, 60, '2023-03-07 10:56:01', 'ORDERED');
INSERT INTO `snack_order` (`order_id`, `store_id`, `member_id`, `order_date`, `status`) VALUES (118, 10, 235, '2023-02-25 02:48:38', 'READY');
INSERT INTO `snack_order` (`order_id`, `store_id`, `member_id`, `order_date`, `status`) VALUES (119, 13, 125, '2023-06-26 20:58:47', 'ORDERED');
INSERT INTO `snack_order` (`order_id`, `store_id`, `member_id`, `order_date`, `status`) VALUES (120, 10, 10, '2023-07-07 20:58:54', 'COMPLETED');
INSERT INTO `snack_order` (`order_id`, `store_id`, `member_id`, `order_date`, `status`) VALUES (121, 2, NULL, '2023-07-17 12:10:29', 'READY');
INSERT INTO `snack_order` (`order_id`, `store_id`, `member_id`, `order_date`, `status`) VALUES (122, 15, NULL, '2023-04-17 04:23:19', 'PREPARING');
INSERT INTO `snack_order` (`order_id`, `store_id`, `member_id`, `order_date`, `status`) VALUES (123, 12, 155, '2023-01-03 23:04:44', 'COMPLETED');
INSERT INTO `snack_order` (`order_id`, `store_id`, `member_id`, `order_date`, `status`) VALUES (124, 1, 11, '2023-03-23 19:39:29', 'CANCELLED');
INSERT INTO `snack_order` (`order_id`, `store_id`, `member_id`, `order_date`, `status`) VALUES (125, 3, 179, '2023-02-26 05:34:39', 'ORDERED');
INSERT INTO `snack_order` (`order_id`, `store_id`, `member_id`, `order_date`, `status`) VALUES (126, 11, NULL, '2023-04-11 16:13:27', 'CANCELLED');
INSERT INTO `snack_order` (`order_id`, `store_id`, `member_id`, `order_date`, `status`) VALUES (127, 10, 57, '2023-04-21 10:33:02', 'COMPLETED');
INSERT INTO `snack_order` (`order_id`, `store_id`, `member_id`, `order_date`, `status`) VALUES (128, 3, 22, '2023-05-02 20:48:19', 'ORDERED');
INSERT INTO `snack_order` (`order_id`, `store_id`, `member_id`, `order_date`, `status`) VALUES (129, 9, 22, '2023-04-13 18:16:14', 'COMPLETED');
INSERT INTO `snack_order` (`order_id`, `store_id`, `member_id`, `order_date`, `status`) VALUES (130, 13, 196, '2023-02-04 17:30:35', 'CANCELLED');
INSERT INTO `snack_order` (`order_id`, `store_id`, `member_id`, `order_date`, `status`) VALUES (131, 4, 167, '2023-05-27 07:08:23', 'CANCELLED');
INSERT INTO `snack_order` (`order_id`, `store_id`, `member_id`, `order_date`, `status`) VALUES (132, 10, NULL, '2023-05-15 08:57:55', 'PREPARING');
INSERT INTO `snack_order` (`order_id`, `store_id`, `member_id`, `order_date`, `status`) VALUES (133, 2, 111, '2023-03-24 20:58:19', 'ORDERED');
INSERT INTO `snack_order` (`order_id`, `store_id`, `member_id`, `order_date`, `status`) VALUES (134, 2, 109, '2023-04-04 12:40:53', 'PREPARING');
INSERT INTO `snack_order` (`order_id`, `store_id`, `member_id`, `order_date`, `status`) VALUES (135, 6, 168, '2023-01-07 11:05:53', 'PREPARING');
INSERT INTO `snack_order` (`order_id`, `store_id`, `member_id`, `order_date`, `status`) VALUES (136, 6, 206, '2023-04-24 22:41:21', 'PREPARING');
INSERT INTO `snack_order` (`order_id`, `store_id`, `member_id`, `order_date`, `status`) VALUES (137, 8, 210, '2023-03-01 07:16:13', 'READY');
INSERT INTO `snack_order` (`order_id`, `store_id`, `member_id`, `order_date`, `status`) VALUES (138, 3, NULL, '2023-01-22 04:05:28', 'ORDERED');
INSERT INTO `snack_order` (`order_id`, `store_id`, `member_id`, `order_date`, `status`) VALUES (139, 4, NULL, '2023-02-07 10:28:27', 'ORDERED');
INSERT INTO `snack_order` (`order_id`, `store_id`, `member_id`, `order_date`, `status`) VALUES (140, 6, 29, '2023-03-20 16:23:10', 'COMPLETED');
INSERT INTO `snack_order` (`order_id`, `store_id`, `member_id`, `order_date`, `status`) VALUES (141, 1, 190, '2023-05-18 07:42:50', 'PREPARING');
INSERT INTO `snack_order` (`order_id`, `store_id`, `member_id`, `order_date`, `status`) VALUES (142, 9, 67, '2023-05-21 17:35:11', 'CANCELLED');
INSERT INTO `snack_order` (`order_id`, `store_id`, `member_id`, `order_date`, `status`) VALUES (143, 12, NULL, '2023-06-27 00:40:10', 'COMPLETED');
INSERT INTO `snack_order` (`order_id`, `store_id`, `member_id`, `order_date`, `status`) VALUES (144, 10, NULL, '2023-05-15 01:34:59', 'READY');
INSERT INTO `snack_order` (`order_id`, `store_id`, `member_id`, `order_date`, `status`) VALUES (145, 3, 52, '2023-06-28 22:29:57', 'READY');
INSERT INTO `snack_order` (`order_id`, `store_id`, `member_id`, `order_date`, `status`) VALUES (146, 1, 242, '2023-01-03 02:25:29', 'COMPLETED');
INSERT INTO `snack_order` (`order_id`, `store_id`, `member_id`, `order_date`, `status`) VALUES (147, 11, 219, '2023-06-18 13:06:54', 'ORDERED');
INSERT INTO `snack_order` (`order_id`, `store_id`, `member_id`, `order_date`, `status`) VALUES (148, 1, 227, '2023-06-16 14:04:22', 'PREPARING');
INSERT INTO `snack_order` (`order_id`, `store_id`, `member_id`, `order_date`, `status`) VALUES (149, 7, 182, '2023-01-26 11:29:07', 'COMPLETED');
INSERT INTO `snack_order` (`order_id`, `store_id`, `member_id`, `order_date`, `status`) VALUES (150, 14, 23, '2023-02-17 07:14:26', 'CANCELLED');
-- snack_order_item
INSERT INTO `snack_order_item` (`order_id`, `snack_id`, `quantity`, `unit_price`, `total_price`) VALUES (118, 36, 3, 3352, 10056);
INSERT INTO `snack_order_item` (`order_id`, `snack_id`, `quantity`, `unit_price`, `total_price`) VALUES (11, 16, 3, 7995, 23985);
INSERT INTO `snack_order_item` (`order_id`, `snack_id`, `quantity`, `unit_price`, `total_price`) VALUES (86, 32, 2, 5572, 11144);
INSERT INTO `snack_order_item` (`order_id`, `snack_id`, `quantity`, `unit_price`, `total_price`) VALUES (5, 23, 3, 8765, 26295);
INSERT INTO `snack_order_item` (`order_id`, `snack_id`, `quantity`, `unit_price`, `total_price`) VALUES (91, 20, 1, 11212, 11212);
INSERT INTO `snack_order_item` (`order_id`, `snack_id`, `quantity`, `unit_price`, `total_price`) VALUES (71, 4, 3, 7221, 21663);
INSERT INTO `snack_order_item` (`order_id`, `snack_id`, `quantity`, `unit_price`, `total_price`) VALUES (100, 2, 3, 7590, 22770);
INSERT INTO `snack_order_item` (`order_id`, `snack_id`, `quantity`, `unit_price`, `total_price`) VALUES (58, 10, 2, 9436, 18872);
INSERT INTO `snack_order_item` (`order_id`, `snack_id`, `quantity`, `unit_price`, `total_price`) VALUES (36, 6, 3, 9262, 27786);
INSERT INTO `snack_order_item` (`order_id`, `snack_id`, `quantity`, `unit_price`, `total_price`) VALUES (134, 40, 3, 6726, 20178);
INSERT INTO `snack_order_item` (`order_id`, `snack_id`, `quantity`, `unit_price`, `total_price`) VALUES (107, 16, 3, 5502, 16506);
INSERT INTO `snack_order_item` (`order_id`, `snack_id`, `quantity`, `unit_price`, `total_price`) VALUES (110, 20, 3, 8395, 25185);
INSERT INTO `snack_order_item` (`order_id`, `snack_id`, `quantity`, `unit_price`, `total_price`) VALUES (115, 35, 1, 6387, 6387);
INSERT INTO `snack_order_item` (`order_id`, `snack_id`, `quantity`, `unit_price`, `total_price`) VALUES (36, 38, 3, 6314, 18942);
INSERT INTO `snack_order_item` (`order_id`, `snack_id`, `quantity`, `unit_price`, `total_price`) VALUES (36, 20, 3, 11582, 34746);
INSERT INTO `snack_order_item` (`order_id`, `snack_id`, `quantity`, `unit_price`, `total_price`) VALUES (35, 28, 1, 5589, 5589);
INSERT INTO `snack_order_item` (`order_id`, `snack_id`, `quantity`, `unit_price`, `total_price`) VALUES (82, 5, 3, 11732, 35196);
INSERT INTO `snack_order_item` (`order_id`, `snack_id`, `quantity`, `unit_price`, `total_price`) VALUES (31, 12, 2, 5384, 10768);
INSERT INTO `snack_order_item` (`order_id`, `snack_id`, `quantity`, `unit_price`, `total_price`) VALUES (8, 21, 2, 9737, 19474);
INSERT INTO `snack_order_item` (`order_id`, `snack_id`, `quantity`, `unit_price`, `total_price`) VALUES (78, 29, 3, 7485, 22455);
INSERT INTO `snack_order_item` (`order_id`, `snack_id`, `quantity`, `unit_price`, `total_price`) VALUES (39, 13, 1, 5155, 5155);
INSERT INTO `snack_order_item` (`order_id`, `snack_id`, `quantity`, `unit_price`, `total_price`) VALUES (48, 2, 3, 7372, 22116);
INSERT INTO `snack_order_item` (`order_id`, `snack_id`, `quantity`, `unit_price`, `total_price`) VALUES (146, 40, 1, 6804, 6804);
INSERT INTO `snack_order_item` (`order_id`, `snack_id`, `quantity`, `unit_price`, `total_price`) VALUES (60, 2, 2, 4302, 8604);
INSERT INTO `snack_order_item` (`order_id`, `snack_id`, `quantity`, `unit_price`, `total_price`) VALUES (123, 9, 3, 10680, 32040);
INSERT INTO `snack_order_item` (`order_id`, `snack_id`, `quantity`, `unit_price`, `total_price`) VALUES (96, 12, 2, 11051, 22102);
INSERT INTO `snack_order_item` (`order_id`, `snack_id`, `quantity`, `unit_price`, `total_price`) VALUES (122, 9, 1, 6166, 6166);
INSERT INTO `snack_order_item` (`order_id`, `snack_id`, `quantity`, `unit_price`, `total_price`) VALUES (58, 3, 2, 3245, 6490);
INSERT INTO `snack_order_item` (`order_id`, `snack_id`, `quantity`, `unit_price`, `total_price`) VALUES (70, 27, 1, 6323, 6323);
INSERT INTO `snack_order_item` (`order_id`, `snack_id`, `quantity`, `unit_price`, `total_price`) VALUES (53, 5, 1, 10197, 10197);
INSERT INTO `snack_order_item` (`order_id`, `snack_id`, `quantity`, `unit_price`, `total_price`) VALUES (126, 21, 2, 7043, 14086);
INSERT INTO `snack_order_item` (`order_id`, `snack_id`, `quantity`, `unit_price`, `total_price`) VALUES (110, 26, 1, 9232, 9232);
INSERT INTO `snack_order_item` (`order_id`, `snack_id`, `quantity`, `unit_price`, `total_price`) VALUES (81, 26, 3, 11784, 35352);
INSERT INTO `snack_order_item` (`order_id`, `snack_id`, `quantity`, `unit_price`, `total_price`) VALUES (135, 3, 3, 4791, 14373);
INSERT INTO `snack_order_item` (`order_id`, `snack_id`, `quantity`, `unit_price`, `total_price`) VALUES (116, 30, 1, 7025, 7025);
INSERT INTO `snack_order_item` (`order_id`, `snack_id`, `quantity`, `unit_price`, `total_price`) VALUES (133, 35, 2, 3643, 7286);
INSERT INTO `snack_order_item` (`order_id`, `snack_id`, `quantity`, `unit_price`, `total_price`) VALUES (143, 25, 3, 3807, 11421);
INSERT INTO `snack_order_item` (`order_id`, `snack_id`, `quantity`, `unit_price`, `total_price`) VALUES (49, 19, 2, 9521, 19042);
INSERT INTO `snack_order_item` (`order_id`, `snack_id`, `quantity`, `unit_price`, `total_price`) VALUES (78, 19, 2, 5727, 11454);
INSERT INTO `snack_order_item` (`order_id`, `snack_id`, `quantity`, `unit_price`, `total_price`) VALUES (109, 19, 3, 3893, 11679);
INSERT INTO `snack_order_item` (`order_id`, `snack_id`, `quantity`, `unit_price`, `total_price`) VALUES (133, 10, 2, 10400, 20800);
INSERT INTO `snack_order_item` (`order_id`, `snack_id`, `quantity`, `unit_price`, `total_price`) VALUES (24, 33, 1, 5945, 5945);
INSERT INTO `snack_order_item` (`order_id`, `snack_id`, `quantity`, `unit_price`, `total_price`) VALUES (150, 35, 1, 9440, 9440);
INSERT INTO `snack_order_item` (`order_id`, `snack_id`, `quantity`, `unit_price`, `total_price`) VALUES (106, 21, 2, 3408, 6816);
INSERT INTO `snack_order_item` (`order_id`, `snack_id`, `quantity`, `unit_price`, `total_price`) VALUES (46, 30, 3, 6308, 18924);
INSERT INTO `snack_order_item` (`order_id`, `snack_id`, `quantity`, `unit_price`, `total_price`) VALUES (117, 6, 2, 8309, 16618);
INSERT INTO `snack_order_item` (`order_id`, `snack_id`, `quantity`, `unit_price`, `total_price`) VALUES (42, 8, 1, 4870, 4870);
INSERT INTO `snack_order_item` (`order_id`, `snack_id`, `quantity`, `unit_price`, `total_price`) VALUES (116, 24, 1, 11582, 11582);
INSERT INTO `snack_order_item` (`order_id`, `snack_id`, `quantity`, `unit_price`, `total_price`) VALUES (99, 33, 3, 5619, 16857);
INSERT INTO `snack_order_item` (`order_id`, `snack_id`, `quantity`, `unit_price`, `total_price`) VALUES (97, 36, 2, 3719, 7438);
INSERT INTO `snack_order_item` (`order_id`, `snack_id`, `quantity`, `unit_price`, `total_price`) VALUES (44, 22, 3, 5459, 16377);
INSERT INTO `snack_order_item` (`order_id`, `snack_id`, `quantity`, `unit_price`, `total_price`) VALUES (42, 10, 1, 3840, 3840);
INSERT INTO `snack_order_item` (`order_id`, `snack_id`, `quantity`, `unit_price`, `total_price`) VALUES (108, 20, 2, 10311, 20622);
INSERT INTO `snack_order_item` (`order_id`, `snack_id`, `quantity`, `unit_price`, `total_price`) VALUES (74, 12, 1, 5155, 5155);
INSERT INTO `snack_order_item` (`order_id`, `snack_id`, `quantity`, `unit_price`, `total_price`) VALUES (52, 1, 3, 7146, 21438);
INSERT INTO `snack_order_item` (`order_id`, `snack_id`, `quantity`, `unit_price`, `total_price`) VALUES (4, 30, 2, 11169, 22338);
INSERT INTO `snack_order_item` (`order_id`, `snack_id`, `quantity`, `unit_price`, `total_price`) VALUES (140, 1, 3, 11084, 33252);
INSERT INTO `snack_order_item` (`order_id`, `snack_id`, `quantity`, `unit_price`, `total_price`) VALUES (61, 14, 3, 10794, 32382);
INSERT INTO `snack_order_item` (`order_id`, `snack_id`, `quantity`, `unit_price`, `total_price`) VALUES (117, 27, 2, 4300, 8600);
INSERT INTO `snack_order_item` (`order_id`, `snack_id`, `quantity`, `unit_price`, `total_price`) VALUES (2, 16, 3, 7556, 22668);
INSERT INTO `snack_order_item` (`order_id`, `snack_id`, `quantity`, `unit_price`, `total_price`) VALUES (143, 14, 1, 6028, 6028);
INSERT INTO `snack_order_item` (`order_id`, `snack_id`, `quantity`, `unit_price`, `total_price`) VALUES (38, 4, 3, 8718, 26154);
INSERT INTO `snack_order_item` (`order_id`, `snack_id`, `quantity`, `unit_price`, `total_price`) VALUES (10, 10, 1, 7889, 7889);
INSERT INTO `snack_order_item` (`order_id`, `snack_id`, `quantity`, `unit_price`, `total_price`) VALUES (85, 6, 1, 4784, 4784);
INSERT INTO `snack_order_item` (`order_id`, `snack_id`, `quantity`, `unit_price`, `total_price`) VALUES (107, 12, 1, 7659, 7659);
INSERT INTO `snack_order_item` (`order_id`, `snack_id`, `quantity`, `unit_price`, `total_price`) VALUES (147, 36, 1, 10460, 10460);
INSERT INTO `snack_order_item` (`order_id`, `snack_id`, `quantity`, `unit_price`, `total_price`) VALUES (149, 24, 1, 4525, 4525);
INSERT INTO `snack_order_item` (`order_id`, `snack_id`, `quantity`, `unit_price`, `total_price`) VALUES (77, 21, 2, 9208, 18416);
INSERT INTO `snack_order_item` (`order_id`, `snack_id`, `quantity`, `unit_price`, `total_price`) VALUES (18, 28, 3, 4063, 12189);
INSERT INTO `snack_order_item` (`order_id`, `snack_id`, `quantity`, `unit_price`, `total_price`) VALUES (75, 31, 1, 4999, 4999);
INSERT INTO `snack_order_item` (`order_id`, `snack_id`, `quantity`, `unit_price`, `total_price`) VALUES (71, 22, 3, 9779, 29337);
INSERT INTO `snack_order_item` (`order_id`, `snack_id`, `quantity`, `unit_price`, `total_price`) VALUES (135, 14, 3, 6425, 19275);
INSERT INTO `snack_order_item` (`order_id`, `snack_id`, `quantity`, `unit_price`, `total_price`) VALUES (15, 7, 3, 11666, 34998);
INSERT INTO `snack_order_item` (`order_id`, `snack_id`, `quantity`, `unit_price`, `total_price`) VALUES (23, 31, 3, 7705, 23115);
INSERT INTO `snack_order_item` (`order_id`, `snack_id`, `quantity`, `unit_price`, `total_price`) VALUES (110, 39, 2, 7254, 14508);
INSERT INTO `snack_order_item` (`order_id`, `snack_id`, `quantity`, `unit_price`, `total_price`) VALUES (135, 37, 3, 8797, 26391);
INSERT INTO `snack_order_item` (`order_id`, `snack_id`, `quantity`, `unit_price`, `total_price`) VALUES (34, 40, 3, 11132, 33396);
INSERT INTO `snack_order_item` (`order_id`, `snack_id`, `quantity`, `unit_price`, `total_price`) VALUES (134, 32, 2, 5947, 11894);
INSERT INTO `snack_order_item` (`order_id`, `snack_id`, `quantity`, `unit_price`, `total_price`) VALUES (60, 19, 1, 3025, 3025);
INSERT INTO `snack_order_item` (`order_id`, `snack_id`, `quantity`, `unit_price`, `total_price`) VALUES (31, 2, 2, 4932, 9864);
INSERT INTO `snack_order_item` (`order_id`, `snack_id`, `quantity`, `unit_price`, `total_price`) VALUES (54, 40, 2, 9783, 19566);
INSERT INTO `snack_order_item` (`order_id`, `snack_id`, `quantity`, `unit_price`, `total_price`) VALUES (12, 22, 2, 6478, 12956);
INSERT INTO `snack_order_item` (`order_id`, `snack_id`, `quantity`, `unit_price`, `total_price`) VALUES (3, 13, 3, 7614, 22842);
INSERT INTO `snack_order_item` (`order_id`, `snack_id`, `quantity`, `unit_price`, `total_price`) VALUES (66, 5, 2, 7919, 15838);
INSERT INTO `snack_order_item` (`order_id`, `snack_id`, `quantity`, `unit_price`, `total_price`) VALUES (130, 36, 2, 3100, 6200);
INSERT INTO `snack_order_item` (`order_id`, `snack_id`, `quantity`, `unit_price`, `total_price`) VALUES (30, 22, 2, 9488, 18976);
INSERT INTO `snack_order_item` (`order_id`, `snack_id`, `quantity`, `unit_price`, `total_price`) VALUES (8, 12, 1, 8415, 8415);
INSERT INTO `snack_order_item` (`order_id`, `snack_id`, `quantity`, `unit_price`, `total_price`) VALUES (87, 31, 2, 3582, 7164);
INSERT INTO `snack_order_item` (`order_id`, `snack_id`, `quantity`, `unit_price`, `total_price`) VALUES (35, 31, 1, 10546, 10546);
INSERT INTO `snack_order_item` (`order_id`, `snack_id`, `quantity`, `unit_price`, `total_price`) VALUES (138, 22, 2, 9782, 19564);
INSERT INTO `snack_order_item` (`order_id`, `snack_id`, `quantity`, `unit_price`, `total_price`) VALUES (15, 34, 2, 8169, 16338);
INSERT INTO `snack_order_item` (`order_id`, `snack_id`, `quantity`, `unit_price`, `total_price`) VALUES (143, 35, 1, 6412, 6412);
INSERT INTO `snack_order_item` (`order_id`, `snack_id`, `quantity`, `unit_price`, `total_price`) VALUES (148, 22, 2, 4084, 8168);
INSERT INTO `snack_order_item` (`order_id`, `snack_id`, `quantity`, `unit_price`, `total_price`) VALUES (39, 18, 1, 8556, 8556);
INSERT INTO `snack_order_item` (`order_id`, `snack_id`, `quantity`, `unit_price`, `total_price`) VALUES (97, 35, 1, 9382, 9382);
INSERT INTO `snack_order_item` (`order_id`, `snack_id`, `quantity`, `unit_price`, `total_price`) VALUES (48, 39, 1, 8050, 8050);
INSERT INTO `snack_order_item` (`order_id`, `snack_id`, `quantity`, `unit_price`, `total_price`) VALUES (81, 3, 2, 9780, 19560);
INSERT INTO `snack_order_item` (`order_id`, `snack_id`, `quantity`, `unit_price`, `total_price`) VALUES (23, 32, 1, 9088, 9088);
INSERT INTO `snack_order_item` (`order_id`, `snack_id`, `quantity`, `unit_price`, `total_price`) VALUES (116, 20, 1, 11603, 11603);
INSERT INTO `snack_order_item` (`order_id`, `snack_id`, `quantity`, `unit_price`, `total_price`) VALUES (78, 12, 1, 9131, 9131);
INSERT INTO `snack_order_item` (`order_id`, `snack_id`, `quantity`, `unit_price`, `total_price`) VALUES (10, 13, 1, 10270, 10270);
INSERT INTO `snack_order_item` (`order_id`, `snack_id`, `quantity`, `unit_price`, `total_price`) VALUES (130, 2, 2, 11192, 22384);
INSERT INTO `snack_order_item` (`order_id`, `snack_id`, `quantity`, `unit_price`, `total_price`) VALUES (40, 13, 2, 10921, 21842);
INSERT INTO `snack_order_item` (`order_id`, `snack_id`, `quantity`, `unit_price`, `total_price`) VALUES (135, 20, 2, 5347, 10694);
INSERT INTO `snack_order_item` (`order_id`, `snack_id`, `quantity`, `unit_price`, `total_price`) VALUES (26, 34, 3, 5174, 15522);
INSERT INTO `snack_order_item` (`order_id`, `snack_id`, `quantity`, `unit_price`, `total_price`) VALUES (53, 3, 2, 9350, 18700);
INSERT INTO `snack_order_item` (`order_id`, `snack_id`, `quantity`, `unit_price`, `total_price`) VALUES (134, 8, 1, 8095, 8095);
INSERT INTO `snack_order_item` (`order_id`, `snack_id`, `quantity`, `unit_price`, `total_price`) VALUES (12, 39, 1, 8460, 8460);
INSERT INTO `snack_order_item` (`order_id`, `snack_id`, `quantity`, `unit_price`, `total_price`) VALUES (120, 3, 1, 11529, 11529);
INSERT INTO `snack_order_item` (`order_id`, `snack_id`, `quantity`, `unit_price`, `total_price`) VALUES (80, 2, 3, 8114, 24342);
INSERT INTO `snack_order_item` (`order_id`, `snack_id`, `quantity`, `unit_price`, `total_price`) VALUES (54, 21, 1, 6154, 6154);
INSERT INTO `snack_order_item` (`order_id`, `snack_id`, `quantity`, `unit_price`, `total_price`) VALUES (74, 18, 3, 8228, 24684);
INSERT INTO `snack_order_item` (`order_id`, `snack_id`, `quantity`, `unit_price`, `total_price`) VALUES (113, 8, 2, 5446, 10892);
INSERT INTO `snack_order_item` (`order_id`, `snack_id`, `quantity`, `unit_price`, `total_price`) VALUES (41, 18, 1, 3249, 3249);
INSERT INTO `snack_order_item` (`order_id`, `snack_id`, `quantity`, `unit_price`, `total_price`) VALUES (144, 33, 1, 6384, 6384);
INSERT INTO `snack_order_item` (`order_id`, `snack_id`, `quantity`, `unit_price`, `total_price`) VALUES (139, 23, 3, 8218, 24654);
INSERT INTO `snack_order_item` (`order_id`, `snack_id`, `quantity`, `unit_price`, `total_price`) VALUES (70, 10, 3, 7641, 22923);
INSERT INTO `snack_order_item` (`order_id`, `snack_id`, `quantity`, `unit_price`, `total_price`) VALUES (147, 16, 1, 4167, 4167);
INSERT INTO `snack_order_item` (`order_id`, `snack_id`, `quantity`, `unit_price`, `total_price`) VALUES (80, 40, 2, 11856, 23712);
INSERT INTO `snack_order_item` (`order_id`, `snack_id`, `quantity`, `unit_price`, `total_price`) VALUES (114, 4, 1, 3475, 3475);
INSERT INTO `snack_order_item` (`order_id`, `snack_id`, `quantity`, `unit_price`, `total_price`) VALUES (121, 4, 1, 9284, 9284);
INSERT INTO `snack_order_item` (`order_id`, `snack_id`, `quantity`, `unit_price`, `total_price`) VALUES (14, 6, 2, 9421, 18842);
INSERT INTO `snack_order_item` (`order_id`, `snack_id`, `quantity`, `unit_price`, `total_price`) VALUES (46, 39, 3, 10304, 30912);
INSERT INTO `snack_order_item` (`order_id`, `snack_id`, `quantity`, `unit_price`, `total_price`) VALUES (92, 20, 2, 6246, 12492);
INSERT INTO `snack_order_item` (`order_id`, `snack_id`, `quantity`, `unit_price`, `total_price`) VALUES (137, 6, 2, 5159, 10318);
INSERT INTO `snack_order_item` (`order_id`, `snack_id`, `quantity`, `unit_price`, `total_price`) VALUES (24, 30, 1, 10464, 10464);
INSERT INTO `snack_order_item` (`order_id`, `snack_id`, `quantity`, `unit_price`, `total_price`) VALUES (80, 30, 2, 6796, 13592);
INSERT INTO `snack_order_item` (`order_id`, `snack_id`, `quantity`, `unit_price`, `total_price`) VALUES (67, 24, 2, 6004, 12008);
INSERT INTO `snack_order_item` (`order_id`, `snack_id`, `quantity`, `unit_price`, `total_price`) VALUES (85, 21, 2, 10987, 21974);
INSERT INTO `snack_order_item` (`order_id`, `snack_id`, `quantity`, `unit_price`, `total_price`) VALUES (8, 5, 2, 4849, 9698);
INSERT INTO `snack_order_item` (`order_id`, `snack_id`, `quantity`, `unit_price`, `total_price`) VALUES (90, 31, 2, 5798, 11596);
INSERT INTO `snack_order_item` (`order_id`, `snack_id`, `quantity`, `unit_price`, `total_price`) VALUES (73, 23, 3, 5087, 15261);
INSERT INTO `snack_order_item` (`order_id`, `snack_id`, `quantity`, `unit_price`, `total_price`) VALUES (131, 7, 2, 4752, 9504);
INSERT INTO `snack_order_item` (`order_id`, `snack_id`, `quantity`, `unit_price`, `total_price`) VALUES (84, 36, 3, 4162, 12486);
INSERT INTO `snack_order_item` (`order_id`, `snack_id`, `quantity`, `unit_price`, `total_price`) VALUES (78, 35, 2, 9566, 19132);
INSERT INTO `snack_order_item` (`order_id`, `snack_id`, `quantity`, `unit_price`, `total_price`) VALUES (106, 16, 3, 6992, 20976);
INSERT INTO `snack_order_item` (`order_id`, `snack_id`, `quantity`, `unit_price`, `total_price`) VALUES (141, 11, 2, 9288, 18576);
INSERT INTO `snack_order_item` (`order_id`, `snack_id`, `quantity`, `unit_price`, `total_price`) VALUES (17, 22, 1, 10063, 10063);
INSERT INTO `snack_order_item` (`order_id`, `snack_id`, `quantity`, `unit_price`, `total_price`) VALUES (112, 37, 2, 11921, 23842);
INSERT INTO `snack_order_item` (`order_id`, `snack_id`, `quantity`, `unit_price`, `total_price`) VALUES (61, 12, 3, 4276, 12828);
INSERT INTO `snack_order_item` (`order_id`, `snack_id`, `quantity`, `unit_price`, `total_price`) VALUES (147, 32, 1, 10584, 10584);
INSERT INTO `snack_order_item` (`order_id`, `snack_id`, `quantity`, `unit_price`, `total_price`) VALUES (25, 29, 1, 8046, 8046);
INSERT INTO `snack_order_item` (`order_id`, `snack_id`, `quantity`, `unit_price`, `total_price`) VALUES (104, 5, 3, 4781, 14343);
INSERT INTO `snack_order_item` (`order_id`, `snack_id`, `quantity`, `unit_price`, `total_price`) VALUES (98, 21, 2, 4007, 8014);
INSERT INTO `snack_order_item` (`order_id`, `snack_id`, `quantity`, `unit_price`, `total_price`) VALUES (24, 14, 1, 3003, 3003);
INSERT INTO `snack_order_item` (`order_id`, `snack_id`, `quantity`, `unit_price`, `total_price`) VALUES (38, 10, 2, 11704, 23408);
INSERT INTO `snack_order_item` (`order_id`, `snack_id`, `quantity`, `unit_price`, `total_price`) VALUES (75, 25, 3, 10326, 30978);
INSERT INTO `snack_order_item` (`order_id`, `snack_id`, `quantity`, `unit_price`, `total_price`) VALUES (51, 14, 3, 8187, 24561);
INSERT INTO `snack_order_item` (`order_id`, `snack_id`, `quantity`, `unit_price`, `total_price`) VALUES (77, 37, 3, 7989, 23967);
INSERT INTO `snack_order_item` (`order_id`, `snack_id`, `quantity`, `unit_price`, `total_price`) VALUES (112, 23, 1, 3133, 3133);
INSERT INTO `snack_order_item` (`order_id`, `snack_id`, `quantity`, `unit_price`, `total_price`) VALUES (131, 26, 1, 7819, 7819);
INSERT INTO `snack_order_item` (`order_id`, `snack_id`, `quantity`, `unit_price`, `total_price`) VALUES (16, 24, 3, 3870, 11610);
INSERT INTO `snack_order_item` (`order_id`, `snack_id`, `quantity`, `unit_price`, `total_price`) VALUES (1, 36, 2, 4797, 9594);
INSERT INTO `snack_order_item` (`order_id`, `snack_id`, `quantity`, `unit_price`, `total_price`) VALUES (73, 2, 1, 10073, 10073);
INSERT INTO `snack_order_item` (`order_id`, `snack_id`, `quantity`, `unit_price`, `total_price`) VALUES (101, 21, 3, 9271, 27813);
INSERT INTO `snack_order_item` (`order_id`, `snack_id`, `quantity`, `unit_price`, `total_price`) VALUES (104, 25, 2, 11931, 23862);
INSERT INTO `snack_order_item` (`order_id`, `snack_id`, `quantity`, `unit_price`, `total_price`) VALUES (55, 12, 2, 5278, 10556);
INSERT INTO `snack_order_item` (`order_id`, `snack_id`, `quantity`, `unit_price`, `total_price`) VALUES (49, 36, 2, 8902, 17804);
INSERT INTO `snack_order_item` (`order_id`, `snack_id`, `quantity`, `unit_price`, `total_price`) VALUES (107, 10, 2, 5056, 10112);
INSERT INTO `snack_order_item` (`order_id`, `snack_id`, `quantity`, `unit_price`, `total_price`) VALUES (35, 1, 1, 3257, 3257);
INSERT INTO `snack_order_item` (`order_id`, `snack_id`, `quantity`, `unit_price`, `total_price`) VALUES (37, 32, 3, 10155, 30465);
INSERT INTO `snack_order_item` (`order_id`, `snack_id`, `quantity`, `unit_price`, `total_price`) VALUES (35, 6, 1, 9813, 9813);
INSERT INTO `snack_order_item` (`order_id`, `snack_id`, `quantity`, `unit_price`, `total_price`) VALUES (117, 39, 2, 5945, 11890);
INSERT INTO `snack_order_item` (`order_id`, `snack_id`, `quantity`, `unit_price`, `total_price`) VALUES (117, 33, 2, 10373, 20746);
INSERT INTO `snack_order_item` (`order_id`, `snack_id`, `quantity`, `unit_price`, `total_price`) VALUES (99, 23, 1, 6044, 6044);
INSERT INTO `snack_order_item` (`order_id`, `snack_id`, `quantity`, `unit_price`, `total_price`) VALUES (109, 39, 1, 11161, 11161);
INSERT INTO `snack_order_item` (`order_id`, `snack_id`, `quantity`, `unit_price`, `total_price`) VALUES (61, 33, 2, 9731, 19462);
INSERT INTO `snack_order_item` (`order_id`, `snack_id`, `quantity`, `unit_price`, `total_price`) VALUES (140, 37, 2, 3548, 7096);
INSERT INTO `snack_order_item` (`order_id`, `snack_id`, `quantity`, `unit_price`, `total_price`) VALUES (10, 37, 2, 9038, 18076);
INSERT INTO `snack_order_item` (`order_id`, `snack_id`, `quantity`, `unit_price`, `total_price`) VALUES (29, 38, 2, 4311, 8622);
INSERT INTO `snack_order_item` (`order_id`, `snack_id`, `quantity`, `unit_price`, `total_price`) VALUES (37, 34, 2, 10617, 21234);
INSERT INTO `snack_order_item` (`order_id`, `snack_id`, `quantity`, `unit_price`, `total_price`) VALUES (133, 6, 3, 4449, 13347);
INSERT INTO `snack_order_item` (`order_id`, `snack_id`, `quantity`, `unit_price`, `total_price`) VALUES (63, 31, 3, 4279, 12837);
INSERT INTO `snack_order_item` (`order_id`, `snack_id`, `quantity`, `unit_price`, `total_price`) VALUES (139, 38, 2, 3864, 7728);
INSERT INTO `snack_order_item` (`order_id`, `snack_id`, `quantity`, `unit_price`, `total_price`) VALUES (88, 35, 1, 10681, 10681);
INSERT INTO `snack_order_item` (`order_id`, `snack_id`, `quantity`, `unit_price`, `total_price`) VALUES (121, 37, 3, 8431, 25293);
INSERT INTO `snack_order_item` (`order_id`, `snack_id`, `quantity`, `unit_price`, `total_price`) VALUES (108, 23, 2, 7738, 15476);
INSERT INTO `snack_order_item` (`order_id`, `snack_id`, `quantity`, `unit_price`, `total_price`) VALUES (43, 3, 3, 7981, 23943);
INSERT INTO `snack_order_item` (`order_id`, `snack_id`, `quantity`, `unit_price`, `total_price`) VALUES (145, 17, 1, 10752, 10752);
INSERT INTO `snack_order_item` (`order_id`, `snack_id`, `quantity`, `unit_price`, `total_price`) VALUES (149, 11, 3, 3845, 11535);
INSERT INTO `snack_order_item` (`order_id`, `snack_id`, `quantity`, `unit_price`, `total_price`) VALUES (75, 40, 1, 7699, 7699);
INSERT INTO `snack_order_item` (`order_id`, `snack_id`, `quantity`, `unit_price`, `total_price`) VALUES (125, 6, 1, 11283, 11283);
INSERT INTO `snack_order_item` (`order_id`, `snack_id`, `quantity`, `unit_price`, `total_price`) VALUES (20, 18, 2, 5171, 10342);
INSERT INTO `snack_order_item` (`order_id`, `snack_id`, `quantity`, `unit_price`, `total_price`) VALUES (72, 18, 2, 3232, 6464);
INSERT INTO `snack_order_item` (`order_id`, `snack_id`, `quantity`, `unit_price`, `total_price`) VALUES (29, 39, 1, 5476, 5476);
INSERT INTO `snack_order_item` (`order_id`, `snack_id`, `quantity`, `unit_price`, `total_price`) VALUES (115, 24, 1, 7280, 7280);
INSERT INTO `snack_order_item` (`order_id`, `snack_id`, `quantity`, `unit_price`, `total_price`) VALUES (61, 32, 1, 11640, 11640);
INSERT INTO `snack_order_item` (`order_id`, `snack_id`, `quantity`, `unit_price`, `total_price`) VALUES (9, 22, 1, 5376, 5376);
INSERT INTO `snack_order_item` (`order_id`, `snack_id`, `quantity`, `unit_price`, `total_price`) VALUES (40, 32, 2, 9277, 18554);
INSERT INTO `snack_order_item` (`order_id`, `snack_id`, `quantity`, `unit_price`, `total_price`) VALUES (61, 29, 3, 5740, 17220);
INSERT INTO `snack_order_item` (`order_id`, `snack_id`, `quantity`, `unit_price`, `total_price`) VALUES (54, 37, 3, 8653, 25959);
INSERT INTO `snack_order_item` (`order_id`, `snack_id`, `quantity`, `unit_price`, `total_price`) VALUES (14, 17, 1, 3860, 3860);
INSERT INTO `snack_order_item` (`order_id`, `snack_id`, `quantity`, `unit_price`, `total_price`) VALUES (43, 30, 2, 10802, 21604);
INSERT INTO `snack_order_item` (`order_id`, `snack_id`, `quantity`, `unit_price`, `total_price`) VALUES (78, 31, 3, 11724, 35172);
INSERT INTO `snack_order_item` (`order_id`, `snack_id`, `quantity`, `unit_price`, `total_price`) VALUES (60, 25, 3, 9390, 28170);
INSERT INTO `snack_order_item` (`order_id`, `snack_id`, `quantity`, `unit_price`, `total_price`) VALUES (122, 17, 1, 11690, 11690);
INSERT INTO `snack_order_item` (`order_id`, `snack_id`, `quantity`, `unit_price`, `total_price`) VALUES (112, 1, 2, 10353, 20706);
INSERT INTO `snack_order_item` (`order_id`, `snack_id`, `quantity`, `unit_price`, `total_price`) VALUES (136, 3, 1, 11704, 11704);
INSERT INTO `snack_order_item` (`order_id`, `snack_id`, `quantity`, `unit_price`, `total_price`) VALUES (91, 28, 3, 7466, 22398);
INSERT INTO `snack_order_item` (`order_id`, `snack_id`, `quantity`, `unit_price`, `total_price`) VALUES (86, 18, 2, 4610, 9220);
INSERT INTO `snack_order_item` (`order_id`, `snack_id`, `quantity`, `unit_price`, `total_price`) VALUES (66, 38, 2, 10554, 21108);
INSERT INTO `snack_order_item` (`order_id`, `snack_id`, `quantity`, `unit_price`, `total_price`) VALUES (62, 38, 1, 11518, 11518);
INSERT INTO `snack_order_item` (`order_id`, `snack_id`, `quantity`, `unit_price`, `total_price`) VALUES (87, 12, 2, 11972, 23944);
INSERT INTO `snack_order_item` (`order_id`, `snack_id`, `quantity`, `unit_price`, `total_price`) VALUES (3, 1, 1, 3195, 3195);
INSERT INTO `snack_order_item` (`order_id`, `snack_id`, `quantity`, `unit_price`, `total_price`) VALUES (106, 7, 3, 4702, 14106);
INSERT INTO `snack_order_item` (`order_id`, `snack_id`, `quantity`, `unit_price`, `total_price`) VALUES (115, 23, 1, 7641, 7641);
INSERT INTO `snack_order_item` (`order_id`, `snack_id`, `quantity`, `unit_price`, `total_price`) VALUES (65, 13, 1, 3388, 3388);
INSERT INTO `snack_order_item` (`order_id`, `snack_id`, `quantity`, `unit_price`, `total_price`) VALUES (24, 4, 3, 6552, 19656);
INSERT INTO `snack_order_item` (`order_id`, `snack_id`, `quantity`, `unit_price`, `total_price`) VALUES (32, 8, 1, 5128, 5128);
INSERT INTO `snack_order_item` (`order_id`, `snack_id`, `quantity`, `unit_price`, `total_price`) VALUES (97, 37, 1, 4816, 4816);
INSERT INTO `snack_order_item` (`order_id`, `snack_id`, `quantity`, `unit_price`, `total_price`) VALUES (48, 17, 2, 10650, 21300);
INSERT INTO `snack_order_item` (`order_id`, `snack_id`, `quantity`, `unit_price`, `total_price`) VALUES (20, 30, 2, 9995, 19990);
INSERT INTO `snack_order_item` (`order_id`, `snack_id`, `quantity`, `unit_price`, `total_price`) VALUES (83, 17, 1, 4212, 4212);
INSERT INTO `snack_order_item` (`order_id`, `snack_id`, `quantity`, `unit_price`, `total_price`) VALUES (98, 25, 2, 3984, 7968);
INSERT INTO `snack_order_item` (`order_id`, `snack_id`, `quantity`, `unit_price`, `total_price`) VALUES (67, 17, 1, 10218, 10218);
INSERT INTO `snack_order_item` (`order_id`, `snack_id`, `quantity`, `unit_price`, `total_price`) VALUES (18, 32, 1, 9432, 9432);
INSERT INTO `snack_order_item` (`order_id`, `snack_id`, `quantity`, `unit_price`, `total_price`) VALUES (46, 32, 1, 5357, 5357);
INSERT INTO `snack_order_item` (`order_id`, `snack_id`, `quantity`, `unit_price`, `total_price`) VALUES (139, 28, 1, 4740, 4740);
INSERT INTO `snack_order_item` (`order_id`, `snack_id`, `quantity`, `unit_price`, `total_price`) VALUES (114, 17, 1, 3571, 3571);
INSERT INTO `snack_order_item` (`order_id`, `snack_id`, `quantity`, `unit_price`, `total_price`) VALUES (19, 5, 3, 7105, 21315);
INSERT INTO `snack_order_item` (`order_id`, `snack_id`, `quantity`, `unit_price`, `total_price`) VALUES (115, 2, 2, 5438, 10876);
INSERT INTO `snack_order_item` (`order_id`, `snack_id`, `quantity`, `unit_price`, `total_price`) VALUES (1, 3, 3, 9397, 28191);
INSERT INTO `snack_order_item` (`order_id`, `snack_id`, `quantity`, `unit_price`, `total_price`) VALUES (69, 10, 3, 8403, 25209);
INSERT INTO `snack_order_item` (`order_id`, `snack_id`, `quantity`, `unit_price`, `total_price`) VALUES (101, 37, 1, 11444, 11444);
INSERT INTO `snack_order_item` (`order_id`, `snack_id`, `quantity`, `unit_price`, `total_price`) VALUES (126, 31, 2, 9617, 19234);
INSERT INTO `snack_order_item` (`order_id`, `snack_id`, `quantity`, `unit_price`, `total_price`) VALUES (18, 35, 1, 3054, 3054);
INSERT INTO `snack_order_item` (`order_id`, `snack_id`, `quantity`, `unit_price`, `total_price`) VALUES (99, 31, 1, 11770, 11770);
INSERT INTO `snack_order_item` (`order_id`, `snack_id`, `quantity`, `unit_price`, `total_price`) VALUES (92, 22, 3, 7961, 23883);
INSERT INTO `snack_order_item` (`order_id`, `snack_id`, `quantity`, `unit_price`, `total_price`) VALUES (103, 4, 3, 4485, 13455);
INSERT INTO `snack_order_item` (`order_id`, `snack_id`, `quantity`, `unit_price`, `total_price`) VALUES (94, 35, 2, 4318, 8636);
INSERT INTO `snack_order_item` (`order_id`, `snack_id`, `quantity`, `unit_price`, `total_price`) VALUES (118, 19, 3, 6327, 18981);
INSERT INTO `snack_order_item` (`order_id`, `snack_id`, `quantity`, `unit_price`, `total_price`) VALUES (46, 36, 1, 9294, 9294);
INSERT INTO `snack_order_item` (`order_id`, `snack_id`, `quantity`, `unit_price`, `total_price`) VALUES (49, 20, 3, 9391, 28173);
INSERT INTO `snack_order_item` (`order_id`, `snack_id`, `quantity`, `unit_price`, `total_price`) VALUES (28, 23, 2, 4390, 8780);
INSERT INTO `snack_order_item` (`order_id`, `snack_id`, `quantity`, `unit_price`, `total_price`) VALUES (113, 13, 1, 3584, 3584);
INSERT INTO `snack_order_item` (`order_id`, `snack_id`, `quantity`, `unit_price`, `total_price`) VALUES (50, 2, 3, 6907, 20721);
INSERT INTO `snack_order_item` (`order_id`, `snack_id`, `quantity`, `unit_price`, `total_price`) VALUES (126, 25, 1, 11856, 11856);
INSERT INTO `snack_order_item` (`order_id`, `snack_id`, `quantity`, `unit_price`, `total_price`) VALUES (79, 32, 3, 10361, 31083);
INSERT INTO `snack_order_item` (`order_id`, `snack_id`, `quantity`, `unit_price`, `total_price`) VALUES (5, 3, 2, 3918, 7836);
INSERT INTO `snack_order_item` (`order_id`, `snack_id`, `quantity`, `unit_price`, `total_price`) VALUES (87, 3, 2, 4936, 9872);
INSERT INTO `snack_order_item` (`order_id`, `snack_id`, `quantity`, `unit_price`, `total_price`) VALUES (55, 34, 2, 11791, 23582);
INSERT INTO `snack_order_item` (`order_id`, `snack_id`, `quantity`, `unit_price`, `total_price`) VALUES (39, 38, 1, 4180, 4180);
INSERT INTO `snack_order_item` (`order_id`, `snack_id`, `quantity`, `unit_price`, `total_price`) VALUES (126, 2, 2, 3750, 7500);
INSERT INTO `snack_order_item` (`order_id`, `snack_id`, `quantity`, `unit_price`, `total_price`) VALUES (63, 9, 1, 5822, 5822);
INSERT INTO `snack_order_item` (`order_id`, `snack_id`, `quantity`, `unit_price`, `total_price`) VALUES (13, 20, 1, 10474, 10474);
INSERT INTO `snack_order_item` (`order_id`, `snack_id`, `quantity`, `unit_price`, `total_price`) VALUES (44, 38, 1, 4742, 4742);
INSERT INTO `snack_order_item` (`order_id`, `snack_id`, `quantity`, `unit_price`, `total_price`) VALUES (30, 32, 3, 6613, 19839);
INSERT INTO `snack_order_item` (`order_id`, `snack_id`, `quantity`, `unit_price`, `total_price`) VALUES (17, 13, 2, 8527, 17054);
INSERT INTO `snack_order_item` (`order_id`, `snack_id`, `quantity`, `unit_price`, `total_price`) VALUES (103, 21, 1, 11943, 11943);
INSERT INTO `snack_order_item` (`order_id`, `snack_id`, `quantity`, `unit_price`, `total_price`) VALUES (36, 21, 1, 3746, 3746);
-- maintenance_ticket
INSERT INTO `maintenance_ticket` (`ticket_id`, `seat_id`, `opened_at`, `closed_at`, `status`) VALUES (1, 178, '2023-06-21 02:18:06', '2023-02-06 15:06:55', 'CLOSED');
INSERT INTO `maintenance_ticket` (`ticket_id`, `seat_id`, `opened_at`, `closed_at`, `status`) VALUES (2, 173, '2023-12-23 13:28:07', '2023-04-23 08:52:14', 'CLOSED');
INSERT INTO `maintenance_ticket` (`ticket_id`, `seat_id`, `opened_at`, `closed_at`, `status`) VALUES (3, 596, '2023-01-21 04:51:21', '2023-06-11 22:17:53', 'CLOSED');
INSERT INTO `maintenance_ticket` (`ticket_id`, `seat_id`, `opened_at`, `closed_at`, `status`) VALUES (4, 386, '2024-02-03 05:44:37', '2023-05-05 02:56:20', 'CLOSED');
INSERT INTO `maintenance_ticket` (`ticket_id`, `seat_id`, `opened_at`, `closed_at`, `status`) VALUES (5, 7, '2023-01-04 06:31:56', NULL, 'OPEN');
INSERT INTO `maintenance_ticket` (`ticket_id`, `seat_id`, `opened_at`, `closed_at`, `status`) VALUES (6, 291, '2023-08-02 17:19:51', NULL, 'OPEN');
INSERT INTO `maintenance_ticket` (`ticket_id`, `seat_id`, `opened_at`, `closed_at`, `status`) VALUES (7, 212, '2023-03-15 23:17:43', '2023-04-26 15:00:05', 'CLOSED');
INSERT INTO `maintenance_ticket` (`ticket_id`, `seat_id`, `opened_at`, `closed_at`, `status`) VALUES (8, 245, '2023-03-31 22:13:44', NULL, 'OPEN');
INSERT INTO `maintenance_ticket` (`ticket_id`, `seat_id`, `opened_at`, `closed_at`, `status`) VALUES (9, 185, '2024-01-03 18:12:01', NULL, 'OPEN');
INSERT INTO `maintenance_ticket` (`ticket_id`, `seat_id`, `opened_at`, `closed_at`, `status`) VALUES (10, 91, '2023-11-18 10:57:58', '2023-01-02 20:18:20', 'CLOSED');
INSERT INTO `maintenance_ticket` (`ticket_id`, `seat_id`, `opened_at`, `closed_at`, `status`) VALUES (11, 242, '2023-04-09 04:16:41', NULL, 'OPEN');
INSERT INTO `maintenance_ticket` (`ticket_id`, `seat_id`, `opened_at`, `closed_at`, `status`) VALUES (12, 98, '2023-11-13 13:10:35', NULL, 'OPEN');
INSERT INTO `maintenance_ticket` (`ticket_id`, `seat_id`, `opened_at`, `closed_at`, `status`) VALUES (13, 553, '2023-09-17 07:59:00', '2023-06-10 07:34:37', 'CLOSED');
INSERT INTO `maintenance_ticket` (`ticket_id`, `seat_id`, `opened_at`, `closed_at`, `status`) VALUES (14, 284, '2023-01-28 07:03:11', '2023-02-08 17:16:22', 'CLOSED');
INSERT INTO `maintenance_ticket` (`ticket_id`, `seat_id`, `opened_at`, `closed_at`, `status`) VALUES (15, 510, '2023-04-01 05:49:00', NULL, 'OPEN');
INSERT INTO `maintenance_ticket` (`ticket_id`, `seat_id`, `opened_at`, `closed_at`, `status`) VALUES (16, 45, '2023-01-28 23:28:43', '2023-02-23 15:49:33', 'CLOSED');
INSERT INTO `maintenance_ticket` (`ticket_id`, `seat_id`, `opened_at`, `closed_at`, `status`) VALUES (17, 258, '2023-06-21 22:27:27', NULL, 'OPEN');
INSERT INTO `maintenance_ticket` (`ticket_id`, `seat_id`, `opened_at`, `closed_at`, `status`) VALUES (18, 465, '2023-01-23 03:48:06', NULL, 'OPEN');
INSERT INTO `maintenance_ticket` (`ticket_id`, `seat_id`, `opened_at`, `closed_at`, `status`) VALUES (19, 551, '2023-04-01 05:45:15', NULL, 'OPEN');
INSERT INTO `maintenance_ticket` (`ticket_id`, `seat_id`, `opened_at`, `closed_at`, `status`) VALUES (20, 497, '2023-09-21 04:13:32', '2023-03-02 16:11:43', 'CLOSED');
INSERT INTO `maintenance_ticket` (`ticket_id`, `seat_id`, `opened_at`, `closed_at`, `status`) VALUES (21, 594, '2023-06-16 15:15:27', '2023-06-23 11:51:28', 'CLOSED');
INSERT INTO `maintenance_ticket` (`ticket_id`, `seat_id`, `opened_at`, `closed_at`, `status`) VALUES (22, 236, '2024-02-03 04:00:35', '2023-01-26 08:37:59', 'CLOSED');
INSERT INTO `maintenance_ticket` (`ticket_id`, `seat_id`, `opened_at`, `closed_at`, `status`) VALUES (23, 423, '2023-04-13 13:40:21', NULL, 'OPEN');
INSERT INTO `maintenance_ticket` (`ticket_id`, `seat_id`, `opened_at`, `closed_at`, `status`) VALUES (24, 76, '2023-08-30 21:18:09', '2023-04-22 05:16:37', 'CLOSED');
INSERT INTO `maintenance_ticket` (`ticket_id`, `seat_id`, `opened_at`, `closed_at`, `status`) VALUES (25, 222, '2023-11-09 16:33:56', '2023-04-06 04:57:58', 'CLOSED');
INSERT INTO `maintenance_ticket` (`ticket_id`, `seat_id`, `opened_at`, `closed_at`, `status`) VALUES (26, 469, '2024-01-04 07:04:08', NULL, 'OPEN');
INSERT INTO `maintenance_ticket` (`ticket_id`, `seat_id`, `opened_at`, `closed_at`, `status`) VALUES (27, 277, '2023-04-14 12:13:45', '2023-06-27 20:42:16', 'CLOSED');
INSERT INTO `maintenance_ticket` (`ticket_id`, `seat_id`, `opened_at`, `closed_at`, `status`) VALUES (28, 62, '2023-05-24 04:58:11', '2023-04-30 16:41:46', 'CLOSED');
INSERT INTO `maintenance_ticket` (`ticket_id`, `seat_id`, `opened_at`, `closed_at`, `status`) VALUES (29, 429, '2023-03-29 12:30:33', '2023-03-17 21:58:39', 'CLOSED');
INSERT INTO `maintenance_ticket` (`ticket_id`, `seat_id`, `opened_at`, `closed_at`, `status`) VALUES (30, 161, '2023-11-23 22:15:54', NULL, 'OPEN');
INSERT INTO `maintenance_ticket` (`ticket_id`, `seat_id`, `opened_at`, `closed_at`, `status`) VALUES (31, 592, '2023-10-11 08:21:47', '2023-05-14 17:48:42', 'CLOSED');
INSERT INTO `maintenance_ticket` (`ticket_id`, `seat_id`, `opened_at`, `closed_at`, `status`) VALUES (32, 222, '2023-10-30 17:14:21', NULL, 'OPEN');
INSERT INTO `maintenance_ticket` (`ticket_id`, `seat_id`, `opened_at`, `closed_at`, `status`) VALUES (33, 286, '2023-01-08 15:35:13', NULL, 'OPEN');
INSERT INTO `maintenance_ticket` (`ticket_id`, `seat_id`, `opened_at`, `closed_at`, `status`) VALUES (34, 253, '2023-05-07 11:54:59', '2023-02-26 21:32:44', 'CLOSED');
INSERT INTO `maintenance_ticket` (`ticket_id`, `seat_id`, `opened_at`, `closed_at`, `status`) VALUES (35, 153, '2023-10-21 00:11:05', '2023-01-12 01:27:30', 'CLOSED');
INSERT INTO `maintenance_ticket` (`ticket_id`, `seat_id`, `opened_at`, `closed_at`, `status`) VALUES (36, 482, '2024-01-11 18:21:28', '2023-05-16 14:21:24', 'CLOSED');
INSERT INTO `maintenance_ticket` (`ticket_id`, `seat_id`, `opened_at`, `closed_at`, `status`) VALUES (37, 491, '2023-12-23 03:34:04', '2023-03-03 03:01:30', 'CLOSED');
INSERT INTO `maintenance_ticket` (`ticket_id`, `seat_id`, `opened_at`, `closed_at`, `status`) VALUES (38, 572, '2024-01-21 00:27:08', NULL, 'OPEN');
INSERT INTO `maintenance_ticket` (`ticket_id`, `seat_id`, `opened_at`, `closed_at`, `status`) VALUES (39, 417, '2023-04-22 04:49:54', '2023-03-03 23:34:47', 'CLOSED');
INSERT INTO `maintenance_ticket` (`ticket_id`, `seat_id`, `opened_at`, `closed_at`, `status`) VALUES (40, 93, '2023-01-09 17:28:06', NULL, 'OPEN');
-- hold_seat
INSERT INTO `hold_seat` (`hold_id`, `show_id`, `seat_id`, `member_id`, `expires_at`) VALUES (1, 42, 471, 220, '2023-02-06 21:15:01');
INSERT INTO `hold_seat` (`hold_id`, `show_id`, `seat_id`, `member_id`, `expires_at`) VALUES (2, 7, 466, 119, '2023-02-19 05:02:49');
INSERT INTO `hold_seat` (`hold_id`, `show_id`, `seat_id`, `member_id`, `expires_at`) VALUES (3, 181, 416, 48, '2023-02-20 13:29:11');
INSERT INTO `hold_seat` (`hold_id`, `show_id`, `seat_id`, `member_id`, `expires_at`) VALUES (4, 161, 476, 181, '2023-02-10 00:02:58');
INSERT INTO `hold_seat` (`hold_id`, `show_id`, `seat_id`, `member_id`, `expires_at`) VALUES (5, 161, 73, 99, '2023-02-27 12:07:14');
INSERT INTO `hold_seat` (`hold_id`, `show_id`, `seat_id`, `member_id`, `expires_at`) VALUES (6, 136, 34, 76, '2023-01-28 09:49:21');
INSERT INTO `hold_seat` (`hold_id`, `show_id`, `seat_id`, `member_id`, `expires_at`) VALUES (7, 179, 556, 148, '2023-02-20 07:32:31');
INSERT INTO `hold_seat` (`hold_id`, `show_id`, `seat_id`, `member_id`, `expires_at`) VALUES (8, 176, 83, 159, '2023-02-26 12:13:20');
INSERT INTO `hold_seat` (`hold_id`, `show_id`, `seat_id`, `member_id`, `expires_at`) VALUES (9, 189, 57, 132, '2023-03-02 13:15:08');
INSERT INTO `hold_seat` (`hold_id`, `show_id`, `seat_id`, `member_id`, `expires_at`) VALUES (10, 14, 114, 99, '2023-01-24 16:56:34');
INSERT INTO `hold_seat` (`hold_id`, `show_id`, `seat_id`, `member_id`, `expires_at`) VALUES (11, 159, 42, 94, '2023-01-24 06:22:52');
INSERT INTO `hold_seat` (`hold_id`, `show_id`, `seat_id`, `member_id`, `expires_at`) VALUES (12, 166, 573, 181, '2023-01-05 20:24:59');
INSERT INTO `hold_seat` (`hold_id`, `show_id`, `seat_id`, `member_id`, `expires_at`) VALUES (13, 182, 210, 36, '2023-01-22 08:41:18');
INSERT INTO `hold_seat` (`hold_id`, `show_id`, `seat_id`, `member_id`, `expires_at`) VALUES (14, 139, 117, 167, '2023-01-31 21:07:17');
INSERT INTO `hold_seat` (`hold_id`, `show_id`, `seat_id`, `member_id`, `expires_at`) VALUES (15, 180, 215, 193, '2023-02-17 08:12:28');
INSERT INTO `hold_seat` (`hold_id`, `show_id`, `seat_id`, `member_id`, `expires_at`) VALUES (16, 83, 362, 230, '2023-01-18 18:20:03');
INSERT INTO `hold_seat` (`hold_id`, `show_id`, `seat_id`, `member_id`, `expires_at`) VALUES (17, 175, 434, 71, '2023-01-04 02:18:25');
INSERT INTO `hold_seat` (`hold_id`, `show_id`, `seat_id`, `member_id`, `expires_at`) VALUES (18, 96, 354, 116, '2023-02-01 18:15:26');
INSERT INTO `hold_seat` (`hold_id`, `show_id`, `seat_id`, `member_id`, `expires_at`) VALUES (19, 135, 126, 121, '2023-02-15 19:21:57');
INSERT INTO `hold_seat` (`hold_id`, `show_id`, `seat_id`, `member_id`, `expires_at`) VALUES (20, 174, 546, 231, '2023-01-19 16:27:21');
INSERT INTO `hold_seat` (`hold_id`, `show_id`, `seat_id`, `member_id`, `expires_at`) VALUES (21, 159, 377, 205, '2023-02-13 02:23:21');
INSERT INTO `hold_seat` (`hold_id`, `show_id`, `seat_id`, `member_id`, `expires_at`) VALUES (22, 49, 469, 23, '2023-01-06 14:13:27');
INSERT INTO `hold_seat` (`hold_id`, `show_id`, `seat_id`, `member_id`, `expires_at`) VALUES (23, 46, 296, 246, '2023-01-05 03:58:54');
INSERT INTO `hold_seat` (`hold_id`, `show_id`, `seat_id`, `member_id`, `expires_at`) VALUES (24, 43, 283, 29, '2023-02-14 05:23:12');
INSERT INTO `hold_seat` (`hold_id`, `show_id`, `seat_id`, `member_id`, `expires_at`) VALUES (25, 128, 155, 224, '2023-01-14 18:57:27');
INSERT INTO `hold_seat` (`hold_id`, `show_id`, `seat_id`, `member_id`, `expires_at`) VALUES (26, 161, 24, 76, '2023-01-27 19:42:46');
INSERT INTO `hold_seat` (`hold_id`, `show_id`, `seat_id`, `member_id`, `expires_at`) VALUES (27, 34, 486, 89, '2023-01-27 16:09:37');
INSERT INTO `hold_seat` (`hold_id`, `show_id`, `seat_id`, `member_id`, `expires_at`) VALUES (28, 189, 22, 75, '2023-01-13 02:17:30');
INSERT INTO `hold_seat` (`hold_id`, `show_id`, `seat_id`, `member_id`, `expires_at`) VALUES (29, 6, 238, 214, '2023-03-02 18:55:07');
INSERT INTO `hold_seat` (`hold_id`, `show_id`, `seat_id`, `member_id`, `expires_at`) VALUES (30, 166, 344, 106, '2023-02-07 12:28:50');
INSERT INTO `hold_seat` (`hold_id`, `show_id`, `seat_id`, `member_id`, `expires_at`) VALUES (31, 168, 335, 125, '2023-02-07 19:18:09');
INSERT INTO `hold_seat` (`hold_id`, `show_id`, `seat_id`, `member_id`, `expires_at`) VALUES (32, 141, 456, 118, '2023-01-20 20:39:10');
INSERT INTO `hold_seat` (`hold_id`, `show_id`, `seat_id`, `member_id`, `expires_at`) VALUES (33, 34, 314, 44, '2023-02-20 09:27:59');
INSERT INTO `hold_seat` (`hold_id`, `show_id`, `seat_id`, `member_id`, `expires_at`) VALUES (34, 59, 496, 96, '2023-01-19 01:43:22');
INSERT INTO `hold_seat` (`hold_id`, `show_id`, `seat_id`, `member_id`, `expires_at`) VALUES (35, 38, 362, 73, '2023-01-30 06:03:25');
INSERT INTO `hold_seat` (`hold_id`, `show_id`, `seat_id`, `member_id`, `expires_at`) VALUES (36, 159, 165, 183, '2023-02-04 10:23:07');
INSERT INTO `hold_seat` (`hold_id`, `show_id`, `seat_id`, `member_id`, `expires_at`) VALUES (37, 47, 180, 215, '2023-02-15 05:35:17');
INSERT INTO `hold_seat` (`hold_id`, `show_id`, `seat_id`, `member_id`, `expires_at`) VALUES (38, 42, 244, 30, '2023-01-03 11:31:40');
INSERT INTO `hold_seat` (`hold_id`, `show_id`, `seat_id`, `member_id`, `expires_at`) VALUES (39, 148, 130, 113, '2023-01-17 13:27:33');
INSERT INTO `hold_seat` (`hold_id`, `show_id`, `seat_id`, `member_id`, `expires_at`) VALUES (40, 48, 211, 144, '2023-02-15 01:15:46');
INSERT INTO `hold_seat` (`hold_id`, `show_id`, `seat_id`, `member_id`, `expires_at`) VALUES (41, 171, 325, 89, '2023-01-10 13:34:38');
INSERT INTO `hold_seat` (`hold_id`, `show_id`, `seat_id`, `member_id`, `expires_at`) VALUES (42, 115, 553, 250, '2023-01-11 19:25:45');
INSERT INTO `hold_seat` (`hold_id`, `show_id`, `seat_id`, `member_id`, `expires_at`) VALUES (43, 78, 125, 236, '2023-01-02 14:43:46');
INSERT INTO `hold_seat` (`hold_id`, `show_id`, `seat_id`, `member_id`, `expires_at`) VALUES (44, 128, 149, 243, '2023-01-30 11:39:31');
INSERT INTO `hold_seat` (`hold_id`, `show_id`, `seat_id`, `member_id`, `expires_at`) VALUES (45, 40, 5, 249, '2023-02-17 19:53:04');
INSERT INTO `hold_seat` (`hold_id`, `show_id`, `seat_id`, `member_id`, `expires_at`) VALUES (46, 130, 340, 166, '2023-02-15 10:45:39');
INSERT INTO `hold_seat` (`hold_id`, `show_id`, `seat_id`, `member_id`, `expires_at`) VALUES (47, 122, 297, 249, '2023-03-02 20:53:19');
INSERT INTO `hold_seat` (`hold_id`, `show_id`, `seat_id`, `member_id`, `expires_at`) VALUES (48, 171, 151, 205, '2023-02-06 16:05:47');
INSERT INTO `hold_seat` (`hold_id`, `show_id`, `seat_id`, `member_id`, `expires_at`) VALUES (49, 87, 116, 188, '2023-01-31 01:27:33');
INSERT INTO `hold_seat` (`hold_id`, `show_id`, `seat_id`, `member_id`, `expires_at`) VALUES (50, 36, 565, 30, '2023-01-20 00:54:10');
INSERT INTO `hold_seat` (`hold_id`, `show_id`, `seat_id`, `member_id`, `expires_at`) VALUES (51, 103, 226, 115, '2023-01-23 03:22:01');
INSERT INTO `hold_seat` (`hold_id`, `show_id`, `seat_id`, `member_id`, `expires_at`) VALUES (52, 84, 57, 156, '2023-02-11 07:06:18');
INSERT INTO `hold_seat` (`hold_id`, `show_id`, `seat_id`, `member_id`, `expires_at`) VALUES (53, 150, 540, 57, '2023-02-20 10:07:08');
INSERT INTO `hold_seat` (`hold_id`, `show_id`, `seat_id`, `member_id`, `expires_at`) VALUES (54, 51, 24, 22, '2023-02-04 16:13:07');
INSERT INTO `hold_seat` (`hold_id`, `show_id`, `seat_id`, `member_id`, `expires_at`) VALUES (55, 174, 90, 250, '2023-02-02 14:21:37');
INSERT INTO `hold_seat` (`hold_id`, `show_id`, `seat_id`, `member_id`, `expires_at`) VALUES (56, 50, 503, 82, '2023-02-08 22:01:48');
INSERT INTO `hold_seat` (`hold_id`, `show_id`, `seat_id`, `member_id`, `expires_at`) VALUES (57, 131, 58, 233, '2023-02-12 13:08:45');
INSERT INTO `hold_seat` (`hold_id`, `show_id`, `seat_id`, `member_id`, `expires_at`) VALUES (58, 102, 152, 184, '2023-02-24 15:34:11');
INSERT INTO `hold_seat` (`hold_id`, `show_id`, `seat_id`, `member_id`, `expires_at`) VALUES (59, 95, 396, 96, '2023-01-01 10:21:49');
INSERT INTO `hold_seat` (`hold_id`, `show_id`, `seat_id`, `member_id`, `expires_at`) VALUES (60, 89, 360, 79, '2023-01-29 20:25:35');
-- booking
INSERT INTO `booking` (`booking_id`, `member_id`, `show_id`, `status`, `total_amount`, `created_at`, `updated_at`) VALUES (1, 23, 56, 'CANCELLED', 68224, '2023-07-09 15:07:54', '2023-04-24 10:30:31');
INSERT INTO `booking` (`booking_id`, `member_id`, `show_id`, `status`, `total_amount`, `created_at`, `updated_at`) VALUES (2, 42, 187, 'CONFIRMED', 64289, '2023-02-05 21:22:42', '2023-06-03 03:08:02');
INSERT INTO `booking` (`booking_id`, `member_id`, `show_id`, `status`, `total_amount`, `created_at`, `updated_at`) VALUES (3, 37, 54, 'CONFIRMED', 72208, '2023-05-15 12:12:43', '2023-01-17 21:30:21');
INSERT INTO `booking` (`booking_id`, `member_id`, `show_id`, `status`, `total_amount`, `created_at`, `updated_at`) VALUES (4, 194, 97, 'PENDING', 10867, '2023-04-15 23:15:29', '2023-03-11 15:05:31');
INSERT INTO `booking` (`booking_id`, `member_id`, `show_id`, `status`, `total_amount`, `created_at`, `updated_at`) VALUES (5, 45, 143, 'CONFIRMED', 27947, '2023-02-21 06:46:20', '2023-04-08 10:32:20');
INSERT INTO `booking` (`booking_id`, `member_id`, `show_id`, `status`, `total_amount`, `created_at`, `updated_at`) VALUES (6, 142, 126, 'PENDING', 49582, '2023-05-30 11:03:54', '2023-05-07 20:21:46');
INSERT INTO `booking` (`booking_id`, `member_id`, `show_id`, `status`, `total_amount`, `created_at`, `updated_at`) VALUES (7, 190, 119, 'PENDING', 13517, '2023-01-01 05:36:28', '2023-03-09 10:55:43');
INSERT INTO `booking` (`booking_id`, `member_id`, `show_id`, `status`, `total_amount`, `created_at`, `updated_at`) VALUES (8, 245, 164, 'CANCELLED', 71936, '2023-02-01 23:48:16', '2023-06-20 10:28:27');
INSERT INTO `booking` (`booking_id`, `member_id`, `show_id`, `status`, `total_amount`, `created_at`, `updated_at`) VALUES (9, 107, 46, 'CONFIRMED', 42079, '2023-01-08 04:20:44', '2023-07-15 10:05:35');
INSERT INTO `booking` (`booking_id`, `member_id`, `show_id`, `status`, `total_amount`, `created_at`, `updated_at`) VALUES (10, 127, 18, 'CANCELLED', 57416, '2023-05-29 17:29:38', '2023-05-25 15:52:36');
INSERT INTO `booking` (`booking_id`, `member_id`, `show_id`, `status`, `total_amount`, `created_at`, `updated_at`) VALUES (11, 223, 67, 'CANCELLED', 72395, '2023-06-27 04:21:14', '2023-04-06 18:39:37');
INSERT INTO `booking` (`booking_id`, `member_id`, `show_id`, `status`, `total_amount`, `created_at`, `updated_at`) VALUES (12, 188, 148, 'PENDING', 44018, '2023-02-11 21:10:38', '2023-01-15 05:19:14');
INSERT INTO `booking` (`booking_id`, `member_id`, `show_id`, `status`, `total_amount`, `created_at`, `updated_at`) VALUES (13, 82, 119, 'CANCELLED', 27759, '2023-04-02 05:56:45', '2023-01-14 09:55:39');
INSERT INTO `booking` (`booking_id`, `member_id`, `show_id`, `status`, `total_amount`, `created_at`, `updated_at`) VALUES (14, 93, 108, 'CANCELLED', 56659, '2023-01-13 10:33:12', '2023-03-16 19:16:57');
INSERT INTO `booking` (`booking_id`, `member_id`, `show_id`, `status`, `total_amount`, `created_at`, `updated_at`) VALUES (15, 164, 20, 'CANCELLED', 35403, '2023-07-16 22:51:57', '2023-02-16 03:26:27');
INSERT INTO `booking` (`booking_id`, `member_id`, `show_id`, `status`, `total_amount`, `created_at`, `updated_at`) VALUES (16, 154, 193, 'PENDING', 52284, '2023-03-22 10:57:42', '2023-03-11 13:11:56');
INSERT INTO `booking` (`booking_id`, `member_id`, `show_id`, `status`, `total_amount`, `created_at`, `updated_at`) VALUES (17, 25, 137, 'CANCELLED', 56088, '2023-02-06 00:28:10', '2023-02-05 18:51:57');
INSERT INTO `booking` (`booking_id`, `member_id`, `show_id`, `status`, `total_amount`, `created_at`, `updated_at`) VALUES (18, 73, 96, 'CONFIRMED', 64000, '2023-03-29 05:56:08', '2023-01-27 07:55:57');
INSERT INTO `booking` (`booking_id`, `member_id`, `show_id`, `status`, `total_amount`, `created_at`, `updated_at`) VALUES (19, 40, 129, 'PENDING', 34696, '2023-05-24 22:20:03', '2023-06-26 19:08:18');
INSERT INTO `booking` (`booking_id`, `member_id`, `show_id`, `status`, `total_amount`, `created_at`, `updated_at`) VALUES (20, 217, 137, 'CANCELLED', 24937, '2023-04-17 16:45:57', '2023-01-20 04:14:38');
INSERT INTO `booking` (`booking_id`, `member_id`, `show_id`, `status`, `total_amount`, `created_at`, `updated_at`) VALUES (21, 210, 34, 'PENDING', 72851, '2023-03-31 11:20:38', '2023-06-26 13:12:02');
INSERT INTO `booking` (`booking_id`, `member_id`, `show_id`, `status`, `total_amount`, `created_at`, `updated_at`) VALUES (22, 36, 114, 'CANCELLED', 78566, '2023-07-15 12:27:12', '2023-02-14 11:05:35');
INSERT INTO `booking` (`booking_id`, `member_id`, `show_id`, `status`, `total_amount`, `created_at`, `updated_at`) VALUES (23, 8, 191, 'PENDING', 39144, '2023-02-02 05:10:59', '2023-06-26 08:14:57');
INSERT INTO `booking` (`booking_id`, `member_id`, `show_id`, `status`, `total_amount`, `created_at`, `updated_at`) VALUES (24, 79, 33, 'PENDING', 27067, '2023-01-21 15:28:00', '2023-06-26 04:04:03');
INSERT INTO `booking` (`booking_id`, `member_id`, `show_id`, `status`, `total_amount`, `created_at`, `updated_at`) VALUES (25, 20, 5, 'CONFIRMED', 66524, '2023-01-11 07:08:56', '2023-01-28 01:11:38');
INSERT INTO `booking` (`booking_id`, `member_id`, `show_id`, `status`, `total_amount`, `created_at`, `updated_at`) VALUES (26, 204, 169, 'CANCELLED', 17768, '2023-05-01 04:19:47', '2023-03-06 01:34:32');
INSERT INTO `booking` (`booking_id`, `member_id`, `show_id`, `status`, `total_amount`, `created_at`, `updated_at`) VALUES (27, 17, 78, 'CANCELLED', 11346, '2023-07-13 03:30:48', '2023-07-20 04:30:25');
INSERT INTO `booking` (`booking_id`, `member_id`, `show_id`, `status`, `total_amount`, `created_at`, `updated_at`) VALUES (28, 236, 155, 'PENDING', 36217, '2023-02-17 12:47:56', '2023-01-08 03:18:18');
INSERT INTO `booking` (`booking_id`, `member_id`, `show_id`, `status`, `total_amount`, `created_at`, `updated_at`) VALUES (29, 38, 192, 'CONFIRMED', 55591, '2023-04-01 05:50:44', '2023-05-09 22:19:01');
INSERT INTO `booking` (`booking_id`, `member_id`, `show_id`, `status`, `total_amount`, `created_at`, `updated_at`) VALUES (30, 62, 130, 'CANCELLED', 18957, '2023-01-26 21:02:57', '2023-07-15 00:30:32');
INSERT INTO `booking` (`booking_id`, `member_id`, `show_id`, `status`, `total_amount`, `created_at`, `updated_at`) VALUES (31, 136, 56, 'CANCELLED', 35106, '2023-03-14 06:15:14', '2023-07-13 19:33:22');
INSERT INTO `booking` (`booking_id`, `member_id`, `show_id`, `status`, `total_amount`, `created_at`, `updated_at`) VALUES (32, 2, 186, 'PENDING', 38051, '2023-05-10 17:17:01', '2023-04-04 21:27:31');
INSERT INTO `booking` (`booking_id`, `member_id`, `show_id`, `status`, `total_amount`, `created_at`, `updated_at`) VALUES (33, 48, 113, 'CANCELLED', 24067, '2023-02-16 12:55:07', '2023-04-08 15:26:26');
INSERT INTO `booking` (`booking_id`, `member_id`, `show_id`, `status`, `total_amount`, `created_at`, `updated_at`) VALUES (34, 55, 132, 'PENDING', 63422, '2023-01-29 11:26:33', '2023-02-01 16:57:46');
INSERT INTO `booking` (`booking_id`, `member_id`, `show_id`, `status`, `total_amount`, `created_at`, `updated_at`) VALUES (35, 29, 134, 'PENDING', 74987, '2023-07-15 13:09:09', '2023-06-30 10:29:44');
INSERT INTO `booking` (`booking_id`, `member_id`, `show_id`, `status`, `total_amount`, `created_at`, `updated_at`) VALUES (36, 143, 185, 'PENDING', 20780, '2023-03-25 17:58:31', '2023-01-30 14:00:34');
INSERT INTO `booking` (`booking_id`, `member_id`, `show_id`, `status`, `total_amount`, `created_at`, `updated_at`) VALUES (37, 73, 117, 'CANCELLED', 50895, '2023-06-25 16:09:50', '2023-02-27 20:10:02');
INSERT INTO `booking` (`booking_id`, `member_id`, `show_id`, `status`, `total_amount`, `created_at`, `updated_at`) VALUES (38, 105, 75, 'CONFIRMED', 34744, '2023-01-18 17:19:07', '2023-06-23 13:22:41');
INSERT INTO `booking` (`booking_id`, `member_id`, `show_id`, `status`, `total_amount`, `created_at`, `updated_at`) VALUES (39, 46, 4, 'CANCELLED', 74441, '2023-06-22 03:49:45', '2023-04-12 15:56:57');
INSERT INTO `booking` (`booking_id`, `member_id`, `show_id`, `status`, `total_amount`, `created_at`, `updated_at`) VALUES (40, 134, 169, 'CANCELLED', 21141, '2023-01-31 05:13:11', '2023-04-12 14:35:10');
INSERT INTO `booking` (`booking_id`, `member_id`, `show_id`, `status`, `total_amount`, `created_at`, `updated_at`) VALUES (41, 178, 152, 'PENDING', 32114, '2023-01-17 13:14:32', '2023-02-20 12:19:45');
INSERT INTO `booking` (`booking_id`, `member_id`, `show_id`, `status`, `total_amount`, `created_at`, `updated_at`) VALUES (42, 52, 153, 'CONFIRMED', 26090, '2023-03-01 15:27:46', '2023-07-05 18:10:19');
INSERT INTO `booking` (`booking_id`, `member_id`, `show_id`, `status`, `total_amount`, `created_at`, `updated_at`) VALUES (43, 72, 196, 'CANCELLED', 45779, '2023-07-13 23:26:28', '2023-04-13 12:57:54');
INSERT INTO `booking` (`booking_id`, `member_id`, `show_id`, `status`, `total_amount`, `created_at`, `updated_at`) VALUES (44, 122, 171, 'CANCELLED', 63011, '2023-05-05 18:37:12', '2023-03-13 05:21:56');
INSERT INTO `booking` (`booking_id`, `member_id`, `show_id`, `status`, `total_amount`, `created_at`, `updated_at`) VALUES (45, 197, 117, 'PENDING', 26015, '2023-03-06 17:48:58', '2023-05-08 08:24:14');
INSERT INTO `booking` (`booking_id`, `member_id`, `show_id`, `status`, `total_amount`, `created_at`, `updated_at`) VALUES (46, 161, 35, 'PENDING', 23055, '2023-07-08 01:55:27', '2023-01-18 18:08:11');
INSERT INTO `booking` (`booking_id`, `member_id`, `show_id`, `status`, `total_amount`, `created_at`, `updated_at`) VALUES (47, 174, 7, 'PENDING', 60152, '2023-06-04 11:54:14', '2023-02-09 11:01:22');
INSERT INTO `booking` (`booking_id`, `member_id`, `show_id`, `status`, `total_amount`, `created_at`, `updated_at`) VALUES (48, 160, 160, 'PENDING', 20029, '2023-06-19 18:55:50', '2023-07-16 17:55:12');
INSERT INTO `booking` (`booking_id`, `member_id`, `show_id`, `status`, `total_amount`, `created_at`, `updated_at`) VALUES (49, 203, 120, 'PENDING', 48477, '2023-06-19 18:07:40', '2023-05-06 18:22:44');
INSERT INTO `booking` (`booking_id`, `member_id`, `show_id`, `status`, `total_amount`, `created_at`, `updated_at`) VALUES (50, 67, 139, 'CONFIRMED', 12316, '2023-07-15 01:09:01', '2023-04-21 04:20:15');
INSERT INTO `booking` (`booking_id`, `member_id`, `show_id`, `status`, `total_amount`, `created_at`, `updated_at`) VALUES (51, 99, 116, 'CONFIRMED', 59327, '2023-04-24 16:44:08', '2023-01-10 01:11:46');
INSERT INTO `booking` (`booking_id`, `member_id`, `show_id`, `status`, `total_amount`, `created_at`, `updated_at`) VALUES (52, 46, 143, 'CANCELLED', 49720, '2023-06-30 05:58:34', '2023-05-06 15:40:50');
INSERT INTO `booking` (`booking_id`, `member_id`, `show_id`, `status`, `total_amount`, `created_at`, `updated_at`) VALUES (53, 35, 80, 'CANCELLED', 60997, '2023-05-05 03:58:56', '2023-05-26 17:51:37');
INSERT INTO `booking` (`booking_id`, `member_id`, `show_id`, `status`, `total_amount`, `created_at`, `updated_at`) VALUES (54, 169, 142, 'CANCELLED', 71580, '2023-05-02 20:28:15', '2023-02-10 18:26:52');
INSERT INTO `booking` (`booking_id`, `member_id`, `show_id`, `status`, `total_amount`, `created_at`, `updated_at`) VALUES (55, 15, 101, 'CONFIRMED', 74840, '2023-06-01 13:45:18', '2023-06-07 12:50:37');
INSERT INTO `booking` (`booking_id`, `member_id`, `show_id`, `status`, `total_amount`, `created_at`, `updated_at`) VALUES (56, 197, 73, 'CONFIRMED', 18050, '2023-01-08 21:29:53', '2023-01-12 04:40:03');
INSERT INTO `booking` (`booking_id`, `member_id`, `show_id`, `status`, `total_amount`, `created_at`, `updated_at`) VALUES (57, 215, 94, 'CONFIRMED', 13525, '2023-07-15 22:45:40', '2023-03-29 13:51:22');
INSERT INTO `booking` (`booking_id`, `member_id`, `show_id`, `status`, `total_amount`, `created_at`, `updated_at`) VALUES (58, 25, 110, 'CONFIRMED', 56840, '2023-04-16 12:47:21', '2023-01-15 08:53:31');
INSERT INTO `booking` (`booking_id`, `member_id`, `show_id`, `status`, `total_amount`, `created_at`, `updated_at`) VALUES (59, 64, 61, 'CANCELLED', 50907, '2023-06-01 03:05:33', '2023-06-26 02:23:05');
INSERT INTO `booking` (`booking_id`, `member_id`, `show_id`, `status`, `total_amount`, `created_at`, `updated_at`) VALUES (60, 223, 79, 'PENDING', 54249, '2023-02-13 00:43:03', '2023-05-18 11:52:24');
INSERT INTO `booking` (`booking_id`, `member_id`, `show_id`, `status`, `total_amount`, `created_at`, `updated_at`) VALUES (61, 10, 118, 'CANCELLED', 65374, '2023-05-26 18:44:30', '2023-04-18 09:42:26');
INSERT INTO `booking` (`booking_id`, `member_id`, `show_id`, `status`, `total_amount`, `created_at`, `updated_at`) VALUES (62, 6, 179, 'CONFIRMED', 12914, '2023-03-23 13:45:10', '2023-05-27 14:12:37');
INSERT INTO `booking` (`booking_id`, `member_id`, `show_id`, `status`, `total_amount`, `created_at`, `updated_at`) VALUES (63, 83, 147, 'PENDING', 74010, '2023-01-26 07:29:48', '2023-03-28 18:05:07');
INSERT INTO `booking` (`booking_id`, `member_id`, `show_id`, `status`, `total_amount`, `created_at`, `updated_at`) VALUES (64, 129, 196, 'CANCELLED', 54504, '2023-02-12 22:23:06', '2023-03-18 13:13:42');
INSERT INTO `booking` (`booking_id`, `member_id`, `show_id`, `status`, `total_amount`, `created_at`, `updated_at`) VALUES (65, 249, 112, 'PENDING', 75136, '2023-06-12 02:44:32', '2023-05-18 07:47:39');
INSERT INTO `booking` (`booking_id`, `member_id`, `show_id`, `status`, `total_amount`, `created_at`, `updated_at`) VALUES (66, 74, 68, 'PENDING', 48970, '2023-05-27 14:38:14', '2023-02-27 22:44:23');
INSERT INTO `booking` (`booking_id`, `member_id`, `show_id`, `status`, `total_amount`, `created_at`, `updated_at`) VALUES (67, 191, 24, 'CANCELLED', 22416, '2023-06-01 12:15:50', '2023-03-11 02:26:57');
INSERT INTO `booking` (`booking_id`, `member_id`, `show_id`, `status`, `total_amount`, `created_at`, `updated_at`) VALUES (68, 146, 136, 'CONFIRMED', 65981, '2023-02-23 12:38:43', '2023-01-20 23:43:18');
INSERT INTO `booking` (`booking_id`, `member_id`, `show_id`, `status`, `total_amount`, `created_at`, `updated_at`) VALUES (69, 211, 78, 'CANCELLED', 49309, '2023-04-21 19:39:32', '2023-03-22 07:17:04');
INSERT INTO `booking` (`booking_id`, `member_id`, `show_id`, `status`, `total_amount`, `created_at`, `updated_at`) VALUES (70, 107, 103, 'CONFIRMED', 77550, '2023-04-27 19:56:10', '2023-02-16 00:40:38');
INSERT INTO `booking` (`booking_id`, `member_id`, `show_id`, `status`, `total_amount`, `created_at`, `updated_at`) VALUES (71, 161, 181, 'CANCELLED', 34450, '2023-05-28 18:10:31', '2023-02-24 17:00:49');
INSERT INTO `booking` (`booking_id`, `member_id`, `show_id`, `status`, `total_amount`, `created_at`, `updated_at`) VALUES (72, 69, 164, 'CANCELLED', 66849, '2023-05-25 22:49:10', '2023-01-16 19:00:54');
INSERT INTO `booking` (`booking_id`, `member_id`, `show_id`, `status`, `total_amount`, `created_at`, `updated_at`) VALUES (73, 52, 94, 'CONFIRMED', 29365, '2023-03-03 05:28:42', '2023-07-11 10:55:57');
INSERT INTO `booking` (`booking_id`, `member_id`, `show_id`, `status`, `total_amount`, `created_at`, `updated_at`) VALUES (74, 217, 112, 'CONFIRMED', 51766, '2023-01-17 23:04:50', '2023-02-22 15:00:59');
INSERT INTO `booking` (`booking_id`, `member_id`, `show_id`, `status`, `total_amount`, `created_at`, `updated_at`) VALUES (75, 69, 74, 'CANCELLED', 31048, '2023-03-07 21:53:24', '2023-03-02 14:46:37');
INSERT INTO `booking` (`booking_id`, `member_id`, `show_id`, `status`, `total_amount`, `created_at`, `updated_at`) VALUES (76, 62, 30, 'PENDING', 35154, '2023-01-08 08:56:29', '2023-03-21 16:53:58');
INSERT INTO `booking` (`booking_id`, `member_id`, `show_id`, `status`, `total_amount`, `created_at`, `updated_at`) VALUES (77, 125, 144, 'CONFIRMED', 65314, '2023-06-15 01:20:50', '2023-02-21 05:48:07');
INSERT INTO `booking` (`booking_id`, `member_id`, `show_id`, `status`, `total_amount`, `created_at`, `updated_at`) VALUES (78, 70, 35, 'PENDING', 43868, '2023-03-13 23:58:53', '2023-05-21 06:24:26');
INSERT INTO `booking` (`booking_id`, `member_id`, `show_id`, `status`, `total_amount`, `created_at`, `updated_at`) VALUES (79, 165, 11, 'CANCELLED', 73680, '2023-07-20 00:43:29', '2023-01-15 03:03:20');
INSERT INTO `booking` (`booking_id`, `member_id`, `show_id`, `status`, `total_amount`, `created_at`, `updated_at`) VALUES (80, 81, 155, 'CONFIRMED', 18333, '2023-04-15 13:13:56', '2023-06-21 23:56:10');
INSERT INTO `booking` (`booking_id`, `member_id`, `show_id`, `status`, `total_amount`, `created_at`, `updated_at`) VALUES (81, 227, 24, 'CONFIRMED', 28423, '2023-03-02 04:04:31', '2023-05-27 18:12:48');
INSERT INTO `booking` (`booking_id`, `member_id`, `show_id`, `status`, `total_amount`, `created_at`, `updated_at`) VALUES (82, 239, 31, 'CANCELLED', 78846, '2023-03-06 18:04:30', '2023-01-24 08:40:05');
INSERT INTO `booking` (`booking_id`, `member_id`, `show_id`, `status`, `total_amount`, `created_at`, `updated_at`) VALUES (83, 154, 32, 'CONFIRMED', 53160, '2023-05-30 14:11:51', '2023-07-11 08:35:24');
INSERT INTO `booking` (`booking_id`, `member_id`, `show_id`, `status`, `total_amount`, `created_at`, `updated_at`) VALUES (84, 240, 109, 'PENDING', 28910, '2023-01-28 06:22:37', '2023-02-24 09:59:45');
INSERT INTO `booking` (`booking_id`, `member_id`, `show_id`, `status`, `total_amount`, `created_at`, `updated_at`) VALUES (85, 113, 105, 'CONFIRMED', 17330, '2023-05-06 19:25:22', '2023-04-06 04:06:46');
INSERT INTO `booking` (`booking_id`, `member_id`, `show_id`, `status`, `total_amount`, `created_at`, `updated_at`) VALUES (86, 82, 140, 'CONFIRMED', 72240, '2023-06-24 08:58:09', '2023-03-13 05:16:33');
INSERT INTO `booking` (`booking_id`, `member_id`, `show_id`, `status`, `total_amount`, `created_at`, `updated_at`) VALUES (87, 93, 122, 'CANCELLED', 58200, '2023-03-20 00:46:02', '2023-06-15 22:03:25');
INSERT INTO `booking` (`booking_id`, `member_id`, `show_id`, `status`, `total_amount`, `created_at`, `updated_at`) VALUES (88, 9, 190, 'CANCELLED', 17166, '2023-06-26 08:43:34', '2023-03-06 20:07:27');
INSERT INTO `booking` (`booking_id`, `member_id`, `show_id`, `status`, `total_amount`, `created_at`, `updated_at`) VALUES (89, 99, 80, 'CANCELLED', 57560, '2023-06-25 04:26:37', '2023-05-17 08:36:23');
INSERT INTO `booking` (`booking_id`, `member_id`, `show_id`, `status`, `total_amount`, `created_at`, `updated_at`) VALUES (90, 220, 114, 'CONFIRMED', 11031, '2023-04-11 09:18:13', '2023-03-19 03:17:09');
INSERT INTO `booking` (`booking_id`, `member_id`, `show_id`, `status`, `total_amount`, `created_at`, `updated_at`) VALUES (91, 240, 194, 'PENDING', 48983, '2023-02-23 05:50:01', '2023-04-23 22:59:12');
INSERT INTO `booking` (`booking_id`, `member_id`, `show_id`, `status`, `total_amount`, `created_at`, `updated_at`) VALUES (92, 82, 197, 'CANCELLED', 63253, '2023-01-09 09:58:38', '2023-01-21 17:54:07');
INSERT INTO `booking` (`booking_id`, `member_id`, `show_id`, `status`, `total_amount`, `created_at`, `updated_at`) VALUES (93, 121, 189, 'CONFIRMED', 53610, '2023-07-03 15:22:40', '2023-01-26 05:50:16');
INSERT INTO `booking` (`booking_id`, `member_id`, `show_id`, `status`, `total_amount`, `created_at`, `updated_at`) VALUES (94, 179, 67, 'CANCELLED', 18698, '2023-04-01 15:19:24', '2023-06-04 19:56:31');
INSERT INTO `booking` (`booking_id`, `member_id`, `show_id`, `status`, `total_amount`, `created_at`, `updated_at`) VALUES (95, 189, 84, 'CONFIRMED', 13584, '2023-07-15 01:53:48', '2023-06-14 23:21:34');
INSERT INTO `booking` (`booking_id`, `member_id`, `show_id`, `status`, `total_amount`, `created_at`, `updated_at`) VALUES (96, 48, 162, 'CONFIRMED', 27837, '2023-01-01 14:35:15', '2023-02-21 22:52:32');
INSERT INTO `booking` (`booking_id`, `member_id`, `show_id`, `status`, `total_amount`, `created_at`, `updated_at`) VALUES (97, 79, 81, 'CANCELLED', 20778, '2023-01-29 05:44:46', '2023-03-05 18:48:01');
INSERT INTO `booking` (`booking_id`, `member_id`, `show_id`, `status`, `total_amount`, `created_at`, `updated_at`) VALUES (98, 183, 197, 'CANCELLED', 27051, '2023-06-02 14:56:20', '2023-03-23 16:26:17');
INSERT INTO `booking` (`booking_id`, `member_id`, `show_id`, `status`, `total_amount`, `created_at`, `updated_at`) VALUES (99, 123, 189, 'PENDING', 44167, '2023-02-14 21:35:28', '2023-03-25 10:15:35');
INSERT INTO `booking` (`booking_id`, `member_id`, `show_id`, `status`, `total_amount`, `created_at`, `updated_at`) VALUES (100, 51, 22, 'CONFIRMED', 58182, '2023-02-16 14:19:36', '2023-04-07 20:46:02');
INSERT INTO `booking` (`booking_id`, `member_id`, `show_id`, `status`, `total_amount`, `created_at`, `updated_at`) VALUES (101, 58, 6, 'PENDING', 39977, '2023-01-23 16:50:10', '2023-02-20 09:31:52');
INSERT INTO `booking` (`booking_id`, `member_id`, `show_id`, `status`, `total_amount`, `created_at`, `updated_at`) VALUES (102, 180, 44, 'PENDING', 62564, '2023-06-08 15:36:57', '2023-06-03 09:28:19');
INSERT INTO `booking` (`booking_id`, `member_id`, `show_id`, `status`, `total_amount`, `created_at`, `updated_at`) VALUES (103, 39, 23, 'CONFIRMED', 32298, '2023-05-26 04:16:21', '2023-01-04 19:08:42');
INSERT INTO `booking` (`booking_id`, `member_id`, `show_id`, `status`, `total_amount`, `created_at`, `updated_at`) VALUES (104, 112, 198, 'CONFIRMED', 74769, '2023-01-31 08:10:23', '2023-07-02 07:23:46');
INSERT INTO `booking` (`booking_id`, `member_id`, `show_id`, `status`, `total_amount`, `created_at`, `updated_at`) VALUES (105, 49, 69, 'CONFIRMED', 74771, '2023-04-08 04:44:25', '2023-04-21 07:31:20');
INSERT INTO `booking` (`booking_id`, `member_id`, `show_id`, `status`, `total_amount`, `created_at`, `updated_at`) VALUES (106, 154, 56, 'CONFIRMED', 34820, '2023-04-18 06:34:01', '2023-04-15 05:18:49');
INSERT INTO `booking` (`booking_id`, `member_id`, `show_id`, `status`, `total_amount`, `created_at`, `updated_at`) VALUES (107, 8, 75, 'CONFIRMED', 40865, '2023-06-08 16:25:10', '2023-03-05 13:27:29');
INSERT INTO `booking` (`booking_id`, `member_id`, `show_id`, `status`, `total_amount`, `created_at`, `updated_at`) VALUES (108, 150, 176, 'CANCELLED', 70052, '2023-01-22 00:22:32', '2023-05-01 04:50:59');
INSERT INTO `booking` (`booking_id`, `member_id`, `show_id`, `status`, `total_amount`, `created_at`, `updated_at`) VALUES (109, 224, 83, 'CANCELLED', 62108, '2023-06-25 07:43:35', '2023-07-02 13:57:45');
INSERT INTO `booking` (`booking_id`, `member_id`, `show_id`, `status`, `total_amount`, `created_at`, `updated_at`) VALUES (110, 182, 109, 'CANCELLED', 43584, '2023-01-19 03:28:08', '2023-05-23 02:08:20');
INSERT INTO `booking` (`booking_id`, `member_id`, `show_id`, `status`, `total_amount`, `created_at`, `updated_at`) VALUES (111, 14, 86, 'PENDING', 71726, '2023-04-01 22:04:38', '2023-06-21 21:46:51');
INSERT INTO `booking` (`booking_id`, `member_id`, `show_id`, `status`, `total_amount`, `created_at`, `updated_at`) VALUES (112, 182, 192, 'PENDING', 10702, '2023-03-06 18:22:11', '2023-06-08 13:52:10');
INSERT INTO `booking` (`booking_id`, `member_id`, `show_id`, `status`, `total_amount`, `created_at`, `updated_at`) VALUES (113, 78, 102, 'CANCELLED', 58614, '2023-02-03 20:22:22', '2023-01-11 21:08:05');
INSERT INTO `booking` (`booking_id`, `member_id`, `show_id`, `status`, `total_amount`, `created_at`, `updated_at`) VALUES (114, 46, 67, 'PENDING', 76027, '2023-05-07 12:20:56', '2023-04-30 04:48:10');
INSERT INTO `booking` (`booking_id`, `member_id`, `show_id`, `status`, `total_amount`, `created_at`, `updated_at`) VALUES (115, 23, 82, 'CANCELLED', 79523, '2023-04-21 05:09:45', '2023-03-08 04:15:14');
INSERT INTO `booking` (`booking_id`, `member_id`, `show_id`, `status`, `total_amount`, `created_at`, `updated_at`) VALUES (116, 81, 12, 'PENDING', 75432, '2023-03-13 13:07:43', '2023-04-21 10:18:03');
INSERT INTO `booking` (`booking_id`, `member_id`, `show_id`, `status`, `total_amount`, `created_at`, `updated_at`) VALUES (117, 232, 68, 'CANCELLED', 44571, '2023-05-13 11:23:46', '2023-04-22 06:00:24');
INSERT INTO `booking` (`booking_id`, `member_id`, `show_id`, `status`, `total_amount`, `created_at`, `updated_at`) VALUES (118, 81, 189, 'CONFIRMED', 29826, '2023-05-23 23:56:09', '2023-06-12 16:01:10');
INSERT INTO `booking` (`booking_id`, `member_id`, `show_id`, `status`, `total_amount`, `created_at`, `updated_at`) VALUES (119, 14, 49, 'PENDING', 17152, '2023-02-28 06:40:04', '2023-01-10 17:07:16');
INSERT INTO `booking` (`booking_id`, `member_id`, `show_id`, `status`, `total_amount`, `created_at`, `updated_at`) VALUES (120, 67, 42, 'CANCELLED', 71228, '2023-04-22 04:13:27', '2023-05-07 01:29:06');
INSERT INTO `booking` (`booking_id`, `member_id`, `show_id`, `status`, `total_amount`, `created_at`, `updated_at`) VALUES (121, 114, 92, 'CANCELLED', 73596, '2023-04-28 17:56:56', '2023-01-29 05:23:25');
INSERT INTO `booking` (`booking_id`, `member_id`, `show_id`, `status`, `total_amount`, `created_at`, `updated_at`) VALUES (122, 32, 90, 'PENDING', 36703, '2023-03-14 06:34:38', '2023-02-13 18:31:21');
INSERT INTO `booking` (`booking_id`, `member_id`, `show_id`, `status`, `total_amount`, `created_at`, `updated_at`) VALUES (123, 211, 70, 'CANCELLED', 37839, '2023-05-30 00:09:00', '2023-05-15 20:46:54');
INSERT INTO `booking` (`booking_id`, `member_id`, `show_id`, `status`, `total_amount`, `created_at`, `updated_at`) VALUES (124, 47, 107, 'PENDING', 42264, '2023-07-16 18:08:08', '2023-06-23 03:26:00');
INSERT INTO `booking` (`booking_id`, `member_id`, `show_id`, `status`, `total_amount`, `created_at`, `updated_at`) VALUES (125, 228, 85, 'PENDING', 47261, '2023-06-24 04:26:29', '2023-04-11 13:36:03');
INSERT INTO `booking` (`booking_id`, `member_id`, `show_id`, `status`, `total_amount`, `created_at`, `updated_at`) VALUES (126, 152, 28, 'CONFIRMED', 30155, '2023-01-08 02:57:05', '2023-04-28 17:28:15');
INSERT INTO `booking` (`booking_id`, `member_id`, `show_id`, `status`, `total_amount`, `created_at`, `updated_at`) VALUES (127, 117, 161, 'CONFIRMED', 10760, '2023-03-26 01:35:47', '2023-06-17 22:39:34');
INSERT INTO `booking` (`booking_id`, `member_id`, `show_id`, `status`, `total_amount`, `created_at`, `updated_at`) VALUES (128, 244, 116, 'CONFIRMED', 26950, '2023-02-24 01:46:20', '2023-06-14 10:18:07');
INSERT INTO `booking` (`booking_id`, `member_id`, `show_id`, `status`, `total_amount`, `created_at`, `updated_at`) VALUES (129, 83, 15, 'CANCELLED', 19269, '2023-05-21 21:55:43', '2023-04-08 03:22:10');
INSERT INTO `booking` (`booking_id`, `member_id`, `show_id`, `status`, `total_amount`, `created_at`, `updated_at`) VALUES (130, 103, 66, 'PENDING', 41467, '2023-07-17 14:31:26', '2023-01-23 00:44:48');
INSERT INTO `booking` (`booking_id`, `member_id`, `show_id`, `status`, `total_amount`, `created_at`, `updated_at`) VALUES (131, 219, 54, 'PENDING', 60921, '2023-07-19 14:39:02', '2023-03-14 23:33:45');
INSERT INTO `booking` (`booking_id`, `member_id`, `show_id`, `status`, `total_amount`, `created_at`, `updated_at`) VALUES (132, 193, 168, 'PENDING', 25807, '2023-03-18 17:52:16', '2023-04-21 11:17:25');
INSERT INTO `booking` (`booking_id`, `member_id`, `show_id`, `status`, `total_amount`, `created_at`, `updated_at`) VALUES (133, 232, 176, 'CANCELLED', 27208, '2023-04-02 03:29:57', '2023-04-05 18:39:54');
INSERT INTO `booking` (`booking_id`, `member_id`, `show_id`, `status`, `total_amount`, `created_at`, `updated_at`) VALUES (134, 52, 126, 'CONFIRMED', 60867, '2023-05-02 09:46:30', '2023-05-25 21:51:27');
INSERT INTO `booking` (`booking_id`, `member_id`, `show_id`, `status`, `total_amount`, `created_at`, `updated_at`) VALUES (135, 109, 24, 'CONFIRMED', 58265, '2023-06-07 06:47:06', '2023-04-22 22:57:45');
INSERT INTO `booking` (`booking_id`, `member_id`, `show_id`, `status`, `total_amount`, `created_at`, `updated_at`) VALUES (136, 110, 24, 'PENDING', 77284, '2023-03-29 16:52:35', '2023-06-23 08:09:50');
INSERT INTO `booking` (`booking_id`, `member_id`, `show_id`, `status`, `total_amount`, `created_at`, `updated_at`) VALUES (137, 166, 176, 'CANCELLED', 30325, '2023-05-07 19:11:51', '2023-06-11 23:33:53');
INSERT INTO `booking` (`booking_id`, `member_id`, `show_id`, `status`, `total_amount`, `created_at`, `updated_at`) VALUES (138, 135, 22, 'CONFIRMED', 71370, '2023-04-22 02:52:58', '2023-05-03 10:56:13');
INSERT INTO `booking` (`booking_id`, `member_id`, `show_id`, `status`, `total_amount`, `created_at`, `updated_at`) VALUES (139, 39, 33, 'CANCELLED', 49375, '2023-03-05 19:02:42', '2023-04-20 10:45:29');
INSERT INTO `booking` (`booking_id`, `member_id`, `show_id`, `status`, `total_amount`, `created_at`, `updated_at`) VALUES (140, 146, 13, 'CANCELLED', 20031, '2023-01-12 18:41:34', '2023-01-28 18:35:32');
INSERT INTO `booking` (`booking_id`, `member_id`, `show_id`, `status`, `total_amount`, `created_at`, `updated_at`) VALUES (141, 109, 106, 'PENDING', 70903, '2023-06-19 20:41:51', '2023-03-06 12:56:30');
INSERT INTO `booking` (`booking_id`, `member_id`, `show_id`, `status`, `total_amount`, `created_at`, `updated_at`) VALUES (142, 66, 150, 'PENDING', 75987, '2023-01-05 04:08:53', '2023-07-09 16:51:10');
INSERT INTO `booking` (`booking_id`, `member_id`, `show_id`, `status`, `total_amount`, `created_at`, `updated_at`) VALUES (143, 46, 47, 'CONFIRMED', 15932, '2023-01-22 15:09:18', '2023-06-30 10:50:13');
INSERT INTO `booking` (`booking_id`, `member_id`, `show_id`, `status`, `total_amount`, `created_at`, `updated_at`) VALUES (144, 81, 151, 'CANCELLED', 69637, '2023-07-13 16:22:55', '2023-06-09 09:39:03');
INSERT INTO `booking` (`booking_id`, `member_id`, `show_id`, `status`, `total_amount`, `created_at`, `updated_at`) VALUES (145, 88, 48, 'PENDING', 34259, '2023-01-21 21:59:34', '2023-03-08 03:52:16');
INSERT INTO `booking` (`booking_id`, `member_id`, `show_id`, `status`, `total_amount`, `created_at`, `updated_at`) VALUES (146, 112, 137, 'PENDING', 10766, '2023-04-12 04:14:53', '2023-01-04 06:15:09');
INSERT INTO `booking` (`booking_id`, `member_id`, `show_id`, `status`, `total_amount`, `created_at`, `updated_at`) VALUES (147, 168, 123, 'CONFIRMED', 63096, '2023-06-18 21:54:50', '2023-07-05 17:43:15');
INSERT INTO `booking` (`booking_id`, `member_id`, `show_id`, `status`, `total_amount`, `created_at`, `updated_at`) VALUES (148, 78, 159, 'CANCELLED', 57281, '2023-06-26 14:22:53', '2023-03-19 03:11:26');
INSERT INTO `booking` (`booking_id`, `member_id`, `show_id`, `status`, `total_amount`, `created_at`, `updated_at`) VALUES (149, 33, 35, 'PENDING', 35008, '2023-01-29 00:34:42', '2023-06-28 06:51:10');
INSERT INTO `booking` (`booking_id`, `member_id`, `show_id`, `status`, `total_amount`, `created_at`, `updated_at`) VALUES (150, 220, 7, 'PENDING', 73060, '2023-06-16 05:17:05', '2023-06-16 08:48:10');
INSERT INTO `booking` (`booking_id`, `member_id`, `show_id`, `status`, `total_amount`, `created_at`, `updated_at`) VALUES (151, 112, 161, 'CANCELLED', 35023, '2023-01-23 10:57:21', '2023-07-17 16:52:22');
INSERT INTO `booking` (`booking_id`, `member_id`, `show_id`, `status`, `total_amount`, `created_at`, `updated_at`) VALUES (152, 38, 122, 'CONFIRMED', 12859, '2023-01-30 06:02:51', '2023-02-09 16:12:41');
INSERT INTO `booking` (`booking_id`, `member_id`, `show_id`, `status`, `total_amount`, `created_at`, `updated_at`) VALUES (153, 247, 125, 'CONFIRMED', 12572, '2023-04-26 21:18:26', '2023-03-04 07:19:49');
INSERT INTO `booking` (`booking_id`, `member_id`, `show_id`, `status`, `total_amount`, `created_at`, `updated_at`) VALUES (154, 76, 146, 'CONFIRMED', 16674, '2023-03-27 00:17:12', '2023-01-27 22:57:09');
INSERT INTO `booking` (`booking_id`, `member_id`, `show_id`, `status`, `total_amount`, `created_at`, `updated_at`) VALUES (155, 217, 183, 'CONFIRMED', 64484, '2023-05-07 21:04:06', '2023-06-02 20:10:53');
INSERT INTO `booking` (`booking_id`, `member_id`, `show_id`, `status`, `total_amount`, `created_at`, `updated_at`) VALUES (156, 75, 10, 'CONFIRMED', 62386, '2023-05-05 18:41:26', '2023-06-01 22:15:49');
INSERT INTO `booking` (`booking_id`, `member_id`, `show_id`, `status`, `total_amount`, `created_at`, `updated_at`) VALUES (157, 240, 174, 'CONFIRMED', 40396, '2023-07-02 02:12:36', '2023-05-16 00:41:32');
INSERT INTO `booking` (`booking_id`, `member_id`, `show_id`, `status`, `total_amount`, `created_at`, `updated_at`) VALUES (158, 109, 148, 'CONFIRMED', 18324, '2023-03-10 23:36:14', '2023-04-17 17:14:01');
INSERT INTO `booking` (`booking_id`, `member_id`, `show_id`, `status`, `total_amount`, `created_at`, `updated_at`) VALUES (159, 30, 127, 'CANCELLED', 55451, '2023-04-25 15:52:57', '2023-01-06 05:52:26');
INSERT INTO `booking` (`booking_id`, `member_id`, `show_id`, `status`, `total_amount`, `created_at`, `updated_at`) VALUES (160, 74, 186, 'PENDING', 71504, '2023-03-30 15:57:04', '2023-03-01 18:28:56');
INSERT INTO `booking` (`booking_id`, `member_id`, `show_id`, `status`, `total_amount`, `created_at`, `updated_at`) VALUES (161, 57, 151, 'CANCELLED', 54453, '2023-06-04 23:55:08', '2023-04-30 04:46:31');
INSERT INTO `booking` (`booking_id`, `member_id`, `show_id`, `status`, `total_amount`, `created_at`, `updated_at`) VALUES (162, 227, 76, 'CANCELLED', 61166, '2023-04-17 23:45:24', '2023-07-08 13:06:59');
INSERT INTO `booking` (`booking_id`, `member_id`, `show_id`, `status`, `total_amount`, `created_at`, `updated_at`) VALUES (163, 204, 121, 'PENDING', 37159, '2023-03-14 03:08:17', '2023-06-20 17:34:53');
INSERT INTO `booking` (`booking_id`, `member_id`, `show_id`, `status`, `total_amount`, `created_at`, `updated_at`) VALUES (164, 34, 45, 'PENDING', 30488, '2023-06-05 17:55:11', '2023-01-26 15:08:43');
INSERT INTO `booking` (`booking_id`, `member_id`, `show_id`, `status`, `total_amount`, `created_at`, `updated_at`) VALUES (165, 242, 127, 'CONFIRMED', 40765, '2023-02-23 20:16:24', '2023-01-13 00:39:36');
INSERT INTO `booking` (`booking_id`, `member_id`, `show_id`, `status`, `total_amount`, `created_at`, `updated_at`) VALUES (166, 92, 67, 'CONFIRMED', 30788, '2023-02-14 18:19:51', '2023-01-09 02:19:04');
INSERT INTO `booking` (`booking_id`, `member_id`, `show_id`, `status`, `total_amount`, `created_at`, `updated_at`) VALUES (167, 87, 111, 'PENDING', 39712, '2023-01-31 20:27:40', '2023-02-27 17:42:28');
INSERT INTO `booking` (`booking_id`, `member_id`, `show_id`, `status`, `total_amount`, `created_at`, `updated_at`) VALUES (168, 67, 88, 'CONFIRMED', 16117, '2023-07-17 20:16:50', '2023-03-10 05:30:15');
INSERT INTO `booking` (`booking_id`, `member_id`, `show_id`, `status`, `total_amount`, `created_at`, `updated_at`) VALUES (169, 219, 177, 'CANCELLED', 23650, '2023-06-30 01:50:08', '2023-04-23 16:38:37');
INSERT INTO `booking` (`booking_id`, `member_id`, `show_id`, `status`, `total_amount`, `created_at`, `updated_at`) VALUES (170, 247, 194, 'PENDING', 23879, '2023-07-20 22:13:48', '2023-06-06 03:42:32');
INSERT INTO `booking` (`booking_id`, `member_id`, `show_id`, `status`, `total_amount`, `created_at`, `updated_at`) VALUES (171, 211, 144, 'PENDING', 76493, '2023-01-27 06:04:55', '2023-06-11 04:17:54');
INSERT INTO `booking` (`booking_id`, `member_id`, `show_id`, `status`, `total_amount`, `created_at`, `updated_at`) VALUES (172, 223, 53, 'CONFIRMED', 30582, '2023-07-06 10:38:09', '2023-07-01 16:04:30');
INSERT INTO `booking` (`booking_id`, `member_id`, `show_id`, `status`, `total_amount`, `created_at`, `updated_at`) VALUES (173, 196, 130, 'CONFIRMED', 23014, '2023-02-09 23:33:35', '2023-04-04 12:10:57');
INSERT INTO `booking` (`booking_id`, `member_id`, `show_id`, `status`, `total_amount`, `created_at`, `updated_at`) VALUES (174, 210, 36, 'PENDING', 36462, '2023-04-23 15:08:13', '2023-07-16 00:14:23');
INSERT INTO `booking` (`booking_id`, `member_id`, `show_id`, `status`, `total_amount`, `created_at`, `updated_at`) VALUES (175, 63, 122, 'CONFIRMED', 47585, '2023-05-10 06:14:07', '2023-01-22 09:41:07');
INSERT INTO `booking` (`booking_id`, `member_id`, `show_id`, `status`, `total_amount`, `created_at`, `updated_at`) VALUES (176, 96, 184, 'CONFIRMED', 57270, '2023-06-11 08:56:11', '2023-02-08 19:17:02');
INSERT INTO `booking` (`booking_id`, `member_id`, `show_id`, `status`, `total_amount`, `created_at`, `updated_at`) VALUES (177, 108, 59, 'PENDING', 66206, '2023-04-16 14:54:08', '2023-04-28 18:47:33');
INSERT INTO `booking` (`booking_id`, `member_id`, `show_id`, `status`, `total_amount`, `created_at`, `updated_at`) VALUES (178, 204, 175, 'CONFIRMED', 13901, '2023-04-24 05:18:02', '2023-07-17 00:21:43');
INSERT INTO `booking` (`booking_id`, `member_id`, `show_id`, `status`, `total_amount`, `created_at`, `updated_at`) VALUES (179, 184, 133, 'PENDING', 21112, '2023-03-28 11:27:42', '2023-04-13 05:58:58');
INSERT INTO `booking` (`booking_id`, `member_id`, `show_id`, `status`, `total_amount`, `created_at`, `updated_at`) VALUES (180, 112, 16, 'CONFIRMED', 14861, '2023-06-19 23:21:18', '2023-02-08 20:55:08');
INSERT INTO `booking` (`booking_id`, `member_id`, `show_id`, `status`, `total_amount`, `created_at`, `updated_at`) VALUES (181, 15, 162, 'CANCELLED', 78128, '2023-03-17 15:15:59', '2023-04-13 20:09:22');
INSERT INTO `booking` (`booking_id`, `member_id`, `show_id`, `status`, `total_amount`, `created_at`, `updated_at`) VALUES (182, 224, 78, 'CANCELLED', 51116, '2023-03-30 00:17:15', '2023-03-13 19:12:58');
INSERT INTO `booking` (`booking_id`, `member_id`, `show_id`, `status`, `total_amount`, `created_at`, `updated_at`) VALUES (183, 157, 38, 'CANCELLED', 62944, '2023-04-25 23:26:34', '2023-02-22 19:49:18');
INSERT INTO `booking` (`booking_id`, `member_id`, `show_id`, `status`, `total_amount`, `created_at`, `updated_at`) VALUES (184, 160, 159, 'CANCELLED', 67952, '2023-06-28 12:34:12', '2023-07-20 23:37:13');
INSERT INTO `booking` (`booking_id`, `member_id`, `show_id`, `status`, `total_amount`, `created_at`, `updated_at`) VALUES (185, 104, 199, 'PENDING', 49522, '2023-01-22 01:20:45', '2023-05-18 12:10:42');
INSERT INTO `booking` (`booking_id`, `member_id`, `show_id`, `status`, `total_amount`, `created_at`, `updated_at`) VALUES (186, 100, 186, 'CANCELLED', 26515, '2023-05-14 19:41:22', '2023-03-14 07:46:54');
INSERT INTO `booking` (`booking_id`, `member_id`, `show_id`, `status`, `total_amount`, `created_at`, `updated_at`) VALUES (187, 24, 131, 'CANCELLED', 50927, '2023-05-14 12:24:17', '2023-07-13 23:08:40');
INSERT INTO `booking` (`booking_id`, `member_id`, `show_id`, `status`, `total_amount`, `created_at`, `updated_at`) VALUES (188, 41, 6, 'PENDING', 43907, '2023-03-03 11:03:58', '2023-07-05 15:23:30');
INSERT INTO `booking` (`booking_id`, `member_id`, `show_id`, `status`, `total_amount`, `created_at`, `updated_at`) VALUES (189, 130, 29, 'CANCELLED', 17857, '2023-04-06 09:27:26', '2023-06-10 18:28:38');
INSERT INTO `booking` (`booking_id`, `member_id`, `show_id`, `status`, `total_amount`, `created_at`, `updated_at`) VALUES (190, 91, 32, 'PENDING', 26351, '2023-04-25 10:50:54', '2023-05-27 00:11:23');
INSERT INTO `booking` (`booking_id`, `member_id`, `show_id`, `status`, `total_amount`, `created_at`, `updated_at`) VALUES (191, 117, 87, 'PENDING', 79899, '2023-06-02 08:30:49', '2023-03-31 10:53:36');
INSERT INTO `booking` (`booking_id`, `member_id`, `show_id`, `status`, `total_amount`, `created_at`, `updated_at`) VALUES (192, 73, 171, 'CANCELLED', 28346, '2023-07-02 13:45:01', '2023-05-14 09:00:57');
INSERT INTO `booking` (`booking_id`, `member_id`, `show_id`, `status`, `total_amount`, `created_at`, `updated_at`) VALUES (193, 27, 84, 'CANCELLED', 35238, '2023-07-19 13:09:12', '2023-04-27 03:34:03');
INSERT INTO `booking` (`booking_id`, `member_id`, `show_id`, `status`, `total_amount`, `created_at`, `updated_at`) VALUES (194, 38, 183, 'CONFIRMED', 64008, '2023-01-21 03:21:31', '2023-01-16 15:28:10');
INSERT INTO `booking` (`booking_id`, `member_id`, `show_id`, `status`, `total_amount`, `created_at`, `updated_at`) VALUES (195, 228, 34, 'CONFIRMED', 38152, '2023-04-25 02:50:33', '2023-04-05 19:09:37');
INSERT INTO `booking` (`booking_id`, `member_id`, `show_id`, `status`, `total_amount`, `created_at`, `updated_at`) VALUES (196, 104, 151, 'CANCELLED', 78019, '2023-07-19 14:22:24', '2023-03-09 21:16:25');
INSERT INTO `booking` (`booking_id`, `member_id`, `show_id`, `status`, `total_amount`, `created_at`, `updated_at`) VALUES (197, 128, 163, 'CONFIRMED', 67682, '2023-06-26 17:49:25', '2023-07-07 15:10:46');
INSERT INTO `booking` (`booking_id`, `member_id`, `show_id`, `status`, `total_amount`, `created_at`, `updated_at`) VALUES (198, 211, 42, 'PENDING', 76294, '2023-02-02 17:38:59', '2023-07-02 16:39:53');
INSERT INTO `booking` (`booking_id`, `member_id`, `show_id`, `status`, `total_amount`, `created_at`, `updated_at`) VALUES (199, 34, 181, 'CANCELLED', 79355, '2023-01-31 07:44:31', '2023-04-27 17:14:03');
INSERT INTO `booking` (`booking_id`, `member_id`, `show_id`, `status`, `total_amount`, `created_at`, `updated_at`) VALUES (200, 9, 192, 'PENDING', 58409, '2023-01-31 21:54:12', '2023-04-15 04:01:01');
INSERT INTO `booking` (`booking_id`, `member_id`, `show_id`, `status`, `total_amount`, `created_at`, `updated_at`) VALUES (201, 31, 95, 'CANCELLED', 47957, '2023-01-11 19:02:01', '2023-02-09 04:17:12');
INSERT INTO `booking` (`booking_id`, `member_id`, `show_id`, `status`, `total_amount`, `created_at`, `updated_at`) VALUES (202, 96, 79, 'CONFIRMED', 49748, '2023-03-17 17:41:31', '2023-01-08 05:12:06');
INSERT INTO `booking` (`booking_id`, `member_id`, `show_id`, `status`, `total_amount`, `created_at`, `updated_at`) VALUES (203, 37, 151, 'CONFIRMED', 16376, '2023-03-20 10:19:16', '2023-02-25 06:39:56');
INSERT INTO `booking` (`booking_id`, `member_id`, `show_id`, `status`, `total_amount`, `created_at`, `updated_at`) VALUES (204, 210, 190, 'CONFIRMED', 10273, '2023-02-01 19:56:06', '2023-03-31 02:27:35');
INSERT INTO `booking` (`booking_id`, `member_id`, `show_id`, `status`, `total_amount`, `created_at`, `updated_at`) VALUES (205, 223, 12, 'CONFIRMED', 73068, '2023-05-27 11:16:33', '2023-05-25 16:28:13');
INSERT INTO `booking` (`booking_id`, `member_id`, `show_id`, `status`, `total_amount`, `created_at`, `updated_at`) VALUES (206, 231, 87, 'CONFIRMED', 72289, '2023-07-04 22:03:11', '2023-02-03 05:02:36');
INSERT INTO `booking` (`booking_id`, `member_id`, `show_id`, `status`, `total_amount`, `created_at`, `updated_at`) VALUES (207, 130, 163, 'CONFIRMED', 68973, '2023-06-20 16:21:01', '2023-02-08 11:50:26');
INSERT INTO `booking` (`booking_id`, `member_id`, `show_id`, `status`, `total_amount`, `created_at`, `updated_at`) VALUES (208, 23, 160, 'CANCELLED', 63690, '2023-04-10 08:28:36', '2023-04-12 12:20:33');
INSERT INTO `booking` (`booking_id`, `member_id`, `show_id`, `status`, `total_amount`, `created_at`, `updated_at`) VALUES (209, 139, 12, 'CANCELLED', 68077, '2023-07-08 10:05:56', '2023-06-15 03:13:23');
INSERT INTO `booking` (`booking_id`, `member_id`, `show_id`, `status`, `total_amount`, `created_at`, `updated_at`) VALUES (210, 222, 43, 'CANCELLED', 13251, '2023-05-27 22:56:29', '2023-07-17 11:14:41');
INSERT INTO `booking` (`booking_id`, `member_id`, `show_id`, `status`, `total_amount`, `created_at`, `updated_at`) VALUES (211, 144, 166, 'PENDING', 21161, '2023-02-19 22:31:34', '2023-05-19 21:00:09');
INSERT INTO `booking` (`booking_id`, `member_id`, `show_id`, `status`, `total_amount`, `created_at`, `updated_at`) VALUES (212, 194, 14, 'CANCELLED', 78387, '2023-02-18 17:19:28', '2023-05-09 00:40:46');
INSERT INTO `booking` (`booking_id`, `member_id`, `show_id`, `status`, `total_amount`, `created_at`, `updated_at`) VALUES (213, 31, 169, 'CANCELLED', 33559, '2023-01-05 10:00:39', '2023-02-22 08:55:50');
INSERT INTO `booking` (`booking_id`, `member_id`, `show_id`, `status`, `total_amount`, `created_at`, `updated_at`) VALUES (214, 213, 181, 'CANCELLED', 68226, '2023-01-22 19:25:32', '2023-06-05 11:39:59');
INSERT INTO `booking` (`booking_id`, `member_id`, `show_id`, `status`, `total_amount`, `created_at`, `updated_at`) VALUES (215, 103, 151, 'PENDING', 74418, '2023-01-06 12:22:38', '2023-04-22 06:34:19');
INSERT INTO `booking` (`booking_id`, `member_id`, `show_id`, `status`, `total_amount`, `created_at`, `updated_at`) VALUES (216, 107, 7, 'CANCELLED', 51599, '2023-04-08 09:21:48', '2023-01-24 04:10:26');
INSERT INTO `booking` (`booking_id`, `member_id`, `show_id`, `status`, `total_amount`, `created_at`, `updated_at`) VALUES (217, 26, 139, 'PENDING', 47401, '2023-02-06 06:39:02', '2023-03-07 03:15:47');
INSERT INTO `booking` (`booking_id`, `member_id`, `show_id`, `status`, `total_amount`, `created_at`, `updated_at`) VALUES (218, 40, 79, 'CONFIRMED', 32176, '2023-01-16 22:22:20', '2023-03-25 06:36:24');
INSERT INTO `booking` (`booking_id`, `member_id`, `show_id`, `status`, `total_amount`, `created_at`, `updated_at`) VALUES (219, 7, 183, 'PENDING', 49062, '2023-04-10 03:35:42', '2023-03-23 05:11:12');
INSERT INTO `booking` (`booking_id`, `member_id`, `show_id`, `status`, `total_amount`, `created_at`, `updated_at`) VALUES (220, 106, 83, 'CONFIRMED', 59219, '2023-01-31 01:53:19', '2023-02-21 08:43:27');
INSERT INTO `booking` (`booking_id`, `member_id`, `show_id`, `status`, `total_amount`, `created_at`, `updated_at`) VALUES (221, 193, 153, 'CANCELLED', 40997, '2023-05-07 18:31:06', '2023-07-12 18:21:55');
INSERT INTO `booking` (`booking_id`, `member_id`, `show_id`, `status`, `total_amount`, `created_at`, `updated_at`) VALUES (222, 99, 30, 'CONFIRMED', 17947, '2023-03-23 16:55:25', '2023-05-22 14:49:16');
INSERT INTO `booking` (`booking_id`, `member_id`, `show_id`, `status`, `total_amount`, `created_at`, `updated_at`) VALUES (223, 17, 124, 'PENDING', 63411, '2023-06-12 08:30:36', '2023-01-05 09:47:59');
INSERT INTO `booking` (`booking_id`, `member_id`, `show_id`, `status`, `total_amount`, `created_at`, `updated_at`) VALUES (224, 142, 151, 'CANCELLED', 23305, '2023-03-05 20:11:46', '2023-06-16 04:34:18');
INSERT INTO `booking` (`booking_id`, `member_id`, `show_id`, `status`, `total_amount`, `created_at`, `updated_at`) VALUES (225, 78, 146, 'CONFIRMED', 68455, '2023-01-22 23:08:55', '2023-05-09 07:24:27');
INSERT INTO `booking` (`booking_id`, `member_id`, `show_id`, `status`, `total_amount`, `created_at`, `updated_at`) VALUES (226, 201, 37, 'CONFIRMED', 32044, '2023-07-20 08:55:33', '2023-05-18 15:25:42');
INSERT INTO `booking` (`booking_id`, `member_id`, `show_id`, `status`, `total_amount`, `created_at`, `updated_at`) VALUES (227, 247, 143, 'CONFIRMED', 15477, '2023-01-01 16:55:02', '2023-06-08 10:31:52');
INSERT INTO `booking` (`booking_id`, `member_id`, `show_id`, `status`, `total_amount`, `created_at`, `updated_at`) VALUES (228, 168, 43, 'PENDING', 17887, '2023-05-04 09:57:02', '2023-06-03 09:08:04');
INSERT INTO `booking` (`booking_id`, `member_id`, `show_id`, `status`, `total_amount`, `created_at`, `updated_at`) VALUES (229, 215, 175, 'CONFIRMED', 56061, '2023-06-11 07:44:46', '2023-05-30 18:34:49');
INSERT INTO `booking` (`booking_id`, `member_id`, `show_id`, `status`, `total_amount`, `created_at`, `updated_at`) VALUES (230, 73, 12, 'PENDING', 19166, '2023-03-18 03:15:59', '2023-04-12 04:28:38');
INSERT INTO `booking` (`booking_id`, `member_id`, `show_id`, `status`, `total_amount`, `created_at`, `updated_at`) VALUES (231, 213, 36, 'CANCELLED', 46629, '2023-04-21 07:40:36', '2023-06-06 18:22:47');
INSERT INTO `booking` (`booking_id`, `member_id`, `show_id`, `status`, `total_amount`, `created_at`, `updated_at`) VALUES (232, 246, 82, 'CANCELLED', 54909, '2023-06-12 09:30:57', '2023-07-12 16:28:58');
INSERT INTO `booking` (`booking_id`, `member_id`, `show_id`, `status`, `total_amount`, `created_at`, `updated_at`) VALUES (233, 70, 63, 'CANCELLED', 52157, '2023-03-29 07:40:06', '2023-04-28 21:49:39');
INSERT INTO `booking` (`booking_id`, `member_id`, `show_id`, `status`, `total_amount`, `created_at`, `updated_at`) VALUES (234, 85, 5, 'CANCELLED', 27527, '2023-06-15 00:04:28', '2023-06-05 17:20:59');
INSERT INTO `booking` (`booking_id`, `member_id`, `show_id`, `status`, `total_amount`, `created_at`, `updated_at`) VALUES (235, 2, 3, 'CANCELLED', 32745, '2023-04-16 20:14:08', '2023-06-28 17:48:11');
INSERT INTO `booking` (`booking_id`, `member_id`, `show_id`, `status`, `total_amount`, `created_at`, `updated_at`) VALUES (236, 196, 101, 'CANCELLED', 20636, '2023-06-16 23:42:42', '2023-01-20 19:36:41');
INSERT INTO `booking` (`booking_id`, `member_id`, `show_id`, `status`, `total_amount`, `created_at`, `updated_at`) VALUES (237, 8, 172, 'CONFIRMED', 26176, '2023-04-01 13:42:12', '2023-06-03 13:01:59');
INSERT INTO `booking` (`booking_id`, `member_id`, `show_id`, `status`, `total_amount`, `created_at`, `updated_at`) VALUES (238, 100, 46, 'CANCELLED', 11105, '2023-02-01 16:50:46', '2023-04-05 07:01:35');
INSERT INTO `booking` (`booking_id`, `member_id`, `show_id`, `status`, `total_amount`, `created_at`, `updated_at`) VALUES (239, 114, 3, 'PENDING', 12592, '2023-07-14 10:14:08', '2023-06-24 13:01:40');
INSERT INTO `booking` (`booking_id`, `member_id`, `show_id`, `status`, `total_amount`, `created_at`, `updated_at`) VALUES (240, 50, 24, 'CANCELLED', 49738, '2023-07-03 08:03:06', '2023-03-01 17:58:44');
INSERT INTO `booking` (`booking_id`, `member_id`, `show_id`, `status`, `total_amount`, `created_at`, `updated_at`) VALUES (241, 248, 93, 'PENDING', 46799, '2023-05-07 22:03:53', '2023-02-23 00:15:35');
INSERT INTO `booking` (`booking_id`, `member_id`, `show_id`, `status`, `total_amount`, `created_at`, `updated_at`) VALUES (242, 51, 164, 'CONFIRMED', 24541, '2023-03-13 20:43:13', '2023-05-09 17:59:11');
INSERT INTO `booking` (`booking_id`, `member_id`, `show_id`, `status`, `total_amount`, `created_at`, `updated_at`) VALUES (243, 44, 142, 'PENDING', 33006, '2023-01-17 21:24:51', '2023-02-02 02:22:06');
INSERT INTO `booking` (`booking_id`, `member_id`, `show_id`, `status`, `total_amount`, `created_at`, `updated_at`) VALUES (244, 33, 67, 'CANCELLED', 39879, '2023-05-14 09:59:16', '2023-02-19 00:50:30');
INSERT INTO `booking` (`booking_id`, `member_id`, `show_id`, `status`, `total_amount`, `created_at`, `updated_at`) VALUES (245, 249, 178, 'CANCELLED', 79853, '2023-06-07 09:12:30', '2023-06-24 20:23:35');
INSERT INTO `booking` (`booking_id`, `member_id`, `show_id`, `status`, `total_amount`, `created_at`, `updated_at`) VALUES (246, 227, 117, 'PENDING', 65982, '2023-06-14 23:40:00', '2023-01-14 11:45:36');
INSERT INTO `booking` (`booking_id`, `member_id`, `show_id`, `status`, `total_amount`, `created_at`, `updated_at`) VALUES (247, 111, 105, 'CONFIRMED', 25953, '2023-06-24 18:52:13', '2023-04-30 18:02:35');
INSERT INTO `booking` (`booking_id`, `member_id`, `show_id`, `status`, `total_amount`, `created_at`, `updated_at`) VALUES (248, 93, 133, 'PENDING', 39431, '2023-01-13 10:07:09', '2023-04-18 19:23:04');
INSERT INTO `booking` (`booking_id`, `member_id`, `show_id`, `status`, `total_amount`, `created_at`, `updated_at`) VALUES (249, 115, 81, 'PENDING', 61361, '2023-02-19 12:11:10', '2023-01-21 20:49:09');
INSERT INTO `booking` (`booking_id`, `member_id`, `show_id`, `status`, `total_amount`, `created_at`, `updated_at`) VALUES (250, 207, 7, 'CANCELLED', 39573, '2023-06-26 15:25:50', '2023-01-20 09:06:05');
-- booking_non_member
INSERT INTO `booking_non_member` (`booking_id`, `non_member_id`) VALUES (51, 88);
INSERT INTO `booking_non_member` (`booking_id`, `non_member_id`) VALUES (43, 75);
INSERT INTO `booking_non_member` (`booking_id`, `non_member_id`) VALUES (85, 95);
INSERT INTO `booking_non_member` (`booking_id`, `non_member_id`) VALUES (80, 3);
INSERT INTO `booking_non_member` (`booking_id`, `non_member_id`) VALUES (17, 133);
INSERT INTO `booking_non_member` (`booking_id`, `non_member_id`) VALUES (161, 38);
INSERT INTO `booking_non_member` (`booking_id`, `non_member_id`) VALUES (245, 15);
INSERT INTO `booking_non_member` (`booking_id`, `non_member_id`) VALUES (25, 61);
INSERT INTO `booking_non_member` (`booking_id`, `non_member_id`) VALUES (8, 130);
INSERT INTO `booking_non_member` (`booking_id`, `non_member_id`) VALUES (123, 144);
INSERT INTO `booking_non_member` (`booking_id`, `non_member_id`) VALUES (111, 14);
INSERT INTO `booking_non_member` (`booking_id`, `non_member_id`) VALUES (207, 109);
INSERT INTO `booking_non_member` (`booking_id`, `non_member_id`) VALUES (7, 89);
INSERT INTO `booking_non_member` (`booking_id`, `non_member_id`) VALUES (152, 51);
INSERT INTO `booking_non_member` (`booking_id`, `non_member_id`) VALUES (205, 52);
INSERT INTO `booking_non_member` (`booking_id`, `non_member_id`) VALUES (244, 52);
INSERT INTO `booking_non_member` (`booking_id`, `non_member_id`) VALUES (86, 18);
INSERT INTO `booking_non_member` (`booking_id`, `non_member_id`) VALUES (216, 88);
INSERT INTO `booking_non_member` (`booking_id`, `non_member_id`) VALUES (65, 49);
INSERT INTO `booking_non_member` (`booking_id`, `non_member_id`) VALUES (64, 122);
INSERT INTO `booking_non_member` (`booking_id`, `non_member_id`) VALUES (28, 120);
INSERT INTO `booking_non_member` (`booking_id`, `non_member_id`) VALUES (122, 85);
INSERT INTO `booking_non_member` (`booking_id`, `non_member_id`) VALUES (62, 149);
INSERT INTO `booking_non_member` (`booking_id`, `non_member_id`) VALUES (88, 145);
INSERT INTO `booking_non_member` (`booking_id`, `non_member_id`) VALUES (214, 86);
INSERT INTO `booking_non_member` (`booking_id`, `non_member_id`) VALUES (14, 77);
INSERT INTO `booking_non_member` (`booking_id`, `non_member_id`) VALUES (211, 108);
INSERT INTO `booking_non_member` (`booking_id`, `non_member_id`) VALUES (234, 85);
INSERT INTO `booking_non_member` (`booking_id`, `non_member_id`) VALUES (134, 42);
INSERT INTO `booking_non_member` (`booking_id`, `non_member_id`) VALUES (204, 27);
INSERT INTO `booking_non_member` (`booking_id`, `non_member_id`) VALUES (61, 117);
INSERT INTO `booking_non_member` (`booking_id`, `non_member_id`) VALUES (19, 11);
INSERT INTO `booking_non_member` (`booking_id`, `non_member_id`) VALUES (199, 127);
INSERT INTO `booking_non_member` (`booking_id`, `non_member_id`) VALUES (154, 57);
INSERT INTO `booking_non_member` (`booking_id`, `non_member_id`) VALUES (159, 1);
INSERT INTO `booking_non_member` (`booking_id`, `non_member_id`) VALUES (113, 58);
INSERT INTO `booking_non_member` (`booking_id`, `non_member_id`) VALUES (196, 59);
INSERT INTO `booking_non_member` (`booking_id`, `non_member_id`) VALUES (243, 120);
INSERT INTO `booking_non_member` (`booking_id`, `non_member_id`) VALUES (235, 55);
INSERT INTO `booking_non_member` (`booking_id`, `non_member_id`) VALUES (115, 62);
INSERT INTO `booking_non_member` (`booking_id`, `non_member_id`) VALUES (149, 124);
INSERT INTO `booking_non_member` (`booking_id`, `non_member_id`) VALUES (32, 85);
INSERT INTO `booking_non_member` (`booking_id`, `non_member_id`) VALUES (22, 97);
INSERT INTO `booking_non_member` (`booking_id`, `non_member_id`) VALUES (16, 53);
INSERT INTO `booking_non_member` (`booking_id`, `non_member_id`) VALUES (9, 103);
INSERT INTO `booking_non_member` (`booking_id`, `non_member_id`) VALUES (97, 48);
INSERT INTO `booking_non_member` (`booking_id`, `non_member_id`) VALUES (81, 2);
INSERT INTO `booking_non_member` (`booking_id`, `non_member_id`) VALUES (178, 93);
INSERT INTO `booking_non_member` (`booking_id`, `non_member_id`) VALUES (246, 3);
INSERT INTO `booking_non_member` (`booking_id`, `non_member_id`) VALUES (201, 19);
INSERT INTO `booking_non_member` (`booking_id`, `non_member_id`) VALUES (33, 92);
INSERT INTO `booking_non_member` (`booking_id`, `non_member_id`) VALUES (239, 8);
INSERT INTO `booking_non_member` (`booking_id`, `non_member_id`) VALUES (114, 143);
INSERT INTO `booking_non_member` (`booking_id`, `non_member_id`) VALUES (15, 30);
INSERT INTO `booking_non_member` (`booking_id`, `non_member_id`) VALUES (78, 37);
INSERT INTO `booking_non_member` (`booking_id`, `non_member_id`) VALUES (157, 75);
INSERT INTO `booking_non_member` (`booking_id`, `non_member_id`) VALUES (212, 113);
INSERT INTO `booking_non_member` (`booking_id`, `non_member_id`) VALUES (240, 50);
INSERT INTO `booking_non_member` (`booking_id`, `non_member_id`) VALUES (202, 150);
INSERT INTO `booking_non_member` (`booking_id`, `non_member_id`) VALUES (27, 93);
INSERT INTO `booking_non_member` (`booking_id`, `non_member_id`) VALUES (174, 12);
INSERT INTO `booking_non_member` (`booking_id`, `non_member_id`) VALUES (197, 8);
INSERT INTO `booking_non_member` (`booking_id`, `non_member_id`) VALUES (144, 51);
INSERT INTO `booking_non_member` (`booking_id`, `non_member_id`) VALUES (225, 51);
INSERT INTO `booking_non_member` (`booking_id`, `non_member_id`) VALUES (76, 73);
INSERT INTO `booking_non_member` (`booking_id`, `non_member_id`) VALUES (98, 45);
INSERT INTO `booking_non_member` (`booking_id`, `non_member_id`) VALUES (103, 57);
INSERT INTO `booking_non_member` (`booking_id`, `non_member_id`) VALUES (213, 68);
INSERT INTO `booking_non_member` (`booking_id`, `non_member_id`) VALUES (233, 45);
INSERT INTO `booking_non_member` (`booking_id`, `non_member_id`) VALUES (106, 87);
INSERT INTO `booking_non_member` (`booking_id`, `non_member_id`) VALUES (60, 142);
INSERT INTO `booking_non_member` (`booking_id`, `non_member_id`) VALUES (217, 63);
INSERT INTO `booking_non_member` (`booking_id`, `non_member_id`) VALUES (169, 46);
INSERT INTO `booking_non_member` (`booking_id`, `non_member_id`) VALUES (160, 51);
INSERT INTO `booking_non_member` (`booking_id`, `non_member_id`) VALUES (3, 6);
INSERT INTO `booking_non_member` (`booking_id`, `non_member_id`) VALUES (117, 46);
INSERT INTO `booking_non_member` (`booking_id`, `non_member_id`) VALUES (99, 68);
INSERT INTO `booking_non_member` (`booking_id`, `non_member_id`) VALUES (119, 26);
INSERT INTO `booking_non_member` (`booking_id`, `non_member_id`) VALUES (110, 6);
INSERT INTO `booking_non_member` (`booking_id`, `non_member_id`) VALUES (182, 36);
INSERT INTO `booking_non_member` (`booking_id`, `non_member_id`) VALUES (171, 98);
INSERT INTO `booking_non_member` (`booking_id`, `non_member_id`) VALUES (26, 29);
INSERT INTO `booking_non_member` (`booking_id`, `non_member_id`) VALUES (87, 87);
INSERT INTO `booking_non_member` (`booking_id`, `non_member_id`) VALUES (167, 54);
INSERT INTO `booking_non_member` (`booking_id`, `non_member_id`) VALUES (238, 79);
INSERT INTO `booking_non_member` (`booking_id`, `non_member_id`) VALUES (175, 117);
INSERT INTO `booking_non_member` (`booking_id`, `non_member_id`) VALUES (133, 62);
INSERT INTO `booking_non_member` (`booking_id`, `non_member_id`) VALUES (248, 95);
INSERT INTO `booking_non_member` (`booking_id`, `non_member_id`) VALUES (151, 96);
INSERT INTO `booking_non_member` (`booking_id`, `non_member_id`) VALUES (50, 44);
INSERT INTO `booking_non_member` (`booking_id`, `non_member_id`) VALUES (230, 135);
INSERT INTO `booking_non_member` (`booking_id`, `non_member_id`) VALUES (191, 112);
INSERT INTO `booking_non_member` (`booking_id`, `non_member_id`) VALUES (4, 17);
INSERT INTO `booking_non_member` (`booking_id`, `non_member_id`) VALUES (153, 31);
INSERT INTO `booking_non_member` (`booking_id`, `non_member_id`) VALUES (18, 37);
INSERT INTO `booking_non_member` (`booking_id`, `non_member_id`) VALUES (237, 34);
INSERT INTO `booking_non_member` (`booking_id`, `non_member_id`) VALUES (194, 49);
INSERT INTO `booking_non_member` (`booking_id`, `non_member_id`) VALUES (147, 50);
INSERT INTO `booking_non_member` (`booking_id`, `non_member_id`) VALUES (200, 137);
INSERT INTO `booking_non_member` (`booking_id`, `non_member_id`) VALUES (131, 97);
INSERT INTO `booking_non_member` (`booking_id`, `non_member_id`) VALUES (66, 96);
INSERT INTO `booking_non_member` (`booking_id`, `non_member_id`) VALUES (91, 82);
INSERT INTO `booking_non_member` (`booking_id`, `non_member_id`) VALUES (108, 110);
INSERT INTO `booking_non_member` (`booking_id`, `non_member_id`) VALUES (124, 63);
INSERT INTO `booking_non_member` (`booking_id`, `non_member_id`) VALUES (198, 12);
INSERT INTO `booking_non_member` (`booking_id`, `non_member_id`) VALUES (48, 49);
INSERT INTO `booking_non_member` (`booking_id`, `non_member_id`) VALUES (63, 138);
INSERT INTO `booking_non_member` (`booking_id`, `non_member_id`) VALUES (36, 76);
INSERT INTO `booking_non_member` (`booking_id`, `non_member_id`) VALUES (12, 39);
INSERT INTO `booking_non_member` (`booking_id`, `non_member_id`) VALUES (218, 84);
INSERT INTO `booking_non_member` (`booking_id`, `non_member_id`) VALUES (155, 64);
INSERT INTO `booking_non_member` (`booking_id`, `non_member_id`) VALUES (247, 14);
INSERT INTO `booking_non_member` (`booking_id`, `non_member_id`) VALUES (112, 72);
INSERT INTO `booking_non_member` (`booking_id`, `non_member_id`) VALUES (132, 33);
INSERT INTO `booking_non_member` (`booking_id`, `non_member_id`) VALUES (92, 131);
INSERT INTO `booking_non_member` (`booking_id`, `non_member_id`) VALUES (139, 150);
INSERT INTO `booking_non_member` (`booking_id`, `non_member_id`) VALUES (38, 126);
INSERT INTO `booking_non_member` (`booking_id`, `non_member_id`) VALUES (222, 54);
INSERT INTO `booking_non_member` (`booking_id`, `non_member_id`) VALUES (121, 21);
INSERT INTO `booking_non_member` (`booking_id`, `non_member_id`) VALUES (135, 121);
-- booking_seat
INSERT INTO `booking_seat` (`booking_id`, `seat_id`, `show_id`, `price`) VALUES (203, 67, 43, 16333);
INSERT INTO `booking_seat` (`booking_id`, `seat_id`, `show_id`, `price`) VALUES (100, 522, 96, 16168);
INSERT INTO `booking_seat` (`booking_id`, `seat_id`, `show_id`, `price`) VALUES (133, 476, 46, 13272);
INSERT INTO `booking_seat` (`booking_id`, `seat_id`, `show_id`, `price`) VALUES (183, 383, 135, 19378);
INSERT INTO `booking_seat` (`booking_id`, `seat_id`, `show_id`, `price`) VALUES (124, 507, 122, 12396);
INSERT INTO `booking_seat` (`booking_id`, `seat_id`, `show_id`, `price`) VALUES (149, 411, 164, 17567);
INSERT INTO `booking_seat` (`booking_id`, `seat_id`, `show_id`, `price`) VALUES (167, 38, 54, 11596);
INSERT INTO `booking_seat` (`booking_id`, `seat_id`, `show_id`, `price`) VALUES (230, 208, 116, 11840);
INSERT INTO `booking_seat` (`booking_id`, `seat_id`, `show_id`, `price`) VALUES (102, 224, 79, 14963);
INSERT INTO `booking_seat` (`booking_id`, `seat_id`, `show_id`, `price`) VALUES (228, 387, 147, 10575);
INSERT INTO `booking_seat` (`booking_id`, `seat_id`, `show_id`, `price`) VALUES (240, 384, 66, 17020);
INSERT INTO `booking_seat` (`booking_id`, `seat_id`, `show_id`, `price`) VALUES (22, 138, 193, 9376);
INSERT INTO `booking_seat` (`booking_id`, `seat_id`, `show_id`, `price`) VALUES (76, 456, 133, 13760);
INSERT INTO `booking_seat` (`booking_id`, `seat_id`, `show_id`, `price`) VALUES (59, 598, 11, 15622);
INSERT INTO `booking_seat` (`booking_id`, `seat_id`, `show_id`, `price`) VALUES (132, 345, 110, 15391);
INSERT INTO `booking_seat` (`booking_id`, `seat_id`, `show_id`, `price`) VALUES (120, 443, 105, 14021);
INSERT INTO `booking_seat` (`booking_id`, `seat_id`, `show_id`, `price`) VALUES (206, 510, 82, 12473);
INSERT INTO `booking_seat` (`booking_id`, `seat_id`, `show_id`, `price`) VALUES (98, 26, 46, 15236);
INSERT INTO `booking_seat` (`booking_id`, `seat_id`, `show_id`, `price`) VALUES (60, 272, 166, 9243);
INSERT INTO `booking_seat` (`booking_id`, `seat_id`, `show_id`, `price`) VALUES (92, 85, 76, 16220);
INSERT INTO `booking_seat` (`booking_id`, `seat_id`, `show_id`, `price`) VALUES (132, 560, 165, 9280);
INSERT INTO `booking_seat` (`booking_id`, `seat_id`, `show_id`, `price`) VALUES (202, 284, 59, 9612);
INSERT INTO `booking_seat` (`booking_id`, `seat_id`, `show_id`, `price`) VALUES (31, 74, 93, 8627);
INSERT INTO `booking_seat` (`booking_id`, `seat_id`, `show_id`, `price`) VALUES (140, 206, 86, 11221);
INSERT INTO `booking_seat` (`booking_id`, `seat_id`, `show_id`, `price`) VALUES (173, 338, 65, 12959);
INSERT INTO `booking_seat` (`booking_id`, `seat_id`, `show_id`, `price`) VALUES (191, 282, 49, 19561);
INSERT INTO `booking_seat` (`booking_id`, `seat_id`, `show_id`, `price`) VALUES (155, 142, 193, 19733);
INSERT INTO `booking_seat` (`booking_id`, `seat_id`, `show_id`, `price`) VALUES (190, 557, 67, 8139);
INSERT INTO `booking_seat` (`booking_id`, `seat_id`, `show_id`, `price`) VALUES (198, 307, 73, 13679);
INSERT INTO `booking_seat` (`booking_id`, `seat_id`, `show_id`, `price`) VALUES (201, 414, 104, 17501);
INSERT INTO `booking_seat` (`booking_id`, `seat_id`, `show_id`, `price`) VALUES (194, 13, 121, 18716);
INSERT INTO `booking_seat` (`booking_id`, `seat_id`, `show_id`, `price`) VALUES (132, 153, 102, 11728);
INSERT INTO `booking_seat` (`booking_id`, `seat_id`, `show_id`, `price`) VALUES (59, 215, 122, 11829);
INSERT INTO `booking_seat` (`booking_id`, `seat_id`, `show_id`, `price`) VALUES (133, 566, 194, 15679);
INSERT INTO `booking_seat` (`booking_id`, `seat_id`, `show_id`, `price`) VALUES (185, 473, 88, 9406);
INSERT INTO `booking_seat` (`booking_id`, `seat_id`, `show_id`, `price`) VALUES (81, 193, 110, 19435);
INSERT INTO `booking_seat` (`booking_id`, `seat_id`, `show_id`, `price`) VALUES (107, 215, 113, 15372);
INSERT INTO `booking_seat` (`booking_id`, `seat_id`, `show_id`, `price`) VALUES (219, 572, 8, 14139);
INSERT INTO `booking_seat` (`booking_id`, `seat_id`, `show_id`, `price`) VALUES (36, 592, 33, 13006);
INSERT INTO `booking_seat` (`booking_id`, `seat_id`, `show_id`, `price`) VALUES (242, 10, 128, 18794);
INSERT INTO `booking_seat` (`booking_id`, `seat_id`, `show_id`, `price`) VALUES (214, 364, 87, 11694);
INSERT INTO `booking_seat` (`booking_id`, `seat_id`, `show_id`, `price`) VALUES (108, 436, 176, 14608);
INSERT INTO `booking_seat` (`booking_id`, `seat_id`, `show_id`, `price`) VALUES (196, 551, 77, 13342);
INSERT INTO `booking_seat` (`booking_id`, `seat_id`, `show_id`, `price`) VALUES (151, 24, 146, 8527);
INSERT INTO `booking_seat` (`booking_id`, `seat_id`, `show_id`, `price`) VALUES (237, 143, 40, 13410);
INSERT INTO `booking_seat` (`booking_id`, `seat_id`, `show_id`, `price`) VALUES (146, 588, 101, 14247);
INSERT INTO `booking_seat` (`booking_id`, `seat_id`, `show_id`, `price`) VALUES (53, 401, 17, 16757);
INSERT INTO `booking_seat` (`booking_id`, `seat_id`, `show_id`, `price`) VALUES (99, 193, 122, 9779);
INSERT INTO `booking_seat` (`booking_id`, `seat_id`, `show_id`, `price`) VALUES (85, 584, 116, 18469);
INSERT INTO `booking_seat` (`booking_id`, `seat_id`, `show_id`, `price`) VALUES (230, 312, 24, 10808);
INSERT INTO `booking_seat` (`booking_id`, `seat_id`, `show_id`, `price`) VALUES (27, 567, 46, 8525);
INSERT INTO `booking_seat` (`booking_id`, `seat_id`, `show_id`, `price`) VALUES (212, 501, 7, 11058);
INSERT INTO `booking_seat` (`booking_id`, `seat_id`, `show_id`, `price`) VALUES (51, 72, 99, 12650);
INSERT INTO `booking_seat` (`booking_id`, `seat_id`, `show_id`, `price`) VALUES (53, 239, 75, 18806);
INSERT INTO `booking_seat` (`booking_id`, `seat_id`, `show_id`, `price`) VALUES (135, 72, 117, 8941);
INSERT INTO `booking_seat` (`booking_id`, `seat_id`, `show_id`, `price`) VALUES (95, 531, 3, 10815);
INSERT INTO `booking_seat` (`booking_id`, `seat_id`, `show_id`, `price`) VALUES (84, 421, 101, 10572);
INSERT INTO `booking_seat` (`booking_id`, `seat_id`, `show_id`, `price`) VALUES (29, 133, 138, 14855);
INSERT INTO `booking_seat` (`booking_id`, `seat_id`, `show_id`, `price`) VALUES (123, 71, 100, 11382);
INSERT INTO `booking_seat` (`booking_id`, `seat_id`, `show_id`, `price`) VALUES (34, 211, 80, 15081);
INSERT INTO `booking_seat` (`booking_id`, `seat_id`, `show_id`, `price`) VALUES (210, 487, 41, 17891);
INSERT INTO `booking_seat` (`booking_id`, `seat_id`, `show_id`, `price`) VALUES (148, 318, 151, 11325);
INSERT INTO `booking_seat` (`booking_id`, `seat_id`, `show_id`, `price`) VALUES (129, 470, 71, 11304);
INSERT INTO `booking_seat` (`booking_id`, `seat_id`, `show_id`, `price`) VALUES (2, 147, 115, 9048);
INSERT INTO `booking_seat` (`booking_id`, `seat_id`, `show_id`, `price`) VALUES (212, 409, 155, 12044);
INSERT INTO `booking_seat` (`booking_id`, `seat_id`, `show_id`, `price`) VALUES (135, 337, 146, 16043);
INSERT INTO `booking_seat` (`booking_id`, `seat_id`, `show_id`, `price`) VALUES (118, 474, 148, 8640);
INSERT INTO `booking_seat` (`booking_id`, `seat_id`, `show_id`, `price`) VALUES (189, 94, 74, 18588);
INSERT INTO `booking_seat` (`booking_id`, `seat_id`, `show_id`, `price`) VALUES (226, 468, 89, 19473);
INSERT INTO `booking_seat` (`booking_id`, `seat_id`, `show_id`, `price`) VALUES (216, 305, 101, 18043);
INSERT INTO `booking_seat` (`booking_id`, `seat_id`, `show_id`, `price`) VALUES (211, 180, 107, 12081);
INSERT INTO `booking_seat` (`booking_id`, `seat_id`, `show_id`, `price`) VALUES (46, 443, 118, 14302);
INSERT INTO `booking_seat` (`booking_id`, `seat_id`, `show_id`, `price`) VALUES (234, 188, 179, 17316);
INSERT INTO `booking_seat` (`booking_id`, `seat_id`, `show_id`, `price`) VALUES (25, 403, 179, 8715);
INSERT INTO `booking_seat` (`booking_id`, `seat_id`, `show_id`, `price`) VALUES (62, 162, 71, 18290);
INSERT INTO `booking_seat` (`booking_id`, `seat_id`, `show_id`, `price`) VALUES (138, 299, 171, 9093);
INSERT INTO `booking_seat` (`booking_id`, `seat_id`, `show_id`, `price`) VALUES (179, 223, 127, 14738);
INSERT INTO `booking_seat` (`booking_id`, `seat_id`, `show_id`, `price`) VALUES (196, 567, 32, 14041);
INSERT INTO `booking_seat` (`booking_id`, `seat_id`, `show_id`, `price`) VALUES (20, 108, 130, 13341);
INSERT INTO `booking_seat` (`booking_id`, `seat_id`, `show_id`, `price`) VALUES (105, 462, 43, 12141);
INSERT INTO `booking_seat` (`booking_id`, `seat_id`, `show_id`, `price`) VALUES (54, 519, 12, 15572);
INSERT INTO `booking_seat` (`booking_id`, `seat_id`, `show_id`, `price`) VALUES (7, 75, 164, 19378);
INSERT INTO `booking_seat` (`booking_id`, `seat_id`, `show_id`, `price`) VALUES (173, 473, 98, 13630);
INSERT INTO `booking_seat` (`booking_id`, `seat_id`, `show_id`, `price`) VALUES (191, 409, 50, 14499);
INSERT INTO `booking_seat` (`booking_id`, `seat_id`, `show_id`, `price`) VALUES (10, 11, 65, 9878);
INSERT INTO `booking_seat` (`booking_id`, `seat_id`, `show_id`, `price`) VALUES (182, 140, 84, 18982);
INSERT INTO `booking_seat` (`booking_id`, `seat_id`, `show_id`, `price`) VALUES (192, 476, 125, 15558);
INSERT INTO `booking_seat` (`booking_id`, `seat_id`, `show_id`, `price`) VALUES (18, 85, 141, 18764);
INSERT INTO `booking_seat` (`booking_id`, `seat_id`, `show_id`, `price`) VALUES (63, 449, 36, 15713);
INSERT INTO `booking_seat` (`booking_id`, `seat_id`, `show_id`, `price`) VALUES (211, 286, 42, 10794);
INSERT INTO `booking_seat` (`booking_id`, `seat_id`, `show_id`, `price`) VALUES (215, 19, 156, 9646);
INSERT INTO `booking_seat` (`booking_id`, `seat_id`, `show_id`, `price`) VALUES (46, 302, 32, 16759);
INSERT INTO `booking_seat` (`booking_id`, `seat_id`, `show_id`, `price`) VALUES (190, 401, 44, 9271);
INSERT INTO `booking_seat` (`booking_id`, `seat_id`, `show_id`, `price`) VALUES (172, 12, 174, 12476);
INSERT INTO `booking_seat` (`booking_id`, `seat_id`, `show_id`, `price`) VALUES (40, 452, 92, 10915);
INSERT INTO `booking_seat` (`booking_id`, `seat_id`, `show_id`, `price`) VALUES (56, 36, 173, 16721);
INSERT INTO `booking_seat` (`booking_id`, `seat_id`, `show_id`, `price`) VALUES (56, 453, 179, 8782);
INSERT INTO `booking_seat` (`booking_id`, `seat_id`, `show_id`, `price`) VALUES (215, 536, 165, 18855);
INSERT INTO `booking_seat` (`booking_id`, `seat_id`, `show_id`, `price`) VALUES (184, 106, 100, 19310);
INSERT INTO `booking_seat` (`booking_id`, `seat_id`, `show_id`, `price`) VALUES (79, 455, 14, 17800);
INSERT INTO `booking_seat` (`booking_id`, `seat_id`, `show_id`, `price`) VALUES (2, 50, 198, 14183);
INSERT INTO `booking_seat` (`booking_id`, `seat_id`, `show_id`, `price`) VALUES (197, 207, 64, 14138);
INSERT INTO `booking_seat` (`booking_id`, `seat_id`, `show_id`, `price`) VALUES (233, 245, 52, 9497);
INSERT INTO `booking_seat` (`booking_id`, `seat_id`, `show_id`, `price`) VALUES (5, 432, 8, 8238);
INSERT INTO `booking_seat` (`booking_id`, `seat_id`, `show_id`, `price`) VALUES (87, 197, 175, 18960);
INSERT INTO `booking_seat` (`booking_id`, `seat_id`, `show_id`, `price`) VALUES (17, 226, 25, 18880);
INSERT INTO `booking_seat` (`booking_id`, `seat_id`, `show_id`, `price`) VALUES (43, 172, 12, 14810);
INSERT INTO `booking_seat` (`booking_id`, `seat_id`, `show_id`, `price`) VALUES (132, 111, 84, 13286);
INSERT INTO `booking_seat` (`booking_id`, `seat_id`, `show_id`, `price`) VALUES (144, 195, 160, 11393);
INSERT INTO `booking_seat` (`booking_id`, `seat_id`, `show_id`, `price`) VALUES (240, 555, 102, 15010);
INSERT INTO `booking_seat` (`booking_id`, `seat_id`, `show_id`, `price`) VALUES (31, 238, 55, 9734);
INSERT INTO `booking_seat` (`booking_id`, `seat_id`, `show_id`, `price`) VALUES (92, 332, 45, 8245);
INSERT INTO `booking_seat` (`booking_id`, `seat_id`, `show_id`, `price`) VALUES (103, 324, 4, 14376);
INSERT INTO `booking_seat` (`booking_id`, `seat_id`, `show_id`, `price`) VALUES (55, 470, 57, 9081);
INSERT INTO `booking_seat` (`booking_id`, `seat_id`, `show_id`, `price`) VALUES (169, 286, 167, 18222);
INSERT INTO `booking_seat` (`booking_id`, `seat_id`, `show_id`, `price`) VALUES (95, 45, 18, 11580);
INSERT INTO `booking_seat` (`booking_id`, `seat_id`, `show_id`, `price`) VALUES (106, 309, 197, 17811);
INSERT INTO `booking_seat` (`booking_id`, `seat_id`, `show_id`, `price`) VALUES (128, 105, 183, 16784);
INSERT INTO `booking_seat` (`booking_id`, `seat_id`, `show_id`, `price`) VALUES (203, 583, 44, 12127);
INSERT INTO `booking_seat` (`booking_id`, `seat_id`, `show_id`, `price`) VALUES (246, 98, 154, 13314);
INSERT INTO `booking_seat` (`booking_id`, `seat_id`, `show_id`, `price`) VALUES (162, 398, 174, 19365);
INSERT INTO `booking_seat` (`booking_id`, `seat_id`, `show_id`, `price`) VALUES (35, 341, 45, 18409);
INSERT INTO `booking_seat` (`booking_id`, `seat_id`, `show_id`, `price`) VALUES (195, 326, 171, 15899);
INSERT INTO `booking_seat` (`booking_id`, `seat_id`, `show_id`, `price`) VALUES (18, 344, 5, 17970);
INSERT INTO `booking_seat` (`booking_id`, `seat_id`, `show_id`, `price`) VALUES (234, 600, 115, 14264);
INSERT INTO `booking_seat` (`booking_id`, `seat_id`, `show_id`, `price`) VALUES (131, 239, 129, 17625);
INSERT INTO `booking_seat` (`booking_id`, `seat_id`, `show_id`, `price`) VALUES (181, 14, 60, 8347);
INSERT INTO `booking_seat` (`booking_id`, `seat_id`, `show_id`, `price`) VALUES (158, 128, 80, 11873);
INSERT INTO `booking_seat` (`booking_id`, `seat_id`, `show_id`, `price`) VALUES (189, 439, 194, 11990);
INSERT INTO `booking_seat` (`booking_id`, `seat_id`, `show_id`, `price`) VALUES (159, 82, 16, 10253);
INSERT INTO `booking_seat` (`booking_id`, `seat_id`, `show_id`, `price`) VALUES (96, 511, 76, 11309);
INSERT INTO `booking_seat` (`booking_id`, `seat_id`, `show_id`, `price`) VALUES (39, 385, 53, 18519);
INSERT INTO `booking_seat` (`booking_id`, `seat_id`, `show_id`, `price`) VALUES (10, 244, 186, 17798);
INSERT INTO `booking_seat` (`booking_id`, `seat_id`, `show_id`, `price`) VALUES (243, 455, 190, 13385);
INSERT INTO `booking_seat` (`booking_id`, `seat_id`, `show_id`, `price`) VALUES (35, 285, 82, 18544);
INSERT INTO `booking_seat` (`booking_id`, `seat_id`, `show_id`, `price`) VALUES (202, 41, 134, 14797);
INSERT INTO `booking_seat` (`booking_id`, `seat_id`, `show_id`, `price`) VALUES (166, 296, 193, 8388);
INSERT INTO `booking_seat` (`booking_id`, `seat_id`, `show_id`, `price`) VALUES (59, 340, 88, 11969);
INSERT INTO `booking_seat` (`booking_id`, `seat_id`, `show_id`, `price`) VALUES (53, 553, 14, 18895);
INSERT INTO `booking_seat` (`booking_id`, `seat_id`, `show_id`, `price`) VALUES (64, 228, 156, 14250);
INSERT INTO `booking_seat` (`booking_id`, `seat_id`, `show_id`, `price`) VALUES (134, 330, 47, 15247);
INSERT INTO `booking_seat` (`booking_id`, `seat_id`, `show_id`, `price`) VALUES (162, 7, 17, 16055);
INSERT INTO `booking_seat` (`booking_id`, `seat_id`, `show_id`, `price`) VALUES (18, 198, 14, 18393);
INSERT INTO `booking_seat` (`booking_id`, `seat_id`, `show_id`, `price`) VALUES (37, 210, 33, 9503);
INSERT INTO `booking_seat` (`booking_id`, `seat_id`, `show_id`, `price`) VALUES (45, 563, 53, 11871);
INSERT INTO `booking_seat` (`booking_id`, `seat_id`, `show_id`, `price`) VALUES (130, 81, 110, 19878);
INSERT INTO `booking_seat` (`booking_id`, `seat_id`, `show_id`, `price`) VALUES (120, 319, 43, 19823);
INSERT INTO `booking_seat` (`booking_id`, `seat_id`, `show_id`, `price`) VALUES (51, 251, 109, 10890);
INSERT INTO `booking_seat` (`booking_id`, `seat_id`, `show_id`, `price`) VALUES (156, 255, 78, 12675);
INSERT INTO `booking_seat` (`booking_id`, `seat_id`, `show_id`, `price`) VALUES (148, 460, 163, 11299);
INSERT INTO `booking_seat` (`booking_id`, `seat_id`, `show_id`, `price`) VALUES (70, 493, 21, 13891);
INSERT INTO `booking_seat` (`booking_id`, `seat_id`, `show_id`, `price`) VALUES (102, 387, 43, 15712);
INSERT INTO `booking_seat` (`booking_id`, `seat_id`, `show_id`, `price`) VALUES (113, 433, 130, 17984);
INSERT INTO `booking_seat` (`booking_id`, `seat_id`, `show_id`, `price`) VALUES (189, 444, 195, 10553);
INSERT INTO `booking_seat` (`booking_id`, `seat_id`, `show_id`, `price`) VALUES (210, 494, 6, 14249);
INSERT INTO `booking_seat` (`booking_id`, `seat_id`, `show_id`, `price`) VALUES (110, 86, 195, 12918);
INSERT INTO `booking_seat` (`booking_id`, `seat_id`, `show_id`, `price`) VALUES (153, 551, 40, 17057);
INSERT INTO `booking_seat` (`booking_id`, `seat_id`, `show_id`, `price`) VALUES (187, 180, 66, 14233);
INSERT INTO `booking_seat` (`booking_id`, `seat_id`, `show_id`, `price`) VALUES (119, 314, 117, 12640);
INSERT INTO `booking_seat` (`booking_id`, `seat_id`, `show_id`, `price`) VALUES (97, 576, 156, 15878);
INSERT INTO `booking_seat` (`booking_id`, `seat_id`, `show_id`, `price`) VALUES (19, 342, 35, 19712);
INSERT INTO `booking_seat` (`booking_id`, `seat_id`, `show_id`, `price`) VALUES (121, 201, 40, 11106);
INSERT INTO `booking_seat` (`booking_id`, `seat_id`, `show_id`, `price`) VALUES (2, 14, 129, 19966);
INSERT INTO `booking_seat` (`booking_id`, `seat_id`, `show_id`, `price`) VALUES (186, 384, 126, 14628);
INSERT INTO `booking_seat` (`booking_id`, `seat_id`, `show_id`, `price`) VALUES (237, 426, 102, 14113);
INSERT INTO `booking_seat` (`booking_id`, `seat_id`, `show_id`, `price`) VALUES (99, 502, 79, 18502);
INSERT INTO `booking_seat` (`booking_id`, `seat_id`, `show_id`, `price`) VALUES (151, 73, 105, 8636);
INSERT INTO `booking_seat` (`booking_id`, `seat_id`, `show_id`, `price`) VALUES (236, 128, 99, 17266);
INSERT INTO `booking_seat` (`booking_id`, `seat_id`, `show_id`, `price`) VALUES (42, 199, 196, 15148);
INSERT INTO `booking_seat` (`booking_id`, `seat_id`, `show_id`, `price`) VALUES (246, 262, 198, 19833);
INSERT INTO `booking_seat` (`booking_id`, `seat_id`, `show_id`, `price`) VALUES (90, 522, 182, 16005);
INSERT INTO `booking_seat` (`booking_id`, `seat_id`, `show_id`, `price`) VALUES (163, 378, 179, 8945);
INSERT INTO `booking_seat` (`booking_id`, `seat_id`, `show_id`, `price`) VALUES (167, 395, 109, 12043);
INSERT INTO `booking_seat` (`booking_id`, `seat_id`, `show_id`, `price`) VALUES (63, 490, 9, 13921);
INSERT INTO `booking_seat` (`booking_id`, `seat_id`, `show_id`, `price`) VALUES (162, 29, 179, 18906);
INSERT INTO `booking_seat` (`booking_id`, `seat_id`, `show_id`, `price`) VALUES (166, 152, 67, 17919);
INSERT INTO `booking_seat` (`booking_id`, `seat_id`, `show_id`, `price`) VALUES (117, 151, 66, 12053);
INSERT INTO `booking_seat` (`booking_id`, `seat_id`, `show_id`, `price`) VALUES (155, 593, 170, 10644);
INSERT INTO `booking_seat` (`booking_id`, `seat_id`, `show_id`, `price`) VALUES (4, 120, 198, 9512);
INSERT INTO `booking_seat` (`booking_id`, `seat_id`, `show_id`, `price`) VALUES (165, 394, 102, 19568);
INSERT INTO `booking_seat` (`booking_id`, `seat_id`, `show_id`, `price`) VALUES (151, 83, 133, 11093);
INSERT INTO `booking_seat` (`booking_id`, `seat_id`, `show_id`, `price`) VALUES (225, 434, 43, 14993);
INSERT INTO `booking_seat` (`booking_id`, `seat_id`, `show_id`, `price`) VALUES (65, 310, 129, 16735);
INSERT INTO `booking_seat` (`booking_id`, `seat_id`, `show_id`, `price`) VALUES (169, 392, 151, 13045);
INSERT INTO `booking_seat` (`booking_id`, `seat_id`, `show_id`, `price`) VALUES (188, 422, 193, 19921);
INSERT INTO `booking_seat` (`booking_id`, `seat_id`, `show_id`, `price`) VALUES (223, 92, 28, 18423);
INSERT INTO `booking_seat` (`booking_id`, `seat_id`, `show_id`, `price`) VALUES (147, 353, 37, 12407);
INSERT INTO `booking_seat` (`booking_id`, `seat_id`, `show_id`, `price`) VALUES (192, 215, 192, 14520);
INSERT INTO `booking_seat` (`booking_id`, `seat_id`, `show_id`, `price`) VALUES (179, 316, 2, 10759);
INSERT INTO `booking_seat` (`booking_id`, `seat_id`, `show_id`, `price`) VALUES (209, 504, 1, 9587);
INSERT INTO `booking_seat` (`booking_id`, `seat_id`, `show_id`, `price`) VALUES (18, 428, 135, 14829);
INSERT INTO `booking_seat` (`booking_id`, `seat_id`, `show_id`, `price`) VALUES (168, 296, 188, 15060);
INSERT INTO `booking_seat` (`booking_id`, `seat_id`, `show_id`, `price`) VALUES (44, 181, 96, 11053);
INSERT INTO `booking_seat` (`booking_id`, `seat_id`, `show_id`, `price`) VALUES (181, 138, 51, 15970);
INSERT INTO `booking_seat` (`booking_id`, `seat_id`, `show_id`, `price`) VALUES (47, 515, 29, 15383);
INSERT INTO `booking_seat` (`booking_id`, `seat_id`, `show_id`, `price`) VALUES (146, 218, 48, 11292);
INSERT INTO `booking_seat` (`booking_id`, `seat_id`, `show_id`, `price`) VALUES (16, 188, 195, 11143);
INSERT INTO `booking_seat` (`booking_id`, `seat_id`, `show_id`, `price`) VALUES (67, 419, 113, 18270);
INSERT INTO `booking_seat` (`booking_id`, `seat_id`, `show_id`, `price`) VALUES (234, 112, 163, 10721);
INSERT INTO `booking_seat` (`booking_id`, `seat_id`, `show_id`, `price`) VALUES (21, 301, 22, 14188);
INSERT INTO `booking_seat` (`booking_id`, `seat_id`, `show_id`, `price`) VALUES (32, 284, 17, 13605);
INSERT INTO `booking_seat` (`booking_id`, `seat_id`, `show_id`, `price`) VALUES (8, 600, 61, 15829);
INSERT INTO `booking_seat` (`booking_id`, `seat_id`, `show_id`, `price`) VALUES (125, 104, 3, 9000);
INSERT INTO `booking_seat` (`booking_id`, `seat_id`, `show_id`, `price`) VALUES (69, 8, 171, 17542);
INSERT INTO `booking_seat` (`booking_id`, `seat_id`, `show_id`, `price`) VALUES (203, 43, 25, 11458);
INSERT INTO `booking_seat` (`booking_id`, `seat_id`, `show_id`, `price`) VALUES (134, 8, 97, 17879);
INSERT INTO `booking_seat` (`booking_id`, `seat_id`, `show_id`, `price`) VALUES (134, 273, 125, 15753);
INSERT INTO `booking_seat` (`booking_id`, `seat_id`, `show_id`, `price`) VALUES (194, 346, 155, 15036);
INSERT INTO `booking_seat` (`booking_id`, `seat_id`, `show_id`, `price`) VALUES (87, 380, 175, 13620);
INSERT INTO `booking_seat` (`booking_id`, `seat_id`, `show_id`, `price`) VALUES (81, 246, 93, 18896);
INSERT INTO `booking_seat` (`booking_id`, `seat_id`, `show_id`, `price`) VALUES (103, 388, 157, 8937);
INSERT INTO `booking_seat` (`booking_id`, `seat_id`, `show_id`, `price`) VALUES (250, 365, 85, 9641);
INSERT INTO `booking_seat` (`booking_id`, `seat_id`, `show_id`, `price`) VALUES (1, 468, 179, 14583);
INSERT INTO `booking_seat` (`booking_id`, `seat_id`, `show_id`, `price`) VALUES (186, 143, 7, 17861);
INSERT INTO `booking_seat` (`booking_id`, `seat_id`, `show_id`, `price`) VALUES (32, 544, 72, 19456);
INSERT INTO `booking_seat` (`booking_id`, `seat_id`, `show_id`, `price`) VALUES (193, 255, 95, 15404);
INSERT INTO `booking_seat` (`booking_id`, `seat_id`, `show_id`, `price`) VALUES (159, 487, 132, 14768);
INSERT INTO `booking_seat` (`booking_id`, `seat_id`, `show_id`, `price`) VALUES (170, 193, 1, 18454);
INSERT INTO `booking_seat` (`booking_id`, `seat_id`, `show_id`, `price`) VALUES (246, 330, 5, 18383);
INSERT INTO `booking_seat` (`booking_id`, `seat_id`, `show_id`, `price`) VALUES (93, 47, 189, 13333);
INSERT INTO `booking_seat` (`booking_id`, `seat_id`, `show_id`, `price`) VALUES (174, 455, 60, 17941);
INSERT INTO `booking_seat` (`booking_id`, `seat_id`, `show_id`, `price`) VALUES (125, 410, 190, 18036);
INSERT INTO `booking_seat` (`booking_id`, `seat_id`, `show_id`, `price`) VALUES (204, 84, 90, 15010);
INSERT INTO `booking_seat` (`booking_id`, `seat_id`, `show_id`, `price`) VALUES (241, 488, 169, 19460);
INSERT INTO `booking_seat` (`booking_id`, `seat_id`, `show_id`, `price`) VALUES (232, 103, 188, 14305);
INSERT INTO `booking_seat` (`booking_id`, `seat_id`, `show_id`, `price`) VALUES (76, 200, 183, 10345);
INSERT INTO `booking_seat` (`booking_id`, `seat_id`, `show_id`, `price`) VALUES (223, 533, 147, 19741);
INSERT INTO `booking_seat` (`booking_id`, `seat_id`, `show_id`, `price`) VALUES (130, 33, 33, 16158);
INSERT INTO `booking_seat` (`booking_id`, `seat_id`, `show_id`, `price`) VALUES (204, 90, 78, 19027);
INSERT INTO `booking_seat` (`booking_id`, `seat_id`, `show_id`, `price`) VALUES (141, 479, 44, 15311);
INSERT INTO `booking_seat` (`booking_id`, `seat_id`, `show_id`, `price`) VALUES (245, 119, 124, 18856);
INSERT INTO `booking_seat` (`booking_id`, `seat_id`, `show_id`, `price`) VALUES (139, 247, 63, 11467);
INSERT INTO `booking_seat` (`booking_id`, `seat_id`, `show_id`, `price`) VALUES (44, 92, 28, 15125);
INSERT INTO `booking_seat` (`booking_id`, `seat_id`, `show_id`, `price`) VALUES (184, 30, 42, 13349);
INSERT INTO `booking_seat` (`booking_id`, `seat_id`, `show_id`, `price`) VALUES (232, 393, 197, 12593);
INSERT INTO `booking_seat` (`booking_id`, `seat_id`, `show_id`, `price`) VALUES (57, 264, 171, 15803);
INSERT INTO `booking_seat` (`booking_id`, `seat_id`, `show_id`, `price`) VALUES (244, 127, 171, 10224);
INSERT INTO `booking_seat` (`booking_id`, `seat_id`, `show_id`, `price`) VALUES (237, 548, 163, 19885);
INSERT INTO `booking_seat` (`booking_id`, `seat_id`, `show_id`, `price`) VALUES (126, 93, 178, 13452);
INSERT INTO `booking_seat` (`booking_id`, `seat_id`, `show_id`, `price`) VALUES (224, 230, 148, 17841);
INSERT INTO `booking_seat` (`booking_id`, `seat_id`, `show_id`, `price`) VALUES (17, 352, 97, 19754);
INSERT INTO `booking_seat` (`booking_id`, `seat_id`, `show_id`, `price`) VALUES (191, 391, 168, 18520);
INSERT INTO `booking_seat` (`booking_id`, `seat_id`, `show_id`, `price`) VALUES (201, 576, 112, 11823);
INSERT INTO `booking_seat` (`booking_id`, `seat_id`, `show_id`, `price`) VALUES (58, 266, 30, 12767);
INSERT INTO `booking_seat` (`booking_id`, `seat_id`, `show_id`, `price`) VALUES (23, 115, 23, 13574);
INSERT INTO `booking_seat` (`booking_id`, `seat_id`, `show_id`, `price`) VALUES (190, 193, 191, 9902);
INSERT INTO `booking_seat` (`booking_id`, `seat_id`, `show_id`, `price`) VALUES (147, 377, 33, 13134);
INSERT INTO `booking_seat` (`booking_id`, `seat_id`, `show_id`, `price`) VALUES (245, 390, 148, 8027);
INSERT INTO `booking_seat` (`booking_id`, `seat_id`, `show_id`, `price`) VALUES (80, 64, 152, 16775);
INSERT INTO `booking_seat` (`booking_id`, `seat_id`, `show_id`, `price`) VALUES (49, 398, 109, 13237);
INSERT INTO `booking_seat` (`booking_id`, `seat_id`, `show_id`, `price`) VALUES (198, 374, 174, 10069);
INSERT INTO `booking_seat` (`booking_id`, `seat_id`, `show_id`, `price`) VALUES (134, 228, 28, 14476);
INSERT INTO `booking_seat` (`booking_id`, `seat_id`, `show_id`, `price`) VALUES (3, 552, 118, 13176);
INSERT INTO `booking_seat` (`booking_id`, `seat_id`, `show_id`, `price`) VALUES (38, 304, 57, 16189);
INSERT INTO `booking_seat` (`booking_id`, `seat_id`, `show_id`, `price`) VALUES (175, 467, 38, 17854);
INSERT INTO `booking_seat` (`booking_id`, `seat_id`, `show_id`, `price`) VALUES (73, 150, 192, 18901);
INSERT INTO `booking_seat` (`booking_id`, `seat_id`, `show_id`, `price`) VALUES (218, 36, 154, 13245);
INSERT INTO `booking_seat` (`booking_id`, `seat_id`, `show_id`, `price`) VALUES (80, 515, 177, 10022);
INSERT INTO `booking_seat` (`booking_id`, `seat_id`, `show_id`, `price`) VALUES (71, 588, 123, 18339);
INSERT INTO `booking_seat` (`booking_id`, `seat_id`, `show_id`, `price`) VALUES (213, 221, 127, 12775);
INSERT INTO `booking_seat` (`booking_id`, `seat_id`, `show_id`, `price`) VALUES (181, 386, 16, 13458);
INSERT INTO `booking_seat` (`booking_id`, `seat_id`, `show_id`, `price`) VALUES (40, 216, 188, 11687);
INSERT INTO `booking_seat` (`booking_id`, `seat_id`, `show_id`, `price`) VALUES (180, 54, 199, 10933);
INSERT INTO `booking_seat` (`booking_id`, `seat_id`, `show_id`, `price`) VALUES (220, 500, 187, 14419);
INSERT INTO `booking_seat` (`booking_id`, `seat_id`, `show_id`, `price`) VALUES (77, 164, 6, 16977);
INSERT INTO `booking_seat` (`booking_id`, `seat_id`, `show_id`, `price`) VALUES (101, 346, 109, 19106);
INSERT INTO `booking_seat` (`booking_id`, `seat_id`, `show_id`, `price`) VALUES (122, 357, 194, 14412);
INSERT INTO `booking_seat` (`booking_id`, `seat_id`, `show_id`, `price`) VALUES (101, 74, 136, 19907);
INSERT INTO `booking_seat` (`booking_id`, `seat_id`, `show_id`, `price`) VALUES (73, 290, 179, 11196);
INSERT INTO `booking_seat` (`booking_id`, `seat_id`, `show_id`, `price`) VALUES (180, 562, 101, 9594);
INSERT INTO `booking_seat` (`booking_id`, `seat_id`, `show_id`, `price`) VALUES (34, 332, 193, 17509);
INSERT INTO `booking_seat` (`booking_id`, `seat_id`, `show_id`, `price`) VALUES (222, 56, 182, 12981);
INSERT INTO `booking_seat` (`booking_id`, `seat_id`, `show_id`, `price`) VALUES (118, 168, 148, 10253);
INSERT INTO `booking_seat` (`booking_id`, `seat_id`, `show_id`, `price`) VALUES (114, 495, 75, 10372);
INSERT INTO `booking_seat` (`booking_id`, `seat_id`, `show_id`, `price`) VALUES (54, 224, 192, 11205);
INSERT INTO `booking_seat` (`booking_id`, `seat_id`, `show_id`, `price`) VALUES (189, 10, 93, 19894);
INSERT INTO `booking_seat` (`booking_id`, `seat_id`, `show_id`, `price`) VALUES (220, 590, 27, 19113);
INSERT INTO `booking_seat` (`booking_id`, `seat_id`, `show_id`, `price`) VALUES (202, 152, 97, 14997);
INSERT INTO `booking_seat` (`booking_id`, `seat_id`, `show_id`, `price`) VALUES (174, 173, 15, 9573);
INSERT INTO `booking_seat` (`booking_id`, `seat_id`, `show_id`, `price`) VALUES (92, 486, 46, 8859);
INSERT INTO `booking_seat` (`booking_id`, `seat_id`, `show_id`, `price`) VALUES (31, 528, 167, 13545);
INSERT INTO `booking_seat` (`booking_id`, `seat_id`, `show_id`, `price`) VALUES (152, 445, 39, 18272);
INSERT INTO `booking_seat` (`booking_id`, `seat_id`, `show_id`, `price`) VALUES (185, 414, 63, 8556);
INSERT INTO `booking_seat` (`booking_id`, `seat_id`, `show_id`, `price`) VALUES (31, 247, 102, 16005);
INSERT INTO `booking_seat` (`booking_id`, `seat_id`, `show_id`, `price`) VALUES (78, 177, 168, 14150);
INSERT INTO `booking_seat` (`booking_id`, `seat_id`, `show_id`, `price`) VALUES (199, 92, 200, 15596);
INSERT INTO `booking_seat` (`booking_id`, `seat_id`, `show_id`, `price`) VALUES (222, 392, 71, 18360);
INSERT INTO `booking_seat` (`booking_id`, `seat_id`, `show_id`, `price`) VALUES (168, 456, 95, 8190);
INSERT INTO `booking_seat` (`booking_id`, `seat_id`, `show_id`, `price`) VALUES (31, 120, 22, 9999);
INSERT INTO `booking_seat` (`booking_id`, `seat_id`, `show_id`, `price`) VALUES (126, 522, 58, 8377);
INSERT INTO `booking_seat` (`booking_id`, `seat_id`, `show_id`, `price`) VALUES (151, 587, 147, 15856);
INSERT INTO `booking_seat` (`booking_id`, `seat_id`, `show_id`, `price`) VALUES (71, 97, 152, 10967);
INSERT INTO `booking_seat` (`booking_id`, `seat_id`, `show_id`, `price`) VALUES (99, 496, 166, 19513);
INSERT INTO `booking_seat` (`booking_id`, `seat_id`, `show_id`, `price`) VALUES (112, 306, 147, 10051);
INSERT INTO `booking_seat` (`booking_id`, `seat_id`, `show_id`, `price`) VALUES (26, 334, 17, 19694);
INSERT INTO `booking_seat` (`booking_id`, `seat_id`, `show_id`, `price`) VALUES (233, 551, 48, 14640);
INSERT INTO `booking_seat` (`booking_id`, `seat_id`, `show_id`, `price`) VALUES (209, 21, 101, 17110);
INSERT INTO `booking_seat` (`booking_id`, `seat_id`, `show_id`, `price`) VALUES (210, 550, 136, 16004);
INSERT INTO `booking_seat` (`booking_id`, `seat_id`, `show_id`, `price`) VALUES (17, 532, 150, 16830);
INSERT INTO `booking_seat` (`booking_id`, `seat_id`, `show_id`, `price`) VALUES (183, 128, 193, 11399);
INSERT INTO `booking_seat` (`booking_id`, `seat_id`, `show_id`, `price`) VALUES (248, 121, 47, 17815);
INSERT INTO `booking_seat` (`booking_id`, `seat_id`, `show_id`, `price`) VALUES (178, 185, 2, 17088);
INSERT INTO `booking_seat` (`booking_id`, `seat_id`, `show_id`, `price`) VALUES (115, 322, 32, 8641);
INSERT INTO `booking_seat` (`booking_id`, `seat_id`, `show_id`, `price`) VALUES (33, 589, 53, 18692);
INSERT INTO `booking_seat` (`booking_id`, `seat_id`, `show_id`, `price`) VALUES (42, 90, 144, 12206);
INSERT INTO `booking_seat` (`booking_id`, `seat_id`, `show_id`, `price`) VALUES (22, 128, 130, 12891);
INSERT INTO `booking_seat` (`booking_id`, `seat_id`, `show_id`, `price`) VALUES (94, 558, 44, 14931);
INSERT INTO `booking_seat` (`booking_id`, `seat_id`, `show_id`, `price`) VALUES (242, 1, 64, 12925);
INSERT INTO `booking_seat` (`booking_id`, `seat_id`, `show_id`, `price`) VALUES (12, 532, 76, 18799);
INSERT INTO `booking_seat` (`booking_id`, `seat_id`, `show_id`, `price`) VALUES (137, 456, 36, 17454);
INSERT INTO `booking_seat` (`booking_id`, `seat_id`, `show_id`, `price`) VALUES (126, 321, 134, 13769);
INSERT INTO `booking_seat` (`booking_id`, `seat_id`, `show_id`, `price`) VALUES (156, 552, 131, 11438);
INSERT INTO `booking_seat` (`booking_id`, `seat_id`, `show_id`, `price`) VALUES (177, 102, 170, 8732);
INSERT INTO `booking_seat` (`booking_id`, `seat_id`, `show_id`, `price`) VALUES (61, 38, 49, 10321);
INSERT INTO `booking_seat` (`booking_id`, `seat_id`, `show_id`, `price`) VALUES (77, 221, 35, 17865);
INSERT INTO `booking_seat` (`booking_id`, `seat_id`, `show_id`, `price`) VALUES (142, 222, 152, 13882);
INSERT INTO `booking_seat` (`booking_id`, `seat_id`, `show_id`, `price`) VALUES (72, 132, 187, 18195);
INSERT INTO `booking_seat` (`booking_id`, `seat_id`, `show_id`, `price`) VALUES (109, 77, 141, 12177);
INSERT INTO `booking_seat` (`booking_id`, `seat_id`, `show_id`, `price`) VALUES (67, 391, 167, 10675);
INSERT INTO `booking_seat` (`booking_id`, `seat_id`, `show_id`, `price`) VALUES (103, 468, 22, 12164);
INSERT INTO `booking_seat` (`booking_id`, `seat_id`, `show_id`, `price`) VALUES (174, 436, 178, 10346);
INSERT INTO `booking_seat` (`booking_id`, `seat_id`, `show_id`, `price`) VALUES (138, 209, 19, 18314);
INSERT INTO `booking_seat` (`booking_id`, `seat_id`, `show_id`, `price`) VALUES (188, 276, 163, 19416);
INSERT INTO `booking_seat` (`booking_id`, `seat_id`, `show_id`, `price`) VALUES (166, 198, 183, 14097);
INSERT INTO `booking_seat` (`booking_id`, `seat_id`, `show_id`, `price`) VALUES (145, 524, 155, 10687);
INSERT INTO `booking_seat` (`booking_id`, `seat_id`, `show_id`, `price`) VALUES (108, 158, 81, 15104);
INSERT INTO `booking_seat` (`booking_id`, `seat_id`, `show_id`, `price`) VALUES (98, 27, 155, 12055);
INSERT INTO `booking_seat` (`booking_id`, `seat_id`, `show_id`, `price`) VALUES (20, 277, 32, 16707);
INSERT INTO `booking_seat` (`booking_id`, `seat_id`, `show_id`, `price`) VALUES (29, 562, 105, 9080);
INSERT INTO `booking_seat` (`booking_id`, `seat_id`, `show_id`, `price`) VALUES (85, 92, 93, 13464);
INSERT INTO `booking_seat` (`booking_id`, `seat_id`, `show_id`, `price`) VALUES (200, 280, 38, 11698);
INSERT INTO `booking_seat` (`booking_id`, `seat_id`, `show_id`, `price`) VALUES (71, 11, 26, 14179);
INSERT INTO `booking_seat` (`booking_id`, `seat_id`, `show_id`, `price`) VALUES (249, 228, 97, 9720);
INSERT INTO `booking_seat` (`booking_id`, `seat_id`, `show_id`, `price`) VALUES (201, 127, 45, 16625);
INSERT INTO `booking_seat` (`booking_id`, `seat_id`, `show_id`, `price`) VALUES (187, 314, 151, 16021);
INSERT INTO `booking_seat` (`booking_id`, `seat_id`, `show_id`, `price`) VALUES (25, 542, 90, 19476);
INSERT INTO `booking_seat` (`booking_id`, `seat_id`, `show_id`, `price`) VALUES (147, 289, 142, 12440);
INSERT INTO `booking_seat` (`booking_id`, `seat_id`, `show_id`, `price`) VALUES (156, 102, 13, 10797);
INSERT INTO `booking_seat` (`booking_id`, `seat_id`, `show_id`, `price`) VALUES (82, 399, 47, 13655);
INSERT INTO `booking_seat` (`booking_id`, `seat_id`, `show_id`, `price`) VALUES (207, 545, 142, 17742);
INSERT INTO `booking_seat` (`booking_id`, `seat_id`, `show_id`, `price`) VALUES (226, 413, 123, 17704);
INSERT INTO `booking_seat` (`booking_id`, `seat_id`, `show_id`, `price`) VALUES (33, 266, 3, 19250);
INSERT INTO `booking_seat` (`booking_id`, `seat_id`, `show_id`, `price`) VALUES (132, 160, 169, 10070);
INSERT INTO `booking_seat` (`booking_id`, `seat_id`, `show_id`, `price`) VALUES (37, 388, 146, 12380);
INSERT INTO `booking_seat` (`booking_id`, `seat_id`, `show_id`, `price`) VALUES (14, 380, 182, 12081);
INSERT INTO `booking_seat` (`booking_id`, `seat_id`, `show_id`, `price`) VALUES (174, 429, 181, 15500);
INSERT INTO `booking_seat` (`booking_id`, `seat_id`, `show_id`, `price`) VALUES (47, 450, 91, 15678);
INSERT INTO `booking_seat` (`booking_id`, `seat_id`, `show_id`, `price`) VALUES (129, 294, 71, 15008);
INSERT INTO `booking_seat` (`booking_id`, `seat_id`, `show_id`, `price`) VALUES (134, 235, 79, 18414);
INSERT INTO `booking_seat` (`booking_id`, `seat_id`, `show_id`, `price`) VALUES (220, 90, 79, 14660);
INSERT INTO `booking_seat` (`booking_id`, `seat_id`, `show_id`, `price`) VALUES (198, 321, 24, 18398);
INSERT INTO `booking_seat` (`booking_id`, `seat_id`, `show_id`, `price`) VALUES (21, 79, 187, 11932);
INSERT INTO `booking_seat` (`booking_id`, `seat_id`, `show_id`, `price`) VALUES (242, 96, 43, 17425);
INSERT INTO `booking_seat` (`booking_id`, `seat_id`, `show_id`, `price`) VALUES (15, 87, 191, 12683);
INSERT INTO `booking_seat` (`booking_id`, `seat_id`, `show_id`, `price`) VALUES (142, 505, 3, 14946);
INSERT INTO `booking_seat` (`booking_id`, `seat_id`, `show_id`, `price`) VALUES (174, 521, 188, 10235);
INSERT INTO `booking_seat` (`booking_id`, `seat_id`, `show_id`, `price`) VALUES (123, 510, 132, 19225);
INSERT INTO `booking_seat` (`booking_id`, `seat_id`, `show_id`, `price`) VALUES (174, 546, 179, 10042);
INSERT INTO `booking_seat` (`booking_id`, `seat_id`, `show_id`, `price`) VALUES (104, 15, 158, 11115);
INSERT INTO `booking_seat` (`booking_id`, `seat_id`, `show_id`, `price`) VALUES (234, 8, 183, 14962);
INSERT INTO `booking_seat` (`booking_id`, `seat_id`, `show_id`, `price`) VALUES (180, 548, 192, 13653);
INSERT INTO `booking_seat` (`booking_id`, `seat_id`, `show_id`, `price`) VALUES (63, 541, 176, 17981);
INSERT INTO `booking_seat` (`booking_id`, `seat_id`, `show_id`, `price`) VALUES (11, 460, 44, 19051);
INSERT INTO `booking_seat` (`booking_id`, `seat_id`, `show_id`, `price`) VALUES (239, 537, 58, 10864);
INSERT INTO `booking_seat` (`booking_id`, `seat_id`, `show_id`, `price`) VALUES (20, 376, 35, 16416);
INSERT INTO `booking_seat` (`booking_id`, `seat_id`, `show_id`, `price`) VALUES (91, 53, 109, 16118);
INSERT INTO `booking_seat` (`booking_id`, `seat_id`, `show_id`, `price`) VALUES (98, 175, 96, 9855);
INSERT INTO `booking_seat` (`booking_id`, `seat_id`, `show_id`, `price`) VALUES (87, 256, 139, 9931);
INSERT INTO `booking_seat` (`booking_id`, `seat_id`, `show_id`, `price`) VALUES (75, 307, 124, 12809);
INSERT INTO `booking_seat` (`booking_id`, `seat_id`, `show_id`, `price`) VALUES (68, 219, 1, 18341);
INSERT INTO `booking_seat` (`booking_id`, `seat_id`, `show_id`, `price`) VALUES (146, 404, 56, 12994);
INSERT INTO `booking_seat` (`booking_id`, `seat_id`, `show_id`, `price`) VALUES (238, 528, 10, 15586);
INSERT INTO `booking_seat` (`booking_id`, `seat_id`, `show_id`, `price`) VALUES (229, 500, 15, 13828);
INSERT INTO `booking_seat` (`booking_id`, `seat_id`, `show_id`, `price`) VALUES (2, 472, 85, 12888);
INSERT INTO `booking_seat` (`booking_id`, `seat_id`, `show_id`, `price`) VALUES (91, 110, 2, 13729);
INSERT INTO `booking_seat` (`booking_id`, `seat_id`, `show_id`, `price`) VALUES (228, 191, 103, 13808);
INSERT INTO `booking_seat` (`booking_id`, `seat_id`, `show_id`, `price`) VALUES (3, 104, 111, 16061);
INSERT INTO `booking_seat` (`booking_id`, `seat_id`, `show_id`, `price`) VALUES (51, 87, 136, 16426);
INSERT INTO `booking_seat` (`booking_id`, `seat_id`, `show_id`, `price`) VALUES (231, 158, 106, 10029);
INSERT INTO `booking_seat` (`booking_id`, `seat_id`, `show_id`, `price`) VALUES (234, 500, 2, 10549);
INSERT INTO `booking_seat` (`booking_id`, `seat_id`, `show_id`, `price`) VALUES (197, 257, 58, 15711);
INSERT INTO `booking_seat` (`booking_id`, `seat_id`, `show_id`, `price`) VALUES (102, 384, 77, 13971);
INSERT INTO `booking_seat` (`booking_id`, `seat_id`, `show_id`, `price`) VALUES (110, 187, 138, 12415);
INSERT INTO `booking_seat` (`booking_id`, `seat_id`, `show_id`, `price`) VALUES (28, 450, 169, 15198);
INSERT INTO `booking_seat` (`booking_id`, `seat_id`, `show_id`, `price`) VALUES (42, 144, 91, 15110);
INSERT INTO `booking_seat` (`booking_id`, `seat_id`, `show_id`, `price`) VALUES (2, 368, 182, 11251);
INSERT INTO `booking_seat` (`booking_id`, `seat_id`, `show_id`, `price`) VALUES (29, 195, 73, 8659);
INSERT INTO `booking_seat` (`booking_id`, `seat_id`, `show_id`, `price`) VALUES (35, 405, 108, 13426);
INSERT INTO `booking_seat` (`booking_id`, `seat_id`, `show_id`, `price`) VALUES (231, 33, 42, 18915);
INSERT INTO `booking_seat` (`booking_id`, `seat_id`, `show_id`, `price`) VALUES (51, 491, 171, 12354);
INSERT INTO `booking_seat` (`booking_id`, `seat_id`, `show_id`, `price`) VALUES (31, 432, 126, 17013);
INSERT INTO `booking_seat` (`booking_id`, `seat_id`, `show_id`, `price`) VALUES (127, 131, 84, 14551);
INSERT INTO `booking_seat` (`booking_id`, `seat_id`, `show_id`, `price`) VALUES (129, 399, 34, 9797);
INSERT INTO `booking_seat` (`booking_id`, `seat_id`, `show_id`, `price`) VALUES (246, 111, 6, 10066);
INSERT INTO `booking_seat` (`booking_id`, `seat_id`, `show_id`, `price`) VALUES (40, 353, 129, 8223);
INSERT INTO `booking_seat` (`booking_id`, `seat_id`, `show_id`, `price`) VALUES (197, 243, 14, 19113);
INSERT INTO `booking_seat` (`booking_id`, `seat_id`, `show_id`, `price`) VALUES (213, 351, 110, 17782);
INSERT INTO `booking_seat` (`booking_id`, `seat_id`, `show_id`, `price`) VALUES (189, 9, 112, 15867);
INSERT INTO `booking_seat` (`booking_id`, `seat_id`, `show_id`, `price`) VALUES (75, 289, 125, 9353);
INSERT INTO `booking_seat` (`booking_id`, `seat_id`, `show_id`, `price`) VALUES (195, 440, 64, 18118);
-- payment
INSERT INTO `payment` (`payment_id`, `booking_id`, `method_id`, `amount`, `status`, `approved_at`) VALUES (1, 40, 5, 32492, 'APPROVED', '2023-03-13 04:11:15');
INSERT INTO `payment` (`payment_id`, `booking_id`, `method_id`, `amount`, `status`, `approved_at`) VALUES (2, 222, 3, 40421, 'PENDING', NULL);
INSERT INTO `payment` (`payment_id`, `booking_id`, `method_id`, `amount`, `status`, `approved_at`) VALUES (3, 211, 4, 34006, 'DECLINED', NULL);
INSERT INTO `payment` (`payment_id`, `booking_id`, `method_id`, `amount`, `status`, `approved_at`) VALUES (4, 181, 1, 73841, 'PENDING', NULL);
INSERT INTO `payment` (`payment_id`, `booking_id`, `method_id`, `amount`, `status`, `approved_at`) VALUES (5, 47, 2, 27493, 'APPROVED', '2023-01-31 04:49:00');
INSERT INTO `payment` (`payment_id`, `booking_id`, `method_id`, `amount`, `status`, `approved_at`) VALUES (6, 103, 1, 43895, 'APPROVED', '2023-02-07 15:31:16');
INSERT INTO `payment` (`payment_id`, `booking_id`, `method_id`, `amount`, `status`, `approved_at`) VALUES (7, 5, 5, 34167, 'APPROVED', '2023-01-14 13:50:53');
INSERT INTO `payment` (`payment_id`, `booking_id`, `method_id`, `amount`, `status`, `approved_at`) VALUES (8, 105, 5, 48166, 'PENDING', NULL);
INSERT INTO `payment` (`payment_id`, `booking_id`, `method_id`, `amount`, `status`, `approved_at`) VALUES (9, 163, 2, 37068, 'DECLINED', NULL);
INSERT INTO `payment` (`payment_id`, `booking_id`, `method_id`, `amount`, `status`, `approved_at`) VALUES (10, 110, 4, 16041, 'PENDING', NULL);
INSERT INTO `payment` (`payment_id`, `booking_id`, `method_id`, `amount`, `status`, `approved_at`) VALUES (11, 110, 1, 47883, 'APPROVED', '2023-03-10 13:14:14');
INSERT INTO `payment` (`payment_id`, `booking_id`, `method_id`, `amount`, `status`, `approved_at`) VALUES (12, 72, 3, 62797, 'APPROVED', '2023-03-23 01:43:53');
INSERT INTO `payment` (`payment_id`, `booking_id`, `method_id`, `amount`, `status`, `approved_at`) VALUES (13, 47, 1, 8070, 'APPROVED', '2023-06-19 11:42:37');
INSERT INTO `payment` (`payment_id`, `booking_id`, `method_id`, `amount`, `status`, `approved_at`) VALUES (14, 55, 3, 69873, 'DECLINED', NULL);
INSERT INTO `payment` (`payment_id`, `booking_id`, `method_id`, `amount`, `status`, `approved_at`) VALUES (15, 233, 5, 21207, 'DECLINED', NULL);
INSERT INTO `payment` (`payment_id`, `booking_id`, `method_id`, `amount`, `status`, `approved_at`) VALUES (16, 48, 3, 72393, 'DECLINED', NULL);
INSERT INTO `payment` (`payment_id`, `booking_id`, `method_id`, `amount`, `status`, `approved_at`) VALUES (17, 86, 3, 22618, 'APPROVED', '2023-06-21 00:29:50');
INSERT INTO `payment` (`payment_id`, `booking_id`, `method_id`, `amount`, `status`, `approved_at`) VALUES (18, 175, 5, 25079, 'DECLINED', NULL);
INSERT INTO `payment` (`payment_id`, `booking_id`, `method_id`, `amount`, `status`, `approved_at`) VALUES (19, 93, 3, 77319, 'PENDING', NULL);
INSERT INTO `payment` (`payment_id`, `booking_id`, `method_id`, `amount`, `status`, `approved_at`) VALUES (20, 96, 2, 44168, 'APPROVED', '2023-05-30 13:58:58');
INSERT INTO `payment` (`payment_id`, `booking_id`, `method_id`, `amount`, `status`, `approved_at`) VALUES (21, 23, 1, 25102, 'PENDING', NULL);
INSERT INTO `payment` (`payment_id`, `booking_id`, `method_id`, `amount`, `status`, `approved_at`) VALUES (22, 191, 5, 23775, 'APPROVED', '2023-05-31 23:49:27');
INSERT INTO `payment` (`payment_id`, `booking_id`, `method_id`, `amount`, `status`, `approved_at`) VALUES (23, 210, 2, 33287, 'PENDING', NULL);
INSERT INTO `payment` (`payment_id`, `booking_id`, `method_id`, `amount`, `status`, `approved_at`) VALUES (24, 115, 1, 17814, 'PENDING', NULL);
INSERT INTO `payment` (`payment_id`, `booking_id`, `method_id`, `amount`, `status`, `approved_at`) VALUES (25, 159, 3, 47515, 'PENDING', NULL);
INSERT INTO `payment` (`payment_id`, `booking_id`, `method_id`, `amount`, `status`, `approved_at`) VALUES (26, 122, 2, 77934, 'PENDING', NULL);
INSERT INTO `payment` (`payment_id`, `booking_id`, `method_id`, `amount`, `status`, `approved_at`) VALUES (27, 40, 1, 24755, 'APPROVED', '2023-04-18 20:02:34');
INSERT INTO `payment` (`payment_id`, `booking_id`, `method_id`, `amount`, `status`, `approved_at`) VALUES (28, 183, 3, 53526, 'DECLINED', NULL);
INSERT INTO `payment` (`payment_id`, `booking_id`, `method_id`, `amount`, `status`, `approved_at`) VALUES (29, 115, 1, 65163, 'APPROVED', '2023-05-04 15:15:19');
INSERT INTO `payment` (`payment_id`, `booking_id`, `method_id`, `amount`, `status`, `approved_at`) VALUES (30, 135, 5, 10867, 'APPROVED', '2023-06-03 09:58:53');
INSERT INTO `payment` (`payment_id`, `booking_id`, `method_id`, `amount`, `status`, `approved_at`) VALUES (31, 179, 2, 45965, 'APPROVED', '2023-05-25 02:12:48');
INSERT INTO `payment` (`payment_id`, `booking_id`, `method_id`, `amount`, `status`, `approved_at`) VALUES (32, 204, 2, 60100, 'DECLINED', NULL);
INSERT INTO `payment` (`payment_id`, `booking_id`, `method_id`, `amount`, `status`, `approved_at`) VALUES (33, 176, 5, 75303, 'APPROVED', '2023-02-12 15:56:16');
INSERT INTO `payment` (`payment_id`, `booking_id`, `method_id`, `amount`, `status`, `approved_at`) VALUES (34, 193, 5, 58351, 'PENDING', NULL);
INSERT INTO `payment` (`payment_id`, `booking_id`, `method_id`, `amount`, `status`, `approved_at`) VALUES (35, 200, 4, 60540, 'PENDING', NULL);
INSERT INTO `payment` (`payment_id`, `booking_id`, `method_id`, `amount`, `status`, `approved_at`) VALUES (36, 70, 2, 32125, 'APPROVED', '2023-02-10 20:49:19');
INSERT INTO `payment` (`payment_id`, `booking_id`, `method_id`, `amount`, `status`, `approved_at`) VALUES (37, 56, 5, 9161, 'PENDING', NULL);
INSERT INTO `payment` (`payment_id`, `booking_id`, `method_id`, `amount`, `status`, `approved_at`) VALUES (38, 117, 5, 76822, 'DECLINED', NULL);
INSERT INTO `payment` (`payment_id`, `booking_id`, `method_id`, `amount`, `status`, `approved_at`) VALUES (39, 78, 2, 46844, 'PENDING', NULL);
INSERT INTO `payment` (`payment_id`, `booking_id`, `method_id`, `amount`, `status`, `approved_at`) VALUES (40, 69, 5, 23611, 'APPROVED', '2023-02-27 01:39:38');
INSERT INTO `payment` (`payment_id`, `booking_id`, `method_id`, `amount`, `status`, `approved_at`) VALUES (41, 137, 2, 46252, 'APPROVED', '2023-06-13 05:23:36');
INSERT INTO `payment` (`payment_id`, `booking_id`, `method_id`, `amount`, `status`, `approved_at`) VALUES (42, 242, 3, 25428, 'DECLINED', NULL);
INSERT INTO `payment` (`payment_id`, `booking_id`, `method_id`, `amount`, `status`, `approved_at`) VALUES (43, 224, 1, 40637, 'APPROVED', '2023-05-17 04:13:48');
INSERT INTO `payment` (`payment_id`, `booking_id`, `method_id`, `amount`, `status`, `approved_at`) VALUES (44, 1, 3, 56380, 'DECLINED', NULL);
INSERT INTO `payment` (`payment_id`, `booking_id`, `method_id`, `amount`, `status`, `approved_at`) VALUES (45, 22, 5, 42608, 'PENDING', NULL);
INSERT INTO `payment` (`payment_id`, `booking_id`, `method_id`, `amount`, `status`, `approved_at`) VALUES (46, 35, 4, 46652, 'DECLINED', NULL);
INSERT INTO `payment` (`payment_id`, `booking_id`, `method_id`, `amount`, `status`, `approved_at`) VALUES (47, 15, 1, 54593, 'APPROVED', '2023-07-07 10:10:59');
INSERT INTO `payment` (`payment_id`, `booking_id`, `method_id`, `amount`, `status`, `approved_at`) VALUES (48, 46, 3, 10049, 'PENDING', NULL);
INSERT INTO `payment` (`payment_id`, `booking_id`, `method_id`, `amount`, `status`, `approved_at`) VALUES (49, 169, 5, 21951, 'PENDING', NULL);
INSERT INTO `payment` (`payment_id`, `booking_id`, `method_id`, `amount`, `status`, `approved_at`) VALUES (50, 191, 4, 41730, 'PENDING', NULL);
INSERT INTO `payment` (`payment_id`, `booking_id`, `method_id`, `amount`, `status`, `approved_at`) VALUES (51, 163, 5, 35021, 'DECLINED', NULL);
INSERT INTO `payment` (`payment_id`, `booking_id`, `method_id`, `amount`, `status`, `approved_at`) VALUES (52, 57, 3, 43231, 'APPROVED', '2023-05-29 22:55:49');
INSERT INTO `payment` (`payment_id`, `booking_id`, `method_id`, `amount`, `status`, `approved_at`) VALUES (53, 207, 4, 28400, 'DECLINED', NULL);
INSERT INTO `payment` (`payment_id`, `booking_id`, `method_id`, `amount`, `status`, `approved_at`) VALUES (54, 60, 4, 56318, 'APPROVED', '2023-05-03 03:24:40');
INSERT INTO `payment` (`payment_id`, `booking_id`, `method_id`, `amount`, `status`, `approved_at`) VALUES (55, 127, 2, 68213, 'APPROVED', '2023-02-15 06:52:34');
INSERT INTO `payment` (`payment_id`, `booking_id`, `method_id`, `amount`, `status`, `approved_at`) VALUES (56, 146, 4, 31646, 'PENDING', NULL);
INSERT INTO `payment` (`payment_id`, `booking_id`, `method_id`, `amount`, `status`, `approved_at`) VALUES (57, 73, 1, 48653, 'APPROVED', '2023-02-15 14:21:08');
INSERT INTO `payment` (`payment_id`, `booking_id`, `method_id`, `amount`, `status`, `approved_at`) VALUES (58, 176, 5, 32621, 'APPROVED', '2023-02-06 02:37:23');
INSERT INTO `payment` (`payment_id`, `booking_id`, `method_id`, `amount`, `status`, `approved_at`) VALUES (59, 110, 2, 67640, 'PENDING', NULL);
INSERT INTO `payment` (`payment_id`, `booking_id`, `method_id`, `amount`, `status`, `approved_at`) VALUES (60, 249, 4, 21137, 'PENDING', NULL);
INSERT INTO `payment` (`payment_id`, `booking_id`, `method_id`, `amount`, `status`, `approved_at`) VALUES (61, 135, 2, 9545, 'PENDING', NULL);
INSERT INTO `payment` (`payment_id`, `booking_id`, `method_id`, `amount`, `status`, `approved_at`) VALUES (62, 26, 4, 58330, 'APPROVED', '2023-01-29 00:29:36');
INSERT INTO `payment` (`payment_id`, `booking_id`, `method_id`, `amount`, `status`, `approved_at`) VALUES (63, 196, 1, 25324, 'APPROVED', '2023-07-17 03:02:37');
INSERT INTO `payment` (`payment_id`, `booking_id`, `method_id`, `amount`, `status`, `approved_at`) VALUES (64, 69, 2, 9769, 'APPROVED', '2023-01-28 19:44:49');
INSERT INTO `payment` (`payment_id`, `booking_id`, `method_id`, `amount`, `status`, `approved_at`) VALUES (65, 189, 3, 19136, 'APPROVED', '2023-02-05 17:29:30');
INSERT INTO `payment` (`payment_id`, `booking_id`, `method_id`, `amount`, `status`, `approved_at`) VALUES (66, 195, 5, 66238, 'APPROVED', '2023-03-20 12:04:43');
INSERT INTO `payment` (`payment_id`, `booking_id`, `method_id`, `amount`, `status`, `approved_at`) VALUES (67, 123, 2, 39956, 'APPROVED', '2023-05-20 09:44:16');
INSERT INTO `payment` (`payment_id`, `booking_id`, `method_id`, `amount`, `status`, `approved_at`) VALUES (68, 161, 5, 24131, 'APPROVED', '2023-01-12 03:44:36');
INSERT INTO `payment` (`payment_id`, `booking_id`, `method_id`, `amount`, `status`, `approved_at`) VALUES (69, 140, 3, 21443, 'PENDING', NULL);
INSERT INTO `payment` (`payment_id`, `booking_id`, `method_id`, `amount`, `status`, `approved_at`) VALUES (70, 227, 4, 26590, 'APPROVED', '2023-02-27 00:52:25');
INSERT INTO `payment` (`payment_id`, `booking_id`, `method_id`, `amount`, `status`, `approved_at`) VALUES (71, 59, 4, 58512, 'APPROVED', '2023-04-01 23:51:39');
INSERT INTO `payment` (`payment_id`, `booking_id`, `method_id`, `amount`, `status`, `approved_at`) VALUES (72, 74, 2, 58429, 'PENDING', NULL);
INSERT INTO `payment` (`payment_id`, `booking_id`, `method_id`, `amount`, `status`, `approved_at`) VALUES (73, 227, 1, 72463, 'APPROVED', '2023-01-29 08:10:28');
INSERT INTO `payment` (`payment_id`, `booking_id`, `method_id`, `amount`, `status`, `approved_at`) VALUES (74, 27, 3, 54833, 'APPROVED', '2023-06-07 12:09:01');
INSERT INTO `payment` (`payment_id`, `booking_id`, `method_id`, `amount`, `status`, `approved_at`) VALUES (75, 31, 3, 19115, 'APPROVED', '2023-06-04 05:30:05');
INSERT INTO `payment` (`payment_id`, `booking_id`, `method_id`, `amount`, `status`, `approved_at`) VALUES (76, 46, 4, 77531, 'DECLINED', NULL);
INSERT INTO `payment` (`payment_id`, `booking_id`, `method_id`, `amount`, `status`, `approved_at`) VALUES (77, 154, 2, 63737, 'APPROVED', '2023-06-20 10:58:46');
INSERT INTO `payment` (`payment_id`, `booking_id`, `method_id`, `amount`, `status`, `approved_at`) VALUES (78, 160, 3, 53663, 'APPROVED', '2023-03-11 18:10:37');
INSERT INTO `payment` (`payment_id`, `booking_id`, `method_id`, `amount`, `status`, `approved_at`) VALUES (79, 170, 3, 42786, 'PENDING', NULL);
INSERT INTO `payment` (`payment_id`, `booking_id`, `method_id`, `amount`, `status`, `approved_at`) VALUES (80, 205, 1, 8285, 'APPROVED', '2023-07-19 23:52:44');
INSERT INTO `payment` (`payment_id`, `booking_id`, `method_id`, `amount`, `status`, `approved_at`) VALUES (81, 38, 3, 27369, 'DECLINED', NULL);
INSERT INTO `payment` (`payment_id`, `booking_id`, `method_id`, `amount`, `status`, `approved_at`) VALUES (82, 115, 4, 16822, 'APPROVED', '2023-05-28 15:33:47');
INSERT INTO `payment` (`payment_id`, `booking_id`, `method_id`, `amount`, `status`, `approved_at`) VALUES (83, 246, 3, 26961, 'APPROVED', '2023-03-24 04:38:36');
INSERT INTO `payment` (`payment_id`, `booking_id`, `method_id`, `amount`, `status`, `approved_at`) VALUES (84, 47, 4, 54217, 'DECLINED', NULL);
INSERT INTO `payment` (`payment_id`, `booking_id`, `method_id`, `amount`, `status`, `approved_at`) VALUES (85, 127, 4, 71083, 'PENDING', NULL);
INSERT INTO `payment` (`payment_id`, `booking_id`, `method_id`, `amount`, `status`, `approved_at`) VALUES (86, 250, 4, 51707, 'APPROVED', '2023-06-17 08:57:11');
INSERT INTO `payment` (`payment_id`, `booking_id`, `method_id`, `amount`, `status`, `approved_at`) VALUES (87, 99, 4, 73156, 'PENDING', NULL);
INSERT INTO `payment` (`payment_id`, `booking_id`, `method_id`, `amount`, `status`, `approved_at`) VALUES (88, 137, 4, 77792, 'PENDING', NULL);
INSERT INTO `payment` (`payment_id`, `booking_id`, `method_id`, `amount`, `status`, `approved_at`) VALUES (89, 211, 2, 58413, 'APPROVED', '2023-05-29 15:21:31');
INSERT INTO `payment` (`payment_id`, `booking_id`, `method_id`, `amount`, `status`, `approved_at`) VALUES (90, 135, 5, 36748, 'PENDING', NULL);
INSERT INTO `payment` (`payment_id`, `booking_id`, `method_id`, `amount`, `status`, `approved_at`) VALUES (91, 23, 2, 55409, 'APPROVED', '2023-02-22 00:37:28');
INSERT INTO `payment` (`payment_id`, `booking_id`, `method_id`, `amount`, `status`, `approved_at`) VALUES (92, 93, 5, 70118, 'APPROVED', '2023-01-29 02:10:08');
INSERT INTO `payment` (`payment_id`, `booking_id`, `method_id`, `amount`, `status`, `approved_at`) VALUES (93, 234, 3, 55298, 'APPROVED', '2023-03-17 16:45:44');
INSERT INTO `payment` (`payment_id`, `booking_id`, `method_id`, `amount`, `status`, `approved_at`) VALUES (94, 37, 5, 63191, 'APPROVED', '2023-02-23 08:10:37');
INSERT INTO `payment` (`payment_id`, `booking_id`, `method_id`, `amount`, `status`, `approved_at`) VALUES (95, 15, 2, 23366, 'PENDING', NULL);
INSERT INTO `payment` (`payment_id`, `booking_id`, `method_id`, `amount`, `status`, `approved_at`) VALUES (96, 181, 2, 57474, 'PENDING', NULL);
INSERT INTO `payment` (`payment_id`, `booking_id`, `method_id`, `amount`, `status`, `approved_at`) VALUES (97, 7, 4, 56717, 'APPROVED', '2023-06-29 03:51:34');
INSERT INTO `payment` (`payment_id`, `booking_id`, `method_id`, `amount`, `status`, `approved_at`) VALUES (98, 170, 5, 17669, 'DECLINED', NULL);
INSERT INTO `payment` (`payment_id`, `booking_id`, `method_id`, `amount`, `status`, `approved_at`) VALUES (99, 215, 5, 28732, 'APPROVED', '2023-02-07 13:17:53');
INSERT INTO `payment` (`payment_id`, `booking_id`, `method_id`, `amount`, `status`, `approved_at`) VALUES (100, 37, 1, 40118, 'APPROVED', '2023-01-04 20:43:23');
INSERT INTO `payment` (`payment_id`, `booking_id`, `method_id`, `amount`, `status`, `approved_at`) VALUES (101, 213, 4, 27623, 'APPROVED', '2023-05-01 05:06:04');
INSERT INTO `payment` (`payment_id`, `booking_id`, `method_id`, `amount`, `status`, `approved_at`) VALUES (102, 192, 5, 47257, 'DECLINED', NULL);
INSERT INTO `payment` (`payment_id`, `booking_id`, `method_id`, `amount`, `status`, `approved_at`) VALUES (103, 106, 3, 66192, 'PENDING', NULL);
INSERT INTO `payment` (`payment_id`, `booking_id`, `method_id`, `amount`, `status`, `approved_at`) VALUES (104, 178, 1, 45587, 'APPROVED', '2023-02-09 02:11:04');
INSERT INTO `payment` (`payment_id`, `booking_id`, `method_id`, `amount`, `status`, `approved_at`) VALUES (105, 226, 1, 30751, 'PENDING', NULL);
INSERT INTO `payment` (`payment_id`, `booking_id`, `method_id`, `amount`, `status`, `approved_at`) VALUES (106, 42, 1, 59955, 'DECLINED', NULL);
INSERT INTO `payment` (`payment_id`, `booking_id`, `method_id`, `amount`, `status`, `approved_at`) VALUES (107, 175, 4, 41823, 'PENDING', NULL);
INSERT INTO `payment` (`payment_id`, `booking_id`, `method_id`, `amount`, `status`, `approved_at`) VALUES (108, 129, 3, 37794, 'DECLINED', NULL);
INSERT INTO `payment` (`payment_id`, `booking_id`, `method_id`, `amount`, `status`, `approved_at`) VALUES (109, 239, 2, 43628, 'APPROVED', '2023-05-14 13:44:47');
INSERT INTO `payment` (`payment_id`, `booking_id`, `method_id`, `amount`, `status`, `approved_at`) VALUES (110, 244, 2, 35769, 'DECLINED', NULL);
INSERT INTO `payment` (`payment_id`, `booking_id`, `method_id`, `amount`, `status`, `approved_at`) VALUES (111, 159, 1, 36692, 'DECLINED', NULL);
INSERT INTO `payment` (`payment_id`, `booking_id`, `method_id`, `amount`, `status`, `approved_at`) VALUES (112, 48, 5, 18119, 'PENDING', NULL);
INSERT INTO `payment` (`payment_id`, `booking_id`, `method_id`, `amount`, `status`, `approved_at`) VALUES (113, 120, 4, 49050, 'PENDING', NULL);
INSERT INTO `payment` (`payment_id`, `booking_id`, `method_id`, `amount`, `status`, `approved_at`) VALUES (114, 165, 4, 57868, 'APPROVED', '2023-01-14 13:31:30');
INSERT INTO `payment` (`payment_id`, `booking_id`, `method_id`, `amount`, `status`, `approved_at`) VALUES (115, 166, 4, 33523, 'DECLINED', NULL);
INSERT INTO `payment` (`payment_id`, `booking_id`, `method_id`, `amount`, `status`, `approved_at`) VALUES (116, 28, 1, 18198, 'DECLINED', NULL);
INSERT INTO `payment` (`payment_id`, `booking_id`, `method_id`, `amount`, `status`, `approved_at`) VALUES (117, 155, 3, 11676, 'APPROVED', '2023-03-14 05:55:33');
INSERT INTO `payment` (`payment_id`, `booking_id`, `method_id`, `amount`, `status`, `approved_at`) VALUES (118, 139, 1, 16561, 'APPROVED', '2023-06-02 00:23:58');
INSERT INTO `payment` (`payment_id`, `booking_id`, `method_id`, `amount`, `status`, `approved_at`) VALUES (119, 194, 3, 32607, 'PENDING', NULL);
INSERT INTO `payment` (`payment_id`, `booking_id`, `method_id`, `amount`, `status`, `approved_at`) VALUES (120, 52, 1, 39501, 'DECLINED', NULL);
INSERT INTO `payment` (`payment_id`, `booking_id`, `method_id`, `amount`, `status`, `approved_at`) VALUES (121, 22, 5, 13881, 'PENDING', NULL);
INSERT INTO `payment` (`payment_id`, `booking_id`, `method_id`, `amount`, `status`, `approved_at`) VALUES (122, 203, 4, 13987, 'APPROVED', '2023-03-22 03:23:37');
INSERT INTO `payment` (`payment_id`, `booking_id`, `method_id`, `amount`, `status`, `approved_at`) VALUES (123, 242, 3, 9111, 'DECLINED', NULL);
INSERT INTO `payment` (`payment_id`, `booking_id`, `method_id`, `amount`, `status`, `approved_at`) VALUES (124, 193, 3, 60184, 'PENDING', NULL);
INSERT INTO `payment` (`payment_id`, `booking_id`, `method_id`, `amount`, `status`, `approved_at`) VALUES (125, 50, 3, 59202, 'PENDING', NULL);
INSERT INTO `payment` (`payment_id`, `booking_id`, `method_id`, `amount`, `status`, `approved_at`) VALUES (126, 92, 2, 20763, 'DECLINED', NULL);
INSERT INTO `payment` (`payment_id`, `booking_id`, `method_id`, `amount`, `status`, `approved_at`) VALUES (127, 105, 5, 21238, 'PENDING', NULL);
INSERT INTO `payment` (`payment_id`, `booking_id`, `method_id`, `amount`, `status`, `approved_at`) VALUES (128, 207, 2, 11104, 'PENDING', NULL);
INSERT INTO `payment` (`payment_id`, `booking_id`, `method_id`, `amount`, `status`, `approved_at`) VALUES (129, 204, 4, 70515, 'PENDING', NULL);
INSERT INTO `payment` (`payment_id`, `booking_id`, `method_id`, `amount`, `status`, `approved_at`) VALUES (130, 223, 1, 46026, 'APPROVED', '2023-02-08 16:51:40');
INSERT INTO `payment` (`payment_id`, `booking_id`, `method_id`, `amount`, `status`, `approved_at`) VALUES (131, 21, 1, 38352, 'APPROVED', '2023-06-24 23:49:09');
INSERT INTO `payment` (`payment_id`, `booking_id`, `method_id`, `amount`, `status`, `approved_at`) VALUES (132, 37, 2, 73748, 'PENDING', NULL);
INSERT INTO `payment` (`payment_id`, `booking_id`, `method_id`, `amount`, `status`, `approved_at`) VALUES (133, 187, 5, 76588, 'DECLINED', NULL);
INSERT INTO `payment` (`payment_id`, `booking_id`, `method_id`, `amount`, `status`, `approved_at`) VALUES (134, 115, 2, 52436, 'DECLINED', NULL);
INSERT INTO `payment` (`payment_id`, `booking_id`, `method_id`, `amount`, `status`, `approved_at`) VALUES (135, 93, 5, 64479, 'APPROVED', '2023-07-02 14:06:47');
INSERT INTO `payment` (`payment_id`, `booking_id`, `method_id`, `amount`, `status`, `approved_at`) VALUES (136, 62, 2, 17830, 'APPROVED', '2023-05-26 22:51:25');
INSERT INTO `payment` (`payment_id`, `booking_id`, `method_id`, `amount`, `status`, `approved_at`) VALUES (137, 128, 1, 9958, 'APPROVED', '2023-07-16 11:16:12');
INSERT INTO `payment` (`payment_id`, `booking_id`, `method_id`, `amount`, `status`, `approved_at`) VALUES (138, 141, 1, 73393, 'APPROVED', '2023-04-27 11:25:19');
INSERT INTO `payment` (`payment_id`, `booking_id`, `method_id`, `amount`, `status`, `approved_at`) VALUES (139, 44, 3, 29164, 'APPROVED', '2023-03-13 20:59:24');
INSERT INTO `payment` (`payment_id`, `booking_id`, `method_id`, `amount`, `status`, `approved_at`) VALUES (140, 94, 3, 19695, 'APPROVED', '2023-02-15 16:46:30');
INSERT INTO `payment` (`payment_id`, `booking_id`, `method_id`, `amount`, `status`, `approved_at`) VALUES (141, 67, 4, 41557, 'DECLINED', NULL);
INSERT INTO `payment` (`payment_id`, `booking_id`, `method_id`, `amount`, `status`, `approved_at`) VALUES (142, 167, 2, 24248, 'PENDING', NULL);
INSERT INTO `payment` (`payment_id`, `booking_id`, `method_id`, `amount`, `status`, `approved_at`) VALUES (143, 125, 1, 55641, 'DECLINED', NULL);
INSERT INTO `payment` (`payment_id`, `booking_id`, `method_id`, `amount`, `status`, `approved_at`) VALUES (144, 103, 4, 24906, 'DECLINED', NULL);
INSERT INTO `payment` (`payment_id`, `booking_id`, `method_id`, `amount`, `status`, `approved_at`) VALUES (145, 94, 5, 49110, 'DECLINED', NULL);
INSERT INTO `payment` (`payment_id`, `booking_id`, `method_id`, `amount`, `status`, `approved_at`) VALUES (146, 22, 4, 74314, 'DECLINED', NULL);
INSERT INTO `payment` (`payment_id`, `booking_id`, `method_id`, `amount`, `status`, `approved_at`) VALUES (147, 68, 1, 15478, 'PENDING', NULL);
INSERT INTO `payment` (`payment_id`, `booking_id`, `method_id`, `amount`, `status`, `approved_at`) VALUES (148, 203, 2, 9041, 'APPROVED', '2023-01-27 10:34:57');
INSERT INTO `payment` (`payment_id`, `booking_id`, `method_id`, `amount`, `status`, `approved_at`) VALUES (149, 97, 2, 60334, 'APPROVED', '2023-02-27 14:08:05');
INSERT INTO `payment` (`payment_id`, `booking_id`, `method_id`, `amount`, `status`, `approved_at`) VALUES (150, 224, 4, 20255, 'DECLINED', NULL);
INSERT INTO `payment` (`payment_id`, `booking_id`, `method_id`, `amount`, `status`, `approved_at`) VALUES (151, 120, 4, 78138, 'DECLINED', NULL);
INSERT INTO `payment` (`payment_id`, `booking_id`, `method_id`, `amount`, `status`, `approved_at`) VALUES (152, 28, 1, 31628, 'PENDING', NULL);
INSERT INTO `payment` (`payment_id`, `booking_id`, `method_id`, `amount`, `status`, `approved_at`) VALUES (153, 28, 4, 64769, 'APPROVED', '2023-04-13 11:58:06');
INSERT INTO `payment` (`payment_id`, `booking_id`, `method_id`, `amount`, `status`, `approved_at`) VALUES (154, 17, 3, 52882, 'PENDING', NULL);
INSERT INTO `payment` (`payment_id`, `booking_id`, `method_id`, `amount`, `status`, `approved_at`) VALUES (155, 125, 2, 70419, 'APPROVED', '2023-03-13 16:33:02');
INSERT INTO `payment` (`payment_id`, `booking_id`, `method_id`, `amount`, `status`, `approved_at`) VALUES (156, 10, 5, 28413, 'DECLINED', NULL);
INSERT INTO `payment` (`payment_id`, `booking_id`, `method_id`, `amount`, `status`, `approved_at`) VALUES (157, 38, 2, 49967, 'PENDING', NULL);
INSERT INTO `payment` (`payment_id`, `booking_id`, `method_id`, `amount`, `status`, `approved_at`) VALUES (158, 9, 5, 57844, 'APPROVED', '2023-04-03 15:39:35');
INSERT INTO `payment` (`payment_id`, `booking_id`, `method_id`, `amount`, `status`, `approved_at`) VALUES (159, 122, 2, 15088, 'APPROVED', '2023-01-06 15:23:53');
INSERT INTO `payment` (`payment_id`, `booking_id`, `method_id`, `amount`, `status`, `approved_at`) VALUES (160, 70, 3, 31082, 'APPROVED', '2023-02-06 02:31:17');
INSERT INTO `payment` (`payment_id`, `booking_id`, `method_id`, `amount`, `status`, `approved_at`) VALUES (161, 71, 4, 18709, 'DECLINED', NULL);
INSERT INTO `payment` (`payment_id`, `booking_id`, `method_id`, `amount`, `status`, `approved_at`) VALUES (162, 224, 4, 63013, 'PENDING', NULL);
INSERT INTO `payment` (`payment_id`, `booking_id`, `method_id`, `amount`, `status`, `approved_at`) VALUES (163, 55, 3, 32127, 'APPROVED', '2023-01-24 15:36:08');
INSERT INTO `payment` (`payment_id`, `booking_id`, `method_id`, `amount`, `status`, `approved_at`) VALUES (164, 88, 3, 29565, 'APPROVED', '2023-03-31 15:15:32');
INSERT INTO `payment` (`payment_id`, `booking_id`, `method_id`, `amount`, `status`, `approved_at`) VALUES (165, 124, 4, 78189, 'PENDING', NULL);
INSERT INTO `payment` (`payment_id`, `booking_id`, `method_id`, `amount`, `status`, `approved_at`) VALUES (166, 201, 2, 65250, 'DECLINED', NULL);
INSERT INTO `payment` (`payment_id`, `booking_id`, `method_id`, `amount`, `status`, `approved_at`) VALUES (167, 234, 5, 59005, 'APPROVED', '2023-05-24 21:44:26');
INSERT INTO `payment` (`payment_id`, `booking_id`, `method_id`, `amount`, `status`, `approved_at`) VALUES (168, 51, 1, 26955, 'DECLINED', NULL);
INSERT INTO `payment` (`payment_id`, `booking_id`, `method_id`, `amount`, `status`, `approved_at`) VALUES (169, 171, 3, 9859, 'APPROVED', '2023-04-28 05:22:11');
INSERT INTO `payment` (`payment_id`, `booking_id`, `method_id`, `amount`, `status`, `approved_at`) VALUES (170, 128, 3, 22890, 'PENDING', NULL);
INSERT INTO `payment` (`payment_id`, `booking_id`, `method_id`, `amount`, `status`, `approved_at`) VALUES (171, 105, 3, 76248, 'PENDING', NULL);
INSERT INTO `payment` (`payment_id`, `booking_id`, `method_id`, `amount`, `status`, `approved_at`) VALUES (172, 1, 4, 24478, 'PENDING', NULL);
INSERT INTO `payment` (`payment_id`, `booking_id`, `method_id`, `amount`, `status`, `approved_at`) VALUES (173, 116, 5, 20772, 'APPROVED', '2023-02-25 06:49:56');
INSERT INTO `payment` (`payment_id`, `booking_id`, `method_id`, `amount`, `status`, `approved_at`) VALUES (174, 108, 5, 29771, 'PENDING', NULL);
INSERT INTO `payment` (`payment_id`, `booking_id`, `method_id`, `amount`, `status`, `approved_at`) VALUES (175, 97, 2, 53624, 'APPROVED', '2023-02-18 21:00:07');
INSERT INTO `payment` (`payment_id`, `booking_id`, `method_id`, `amount`, `status`, `approved_at`) VALUES (176, 245, 1, 56530, 'DECLINED', NULL);
INSERT INTO `payment` (`payment_id`, `booking_id`, `method_id`, `amount`, `status`, `approved_at`) VALUES (177, 5, 3, 48234, 'PENDING', NULL);
INSERT INTO `payment` (`payment_id`, `booking_id`, `method_id`, `amount`, `status`, `approved_at`) VALUES (178, 210, 1, 73422, 'PENDING', NULL);
INSERT INTO `payment` (`payment_id`, `booking_id`, `method_id`, `amount`, `status`, `approved_at`) VALUES (179, 117, 4, 61790, 'DECLINED', NULL);
INSERT INTO `payment` (`payment_id`, `booking_id`, `method_id`, `amount`, `status`, `approved_at`) VALUES (180, 91, 5, 63816, 'PENDING', NULL);
INSERT INTO `payment` (`payment_id`, `booking_id`, `method_id`, `amount`, `status`, `approved_at`) VALUES (181, 250, 3, 22860, 'APPROVED', '2023-04-28 15:35:49');
INSERT INTO `payment` (`payment_id`, `booking_id`, `method_id`, `amount`, `status`, `approved_at`) VALUES (182, 96, 2, 29319, 'PENDING', NULL);
INSERT INTO `payment` (`payment_id`, `booking_id`, `method_id`, `amount`, `status`, `approved_at`) VALUES (183, 112, 4, 45359, 'PENDING', NULL);
INSERT INTO `payment` (`payment_id`, `booking_id`, `method_id`, `amount`, `status`, `approved_at`) VALUES (184, 177, 4, 45125, 'PENDING', NULL);
INSERT INTO `payment` (`payment_id`, `booking_id`, `method_id`, `amount`, `status`, `approved_at`) VALUES (185, 159, 1, 19484, 'APPROVED', '2023-01-23 23:39:07');
INSERT INTO `payment` (`payment_id`, `booking_id`, `method_id`, `amount`, `status`, `approved_at`) VALUES (186, 5, 5, 61907, 'APPROVED', '2023-05-08 22:42:46');
INSERT INTO `payment` (`payment_id`, `booking_id`, `method_id`, `amount`, `status`, `approved_at`) VALUES (187, 238, 5, 21068, 'PENDING', NULL);
INSERT INTO `payment` (`payment_id`, `booking_id`, `method_id`, `amount`, `status`, `approved_at`) VALUES (188, 114, 5, 12277, 'PENDING', NULL);
INSERT INTO `payment` (`payment_id`, `booking_id`, `method_id`, `amount`, `status`, `approved_at`) VALUES (189, 75, 4, 35770, 'APPROVED', '2023-07-18 16:33:09');
INSERT INTO `payment` (`payment_id`, `booking_id`, `method_id`, `amount`, `status`, `approved_at`) VALUES (190, 142, 4, 23007, 'APPROVED', '2023-05-01 04:31:50');
INSERT INTO `payment` (`payment_id`, `booking_id`, `method_id`, `amount`, `status`, `approved_at`) VALUES (191, 90, 4, 62124, 'PENDING', NULL);
INSERT INTO `payment` (`payment_id`, `booking_id`, `method_id`, `amount`, `status`, `approved_at`) VALUES (192, 181, 4, 8996, 'DECLINED', NULL);
INSERT INTO `payment` (`payment_id`, `booking_id`, `method_id`, `amount`, `status`, `approved_at`) VALUES (193, 201, 2, 74527, 'DECLINED', NULL);
INSERT INTO `payment` (`payment_id`, `booking_id`, `method_id`, `amount`, `status`, `approved_at`) VALUES (194, 69, 3, 48291, 'DECLINED', NULL);
INSERT INTO `payment` (`payment_id`, `booking_id`, `method_id`, `amount`, `status`, `approved_at`) VALUES (195, 173, 2, 8544, 'DECLINED', NULL);
INSERT INTO `payment` (`payment_id`, `booking_id`, `method_id`, `amount`, `status`, `approved_at`) VALUES (196, 9, 1, 11440, 'APPROVED', '2023-04-06 18:53:41');
INSERT INTO `payment` (`payment_id`, `booking_id`, `method_id`, `amount`, `status`, `approved_at`) VALUES (197, 210, 5, 49611, 'DECLINED', NULL);
INSERT INTO `payment` (`payment_id`, `booking_id`, `method_id`, `amount`, `status`, `approved_at`) VALUES (198, 44, 5, 64363, 'APPROVED', '2023-05-23 14:14:56');
INSERT INTO `payment` (`payment_id`, `booking_id`, `method_id`, `amount`, `status`, `approved_at`) VALUES (199, 50, 5, 59552, 'APPROVED', '2023-05-28 15:37:23');
INSERT INTO `payment` (`payment_id`, `booking_id`, `method_id`, `amount`, `status`, `approved_at`) VALUES (200, 33, 4, 30769, 'DECLINED', NULL);
INSERT INTO `payment` (`payment_id`, `booking_id`, `method_id`, `amount`, `status`, `approved_at`) VALUES (201, 232, 3, 75800, 'APPROVED', '2023-04-22 08:24:33');
INSERT INTO `payment` (`payment_id`, `booking_id`, `method_id`, `amount`, `status`, `approved_at`) VALUES (202, 26, 2, 74093, 'APPROVED', '2023-06-11 21:00:19');
INSERT INTO `payment` (`payment_id`, `booking_id`, `method_id`, `amount`, `status`, `approved_at`) VALUES (203, 201, 4, 42108, 'PENDING', NULL);
INSERT INTO `payment` (`payment_id`, `booking_id`, `method_id`, `amount`, `status`, `approved_at`) VALUES (204, 41, 3, 34707, 'APPROVED', '2023-01-24 00:56:00');
INSERT INTO `payment` (`payment_id`, `booking_id`, `method_id`, `amount`, `status`, `approved_at`) VALUES (205, 112, 1, 28060, 'APPROVED', '2023-06-08 19:47:40');
INSERT INTO `payment` (`payment_id`, `booking_id`, `method_id`, `amount`, `status`, `approved_at`) VALUES (206, 236, 1, 58122, 'APPROVED', '2023-07-10 04:45:11');
INSERT INTO `payment` (`payment_id`, `booking_id`, `method_id`, `amount`, `status`, `approved_at`) VALUES (207, 117, 3, 32452, 'APPROVED', '2023-06-17 08:04:25');
INSERT INTO `payment` (`payment_id`, `booking_id`, `method_id`, `amount`, `status`, `approved_at`) VALUES (208, 77, 2, 78178, 'APPROVED', '2023-07-05 13:45:59');
INSERT INTO `payment` (`payment_id`, `booking_id`, `method_id`, `amount`, `status`, `approved_at`) VALUES (209, 198, 3, 14782, 'DECLINED', NULL);
INSERT INTO `payment` (`payment_id`, `booking_id`, `method_id`, `amount`, `status`, `approved_at`) VALUES (210, 22, 2, 11033, 'PENDING', NULL);
INSERT INTO `payment` (`payment_id`, `booking_id`, `method_id`, `amount`, `status`, `approved_at`) VALUES (211, 149, 1, 22540, 'DECLINED', NULL);
INSERT INTO `payment` (`payment_id`, `booking_id`, `method_id`, `amount`, `status`, `approved_at`) VALUES (212, 238, 5, 24080, 'APPROVED', '2023-02-06 10:17:02');
INSERT INTO `payment` (`payment_id`, `booking_id`, `method_id`, `amount`, `status`, `approved_at`) VALUES (213, 68, 2, 20160, 'APPROVED', '2023-05-07 13:09:29');
INSERT INTO `payment` (`payment_id`, `booking_id`, `method_id`, `amount`, `status`, `approved_at`) VALUES (214, 234, 2, 59222, 'APPROVED', '2023-05-06 00:47:57');
INSERT INTO `payment` (`payment_id`, `booking_id`, `method_id`, `amount`, `status`, `approved_at`) VALUES (215, 106, 1, 71768, 'PENDING', NULL);
INSERT INTO `payment` (`payment_id`, `booking_id`, `method_id`, `amount`, `status`, `approved_at`) VALUES (216, 20, 2, 63038, 'DECLINED', NULL);
INSERT INTO `payment` (`payment_id`, `booking_id`, `method_id`, `amount`, `status`, `approved_at`) VALUES (217, 228, 3, 67097, 'APPROVED', '2023-02-16 10:52:38');
INSERT INTO `payment` (`payment_id`, `booking_id`, `method_id`, `amount`, `status`, `approved_at`) VALUES (218, 3, 2, 12122, 'APPROVED', '2023-03-29 12:37:33');
INSERT INTO `payment` (`payment_id`, `booking_id`, `method_id`, `amount`, `status`, `approved_at`) VALUES (219, 124, 5, 79628, 'APPROVED', '2023-02-10 18:59:46');
INSERT INTO `payment` (`payment_id`, `booking_id`, `method_id`, `amount`, `status`, `approved_at`) VALUES (220, 190, 3, 23937, 'APPROVED', '2023-06-05 01:04:33');
INSERT INTO `payment` (`payment_id`, `booking_id`, `method_id`, `amount`, `status`, `approved_at`) VALUES (221, 138, 1, 75894, 'PENDING', NULL);
INSERT INTO `payment` (`payment_id`, `booking_id`, `method_id`, `amount`, `status`, `approved_at`) VALUES (222, 195, 2, 36351, 'DECLINED', NULL);
INSERT INTO `payment` (`payment_id`, `booking_id`, `method_id`, `amount`, `status`, `approved_at`) VALUES (223, 30, 2, 11866, 'DECLINED', NULL);
INSERT INTO `payment` (`payment_id`, `booking_id`, `method_id`, `amount`, `status`, `approved_at`) VALUES (224, 36, 2, 18937, 'PENDING', NULL);
INSERT INTO `payment` (`payment_id`, `booking_id`, `method_id`, `amount`, `status`, `approved_at`) VALUES (225, 178, 2, 43073, 'DECLINED', NULL);
INSERT INTO `payment` (`payment_id`, `booking_id`, `method_id`, `amount`, `status`, `approved_at`) VALUES (226, 124, 2, 20054, 'DECLINED', NULL);
INSERT INTO `payment` (`payment_id`, `booking_id`, `method_id`, `amount`, `status`, `approved_at`) VALUES (227, 182, 5, 46577, 'DECLINED', NULL);
INSERT INTO `payment` (`payment_id`, `booking_id`, `method_id`, `amount`, `status`, `approved_at`) VALUES (228, 191, 4, 65155, 'PENDING', NULL);
INSERT INTO `payment` (`payment_id`, `booking_id`, `method_id`, `amount`, `status`, `approved_at`) VALUES (229, 243, 4, 33304, 'DECLINED', NULL);
INSERT INTO `payment` (`payment_id`, `booking_id`, `method_id`, `amount`, `status`, `approved_at`) VALUES (230, 45, 2, 44842, 'DECLINED', NULL);
-- coupon
INSERT INTO `coupon` (`coupon_id`, `promotion_id`, `code`, `max_uses`, `remaining`, `discount_type`, `discount_value`, `valid_from`, `valid_to`) VALUES (1, 2, 'CPN0001', 5, 4, 'FIXED', 1678, '2023-02-22 17:45:41', '2024-03-19 16:14:38');
INSERT INTO `coupon` (`coupon_id`, `promotion_id`, `code`, `max_uses`, `remaining`, `discount_type`, `discount_value`, `valid_from`, `valid_to`) VALUES (2, 7, 'CPN0002', 5, 5, 'FIXED', 4341, '2023-03-23 22:40:46', '2023-04-21 22:06:39');
INSERT INTO `coupon` (`coupon_id`, `promotion_id`, `code`, `max_uses`, `remaining`, `discount_type`, `discount_value`, `valid_from`, `valid_to`) VALUES (3, 7, 'CPN0003', 4, 1, 'FIXED', 2531, '2023-06-11 02:20:23', '2024-04-05 06:05:21');
INSERT INTO `coupon` (`coupon_id`, `promotion_id`, `code`, `max_uses`, `remaining`, `discount_type`, `discount_value`, `valid_from`, `valid_to`) VALUES (4, 1, 'CPN0004', 5, 2, 'FIXED', 2202, '2023-06-04 23:29:14', '2024-06-27 12:49:30');
INSERT INTO `coupon` (`coupon_id`, `promotion_id`, `code`, `max_uses`, `remaining`, `discount_type`, `discount_value`, `valid_from`, `valid_to`) VALUES (5, 7, 'CPN0005', 1, 0, 'PERCENT', 25.23, '2023-04-20 06:46:08', '2024-01-02 08:55:54');
INSERT INTO `coupon` (`coupon_id`, `promotion_id`, `code`, `max_uses`, `remaining`, `discount_type`, `discount_value`, `valid_from`, `valid_to`) VALUES (6, 2, 'CPN0006', 2, 2, 'FIXED', 2523, '2023-02-07 11:26:55', '2023-05-06 00:21:02');
INSERT INTO `coupon` (`coupon_id`, `promotion_id`, `code`, `max_uses`, `remaining`, `discount_type`, `discount_value`, `valid_from`, `valid_to`) VALUES (7, 6, 'CPN0007', 1, 1, 'PERCENT', 16.63, '2023-03-24 08:28:13', '2024-07-29 02:24:41');
INSERT INTO `coupon` (`coupon_id`, `promotion_id`, `code`, `max_uses`, `remaining`, `discount_type`, `discount_value`, `valid_from`, `valid_to`) VALUES (8, 7, 'CPN0008', 3, 1, 'PERCENT', 7.57, '2023-03-13 22:07:59', '2023-03-18 20:53:48');
INSERT INTO `coupon` (`coupon_id`, `promotion_id`, `code`, `max_uses`, `remaining`, `discount_type`, `discount_value`, `valid_from`, `valid_to`) VALUES (9, 7, 'CPN0009', 4, 2, 'FIXED', 1811, '2023-02-20 01:48:29', '2024-05-20 18:09:19');
INSERT INTO `coupon` (`coupon_id`, `promotion_id`, `code`, `max_uses`, `remaining`, `discount_type`, `discount_value`, `valid_from`, `valid_to`) VALUES (10, 1, 'CPN0010', 3, 3, 'PERCENT', 8.1, '2023-02-13 21:53:50', '2023-12-01 21:31:25');
INSERT INTO `coupon` (`coupon_id`, `promotion_id`, `code`, `max_uses`, `remaining`, `discount_type`, `discount_value`, `valid_from`, `valid_to`) VALUES (11, 7, 'CPN0011', 2, 2, 'PERCENT', 12.13, '2023-06-14 20:57:45', '2023-01-05 16:48:45');
INSERT INTO `coupon` (`coupon_id`, `promotion_id`, `code`, `max_uses`, `remaining`, `discount_type`, `discount_value`, `valid_from`, `valid_to`) VALUES (12, 5, 'CPN0012', 2, 1, 'PERCENT', 27.4, '2023-05-16 01:25:27', '2023-12-12 23:28:32');
INSERT INTO `coupon` (`coupon_id`, `promotion_id`, `code`, `max_uses`, `remaining`, `discount_type`, `discount_value`, `valid_from`, `valid_to`) VALUES (13, 1, 'CPN0013', 1, 1, 'PERCENT', 25.75, '2023-04-17 10:57:32', '2023-10-09 11:32:54');
INSERT INTO `coupon` (`coupon_id`, `promotion_id`, `code`, `max_uses`, `remaining`, `discount_type`, `discount_value`, `valid_from`, `valid_to`) VALUES (14, 6, 'CPN0014', 4, 0, 'FIXED', 3022, '2023-06-06 01:42:49', '2024-02-07 10:51:57');
INSERT INTO `coupon` (`coupon_id`, `promotion_id`, `code`, `max_uses`, `remaining`, `discount_type`, `discount_value`, `valid_from`, `valid_to`) VALUES (15, 8, 'CPN0015', 4, 0, 'FIXED', 4840, '2023-06-08 03:44:26', '2023-01-30 08:09:22');
INSERT INTO `coupon` (`coupon_id`, `promotion_id`, `code`, `max_uses`, `remaining`, `discount_type`, `discount_value`, `valid_from`, `valid_to`) VALUES (16, 1, 'CPN0016', 1, 0, 'PERCENT', 29.84, '2023-06-26 15:51:45', '2023-08-20 06:11:47');
INSERT INTO `coupon` (`coupon_id`, `promotion_id`, `code`, `max_uses`, `remaining`, `discount_type`, `discount_value`, `valid_from`, `valid_to`) VALUES (17, 2, 'CPN0017', 2, 2, 'FIXED', 4342, '2023-05-18 00:10:47', '2023-02-23 09:27:17');
INSERT INTO `coupon` (`coupon_id`, `promotion_id`, `code`, `max_uses`, `remaining`, `discount_type`, `discount_value`, `valid_from`, `valid_to`) VALUES (18, 1, 'CPN0018', 1, 0, 'FIXED', 1307, '2023-03-09 11:59:25', '2024-01-24 09:49:37');
INSERT INTO `coupon` (`coupon_id`, `promotion_id`, `code`, `max_uses`, `remaining`, `discount_type`, `discount_value`, `valid_from`, `valid_to`) VALUES (19, 3, 'CPN0019', 2, 2, 'FIXED', 1491, '2023-02-02 11:37:35', '2023-06-01 21:16:03');
INSERT INTO `coupon` (`coupon_id`, `promotion_id`, `code`, `max_uses`, `remaining`, `discount_type`, `discount_value`, `valid_from`, `valid_to`) VALUES (20, 7, 'CPN0020', 4, 0, 'PERCENT', 19.45, '2023-06-19 17:50:38', '2023-10-15 11:43:13');
INSERT INTO `coupon` (`coupon_id`, `promotion_id`, `code`, `max_uses`, `remaining`, `discount_type`, `discount_value`, `valid_from`, `valid_to`) VALUES (21, 8, 'CPN0021', 2, 0, 'FIXED', 4138, '2023-03-17 03:00:52', '2023-12-28 20:20:05');
INSERT INTO `coupon` (`coupon_id`, `promotion_id`, `code`, `max_uses`, `remaining`, `discount_type`, `discount_value`, `valid_from`, `valid_to`) VALUES (22, 4, 'CPN0022', 2, 2, 'PERCENT', 6.88, '2023-05-07 02:11:39', '2023-08-06 00:28:40');
INSERT INTO `coupon` (`coupon_id`, `promotion_id`, `code`, `max_uses`, `remaining`, `discount_type`, `discount_value`, `valid_from`, `valid_to`) VALUES (23, 4, 'CPN0023', 4, 3, 'PERCENT', 17.19, '2023-03-29 07:35:49', '2024-06-24 18:42:41');
INSERT INTO `coupon` (`coupon_id`, `promotion_id`, `code`, `max_uses`, `remaining`, `discount_type`, `discount_value`, `valid_from`, `valid_to`) VALUES (24, 6, 'CPN0024', 3, 3, 'PERCENT', 26.2, '2023-01-28 04:44:07', '2023-08-13 13:14:23');
INSERT INTO `coupon` (`coupon_id`, `promotion_id`, `code`, `max_uses`, `remaining`, `discount_type`, `discount_value`, `valid_from`, `valid_to`) VALUES (25, 7, 'CPN0025', 4, 4, 'PERCENT', 24.5, '2023-02-18 02:29:56', '2023-10-12 15:24:15');
INSERT INTO `coupon` (`coupon_id`, `promotion_id`, `code`, `max_uses`, `remaining`, `discount_type`, `discount_value`, `valid_from`, `valid_to`) VALUES (26, 3, 'CPN0026', 3, 0, 'PERCENT', 16.52, '2023-01-28 04:00:44', '2023-09-04 00:36:14');
INSERT INTO `coupon` (`coupon_id`, `promotion_id`, `code`, `max_uses`, `remaining`, `discount_type`, `discount_value`, `valid_from`, `valid_to`) VALUES (27, 8, 'CPN0027', 2, 1, 'PERCENT', 16.91, '2023-05-16 16:28:48', '2023-12-27 09:40:09');
INSERT INTO `coupon` (`coupon_id`, `promotion_id`, `code`, `max_uses`, `remaining`, `discount_type`, `discount_value`, `valid_from`, `valid_to`) VALUES (28, 2, 'CPN0028', 5, 0, 'FIXED', 2767, '2023-02-24 05:29:02', '2024-02-11 18:17:03');
INSERT INTO `coupon` (`coupon_id`, `promotion_id`, `code`, `max_uses`, `remaining`, `discount_type`, `discount_value`, `valid_from`, `valid_to`) VALUES (29, 7, 'CPN0029', 5, 2, 'PERCENT', 16.03, '2023-04-05 03:33:40', '2023-02-20 23:36:56');
INSERT INTO `coupon` (`coupon_id`, `promotion_id`, `code`, `max_uses`, `remaining`, `discount_type`, `discount_value`, `valid_from`, `valid_to`) VALUES (30, 7, 'CPN0030', 4, 1, 'FIXED', 1775, '2023-04-14 06:25:53', '2023-10-10 19:16:50');
INSERT INTO `coupon` (`coupon_id`, `promotion_id`, `code`, `max_uses`, `remaining`, `discount_type`, `discount_value`, `valid_from`, `valid_to`) VALUES (31, 10, 'CPN0031', 4, 4, 'FIXED', 1447, '2023-06-24 01:48:56', '2023-09-12 04:02:39');
INSERT INTO `coupon` (`coupon_id`, `promotion_id`, `code`, `max_uses`, `remaining`, `discount_type`, `discount_value`, `valid_from`, `valid_to`) VALUES (32, 4, 'CPN0032', 1, 0, 'PERCENT', 19.38, '2023-03-03 02:23:50', '2024-06-28 03:40:42');
INSERT INTO `coupon` (`coupon_id`, `promotion_id`, `code`, `max_uses`, `remaining`, `discount_type`, `discount_value`, `valid_from`, `valid_to`) VALUES (33, 5, 'CPN0033', 2, 2, 'FIXED', 2605, '2023-04-11 03:41:18', '2023-08-14 09:46:02');
INSERT INTO `coupon` (`coupon_id`, `promotion_id`, `code`, `max_uses`, `remaining`, `discount_type`, `discount_value`, `valid_from`, `valid_to`) VALUES (34, 8, 'CPN0034', 2, 0, 'PERCENT', 13.69, '2023-03-15 21:42:39', '2023-10-22 00:06:47');
INSERT INTO `coupon` (`coupon_id`, `promotion_id`, `code`, `max_uses`, `remaining`, `discount_type`, `discount_value`, `valid_from`, `valid_to`) VALUES (35, 2, 'CPN0035', 2, 2, 'FIXED', 4027, '2023-03-20 08:41:16', '2023-06-24 11:28:22');
INSERT INTO `coupon` (`coupon_id`, `promotion_id`, `code`, `max_uses`, `remaining`, `discount_type`, `discount_value`, `valid_from`, `valid_to`) VALUES (36, 2, 'CPN0036', 2, 0, 'FIXED', 4685, '2023-04-27 05:09:50', '2023-01-14 17:16:46');
INSERT INTO `coupon` (`coupon_id`, `promotion_id`, `code`, `max_uses`, `remaining`, `discount_type`, `discount_value`, `valid_from`, `valid_to`) VALUES (37, 7, 'CPN0037', 3, 0, 'PERCENT', 29.36, '2023-01-20 06:12:57', '2023-01-10 21:37:37');
INSERT INTO `coupon` (`coupon_id`, `promotion_id`, `code`, `max_uses`, `remaining`, `discount_type`, `discount_value`, `valid_from`, `valid_to`) VALUES (38, 6, 'CPN0038', 4, 4, 'PERCENT', 17.21, '2023-03-05 17:12:20', '2023-04-23 01:38:41');
INSERT INTO `coupon` (`coupon_id`, `promotion_id`, `code`, `max_uses`, `remaining`, `discount_type`, `discount_value`, `valid_from`, `valid_to`) VALUES (39, 1, 'CPN0039', 5, 5, 'FIXED', 4421, '2023-02-28 19:07:28', '2024-05-30 06:05:28');
INSERT INTO `coupon` (`coupon_id`, `promotion_id`, `code`, `max_uses`, `remaining`, `discount_type`, `discount_value`, `valid_from`, `valid_to`) VALUES (40, 3, 'CPN0040', 1, 0, 'FIXED', 4292, '2023-07-08 12:13:17', '2024-04-08 17:51:52');
INSERT INTO `coupon` (`coupon_id`, `promotion_id`, `code`, `max_uses`, `remaining`, `discount_type`, `discount_value`, `valid_from`, `valid_to`) VALUES (41, 6, 'CPN0041', 5, 2, 'FIXED', 2038, '2023-04-04 16:42:09', '2023-01-14 12:50:19');
INSERT INTO `coupon` (`coupon_id`, `promotion_id`, `code`, `max_uses`, `remaining`, `discount_type`, `discount_value`, `valid_from`, `valid_to`) VALUES (42, 5, 'CPN0042', 3, 3, 'PERCENT', 11.75, '2023-05-13 23:17:39', '2023-01-22 05:23:05');
INSERT INTO `coupon` (`coupon_id`, `promotion_id`, `code`, `max_uses`, `remaining`, `discount_type`, `discount_value`, `valid_from`, `valid_to`) VALUES (43, 7, 'CPN0043', 2, 2, 'PERCENT', 13.93, '2023-01-08 08:53:49', '2024-08-14 15:40:55');
INSERT INTO `coupon` (`coupon_id`, `promotion_id`, `code`, `max_uses`, `remaining`, `discount_type`, `discount_value`, `valid_from`, `valid_to`) VALUES (44, 6, 'CPN0044', 2, 2, 'PERCENT', 9.85, '2023-04-07 23:15:20', '2023-04-21 09:58:23');
INSERT INTO `coupon` (`coupon_id`, `promotion_id`, `code`, `max_uses`, `remaining`, `discount_type`, `discount_value`, `valid_from`, `valid_to`) VALUES (45, 9, 'CPN0045', 4, 4, 'PERCENT', 11.63, '2023-06-23 12:42:03', '2023-12-06 14:14:12');
INSERT INTO `coupon` (`coupon_id`, `promotion_id`, `code`, `max_uses`, `remaining`, `discount_type`, `discount_value`, `valid_from`, `valid_to`) VALUES (46, 10, 'CPN0046', 4, 2, 'FIXED', 1780, '2023-01-11 21:05:58', '2024-06-16 12:29:53');
INSERT INTO `coupon` (`coupon_id`, `promotion_id`, `code`, `max_uses`, `remaining`, `discount_type`, `discount_value`, `valid_from`, `valid_to`) VALUES (47, 10, 'CPN0047', 1, 1, 'FIXED', 3321, '2023-03-30 10:30:02', '2023-04-23 00:18:12');
INSERT INTO `coupon` (`coupon_id`, `promotion_id`, `code`, `max_uses`, `remaining`, `discount_type`, `discount_value`, `valid_from`, `valid_to`) VALUES (48, 8, 'CPN0048', 2, 1, 'PERCENT', 18.08, '2023-03-16 22:42:42', '2024-07-25 05:55:13');
INSERT INTO `coupon` (`coupon_id`, `promotion_id`, `code`, `max_uses`, `remaining`, `discount_type`, `discount_value`, `valid_from`, `valid_to`) VALUES (49, 5, 'CPN0049', 4, 2, 'PERCENT', 24.99, '2023-01-04 16:31:28', '2023-02-11 07:54:45');
INSERT INTO `coupon` (`coupon_id`, `promotion_id`, `code`, `max_uses`, `remaining`, `discount_type`, `discount_value`, `valid_from`, `valid_to`) VALUES (50, 5, 'CPN0050', 5, 0, 'PERCENT', 17.21, '2023-01-02 15:40:03', '2023-12-27 00:01:24');
INSERT INTO `coupon` (`coupon_id`, `promotion_id`, `code`, `max_uses`, `remaining`, `discount_type`, `discount_value`, `valid_from`, `valid_to`) VALUES (51, 1, 'CPN0051', 3, 1, 'FIXED', 4599, '2023-03-14 18:16:37', '2024-07-28 05:38:41');
INSERT INTO `coupon` (`coupon_id`, `promotion_id`, `code`, `max_uses`, `remaining`, `discount_type`, `discount_value`, `valid_from`, `valid_to`) VALUES (52, 2, 'CPN0052', 3, 1, 'PERCENT', 15.8, '2023-01-21 10:35:16', '2023-08-13 01:10:12');
INSERT INTO `coupon` (`coupon_id`, `promotion_id`, `code`, `max_uses`, `remaining`, `discount_type`, `discount_value`, `valid_from`, `valid_to`) VALUES (53, 8, 'CPN0053', 3, 1, 'FIXED', 2730, '2023-04-13 03:34:23', '2023-09-25 10:59:46');
INSERT INTO `coupon` (`coupon_id`, `promotion_id`, `code`, `max_uses`, `remaining`, `discount_type`, `discount_value`, `valid_from`, `valid_to`) VALUES (54, 10, 'CPN0054', 3, 1, 'FIXED', 3780, '2023-03-24 21:03:01', '2023-05-23 07:15:49');
INSERT INTO `coupon` (`coupon_id`, `promotion_id`, `code`, `max_uses`, `remaining`, `discount_type`, `discount_value`, `valid_from`, `valid_to`) VALUES (55, 5, 'CPN0055', 2, 1, 'PERCENT', 12.53, '2023-01-22 10:49:32', '2024-08-03 22:52:35');
INSERT INTO `coupon` (`coupon_id`, `promotion_id`, `code`, `max_uses`, `remaining`, `discount_type`, `discount_value`, `valid_from`, `valid_to`) VALUES (56, 8, 'CPN0056', 5, 1, 'FIXED', 4204, '2023-04-22 03:29:48', '2023-05-22 19:10:18');
INSERT INTO `coupon` (`coupon_id`, `promotion_id`, `code`, `max_uses`, `remaining`, `discount_type`, `discount_value`, `valid_from`, `valid_to`) VALUES (57, 8, 'CPN0057', 3, 2, 'FIXED', 2450, '2023-04-20 16:59:11', '2024-03-06 14:56:13');
INSERT INTO `coupon` (`coupon_id`, `promotion_id`, `code`, `max_uses`, `remaining`, `discount_type`, `discount_value`, `valid_from`, `valid_to`) VALUES (58, 8, 'CPN0058', 1, 0, 'FIXED', 1362, '2023-07-13 05:07:06', '2023-11-06 08:50:04');
INSERT INTO `coupon` (`coupon_id`, `promotion_id`, `code`, `max_uses`, `remaining`, `discount_type`, `discount_value`, `valid_from`, `valid_to`) VALUES (59, 10, 'CPN0059', 5, 2, 'PERCENT', 20.52, '2023-05-25 10:40:49', '2023-02-24 14:17:46');
INSERT INTO `coupon` (`coupon_id`, `promotion_id`, `code`, `max_uses`, `remaining`, `discount_type`, `discount_value`, `valid_from`, `valid_to`) VALUES (60, 3, 'CPN0060', 4, 0, 'FIXED', 4307, '2023-07-15 18:51:36', '2024-04-16 01:58:43');
INSERT INTO `coupon` (`coupon_id`, `promotion_id`, `code`, `max_uses`, `remaining`, `discount_type`, `discount_value`, `valid_from`, `valid_to`) VALUES (61, 2, 'CPN0061', 1, 1, 'PERCENT', 13.34, '2023-01-25 10:34:46', '2024-08-02 17:31:46');
INSERT INTO `coupon` (`coupon_id`, `promotion_id`, `code`, `max_uses`, `remaining`, `discount_type`, `discount_value`, `valid_from`, `valid_to`) VALUES (62, 6, 'CPN0062', 1, 0, 'PERCENT', 22.54, '2023-05-13 05:14:54', '2024-07-29 18:02:00');
INSERT INTO `coupon` (`coupon_id`, `promotion_id`, `code`, `max_uses`, `remaining`, `discount_type`, `discount_value`, `valid_from`, `valid_to`) VALUES (63, 3, 'CPN0063', 2, 2, 'PERCENT', 12.52, '2023-03-21 00:14:05', '2024-05-11 22:42:24');
INSERT INTO `coupon` (`coupon_id`, `promotion_id`, `code`, `max_uses`, `remaining`, `discount_type`, `discount_value`, `valid_from`, `valid_to`) VALUES (64, 4, 'CPN0064', 1, 0, 'PERCENT', 8.83, '2023-01-31 18:55:34', '2023-04-10 09:00:01');
INSERT INTO `coupon` (`coupon_id`, `promotion_id`, `code`, `max_uses`, `remaining`, `discount_type`, `discount_value`, `valid_from`, `valid_to`) VALUES (65, 4, 'CPN0065', 1, 1, 'PERCENT', 25.82, '2023-04-24 14:13:31', '2023-02-26 04:26:06');
INSERT INTO `coupon` (`coupon_id`, `promotion_id`, `code`, `max_uses`, `remaining`, `discount_type`, `discount_value`, `valid_from`, `valid_to`) VALUES (66, 5, 'CPN0066', 4, 3, 'PERCENT', 25.51, '2023-05-20 09:28:34', '2024-03-25 23:57:46');
INSERT INTO `coupon` (`coupon_id`, `promotion_id`, `code`, `max_uses`, `remaining`, `discount_type`, `discount_value`, `valid_from`, `valid_to`) VALUES (67, 10, 'CPN0067', 1, 1, 'PERCENT', 20.9, '2023-02-17 05:09:31', '2023-09-04 06:13:03');
INSERT INTO `coupon` (`coupon_id`, `promotion_id`, `code`, `max_uses`, `remaining`, `discount_type`, `discount_value`, `valid_from`, `valid_to`) VALUES (68, 9, 'CPN0068', 5, 1, 'FIXED', 2967, '2023-03-16 10:32:18', '2023-04-13 21:26:10');
INSERT INTO `coupon` (`coupon_id`, `promotion_id`, `code`, `max_uses`, `remaining`, `discount_type`, `discount_value`, `valid_from`, `valid_to`) VALUES (69, 8, 'CPN0069', 3, 2, 'FIXED', 2580, '2023-06-28 03:54:28', '2024-04-20 15:10:43');
INSERT INTO `coupon` (`coupon_id`, `promotion_id`, `code`, `max_uses`, `remaining`, `discount_type`, `discount_value`, `valid_from`, `valid_to`) VALUES (70, 7, 'CPN0070', 2, 0, 'FIXED', 2872, '2023-01-31 20:32:32', '2024-02-03 00:24:04');
INSERT INTO `coupon` (`coupon_id`, `promotion_id`, `code`, `max_uses`, `remaining`, `discount_type`, `discount_value`, `valid_from`, `valid_to`) VALUES (71, 10, 'CPN0071', 3, 0, 'FIXED', 1174, '2023-04-01 05:04:18', '2024-04-24 16:41:16');
INSERT INTO `coupon` (`coupon_id`, `promotion_id`, `code`, `max_uses`, `remaining`, `discount_type`, `discount_value`, `valid_from`, `valid_to`) VALUES (72, 5, 'CPN0072', 1, 0, 'FIXED', 3050, '2023-05-09 07:40:27', '2023-12-24 19:07:00');
INSERT INTO `coupon` (`coupon_id`, `promotion_id`, `code`, `max_uses`, `remaining`, `discount_type`, `discount_value`, `valid_from`, `valid_to`) VALUES (73, 7, 'CPN0073', 5, 0, 'PERCENT', 21.4, '2023-04-01 23:52:54', '2024-07-30 12:21:11');
INSERT INTO `coupon` (`coupon_id`, `promotion_id`, `code`, `max_uses`, `remaining`, `discount_type`, `discount_value`, `valid_from`, `valid_to`) VALUES (74, 8, 'CPN0074', 2, 1, 'FIXED', 4782, '2023-04-11 02:29:00', '2024-05-10 13:42:31');
INSERT INTO `coupon` (`coupon_id`, `promotion_id`, `code`, `max_uses`, `remaining`, `discount_type`, `discount_value`, `valid_from`, `valid_to`) VALUES (75, 8, 'CPN0075', 5, 5, 'PERCENT', 19.4, '2023-05-10 23:59:24', '2024-06-22 09:26:17');
INSERT INTO `coupon` (`coupon_id`, `promotion_id`, `code`, `max_uses`, `remaining`, `discount_type`, `discount_value`, `valid_from`, `valid_to`) VALUES (76, 3, 'CPN0076', 3, 2, 'FIXED', 1276, '2023-01-12 01:04:29', '2023-06-12 08:26:09');
INSERT INTO `coupon` (`coupon_id`, `promotion_id`, `code`, `max_uses`, `remaining`, `discount_type`, `discount_value`, `valid_from`, `valid_to`) VALUES (77, 2, 'CPN0077', 1, 1, 'FIXED', 2325, '2023-07-14 08:25:47', '2023-08-31 03:50:19');
INSERT INTO `coupon` (`coupon_id`, `promotion_id`, `code`, `max_uses`, `remaining`, `discount_type`, `discount_value`, `valid_from`, `valid_to`) VALUES (78, 3, 'CPN0078', 4, 3, 'PERCENT', 6.55, '2023-03-06 04:10:04', '2023-02-08 02:39:12');
INSERT INTO `coupon` (`coupon_id`, `promotion_id`, `code`, `max_uses`, `remaining`, `discount_type`, `discount_value`, `valid_from`, `valid_to`) VALUES (79, 8, 'CPN0079', 3, 0, 'PERCENT', 13.03, '2023-06-28 16:21:58', '2024-01-22 04:51:00');
INSERT INTO `coupon` (`coupon_id`, `promotion_id`, `code`, `max_uses`, `remaining`, `discount_type`, `discount_value`, `valid_from`, `valid_to`) VALUES (80, 10, 'CPN0080', 5, 1, 'PERCENT', 11.31, '2023-04-23 10:24:58', '2023-08-19 07:19:30');
-- coupon_redeem
INSERT INTO `coupon_redeem` (`redeem_id`, `coupon_id`, `booking_id`, `redeemed_at`) VALUES (1, 21, 112, '2023-05-16 07:00:04');
INSERT INTO `coupon_redeem` (`redeem_id`, `coupon_id`, `booking_id`, `redeemed_at`) VALUES (2, 12, 150, '2023-01-07 22:54:19');
INSERT INTO `coupon_redeem` (`redeem_id`, `coupon_id`, `booking_id`, `redeemed_at`) VALUES (3, 13, 53, '2023-01-09 05:07:03');
INSERT INTO `coupon_redeem` (`redeem_id`, `coupon_id`, `booking_id`, `redeemed_at`) VALUES (4, 1, 93, '2023-07-18 14:51:20');
INSERT INTO `coupon_redeem` (`redeem_id`, `coupon_id`, `booking_id`, `redeemed_at`) VALUES (5, 73, 140, '2023-01-19 12:24:17');
INSERT INTO `coupon_redeem` (`redeem_id`, `coupon_id`, `booking_id`, `redeemed_at`) VALUES (6, 24, 175, '2023-07-06 23:22:58');
INSERT INTO `coupon_redeem` (`redeem_id`, `coupon_id`, `booking_id`, `redeemed_at`) VALUES (7, 68, 128, '2023-02-18 07:33:14');
INSERT INTO `coupon_redeem` (`redeem_id`, `coupon_id`, `booking_id`, `redeemed_at`) VALUES (8, 74, 212, '2023-05-02 18:14:07');
INSERT INTO `coupon_redeem` (`redeem_id`, `coupon_id`, `booking_id`, `redeemed_at`) VALUES (9, 46, 92, '2023-06-08 20:20:29');
INSERT INTO `coupon_redeem` (`redeem_id`, `coupon_id`, `booking_id`, `redeemed_at`) VALUES (10, 18, 206, '2023-01-18 15:58:44');
INSERT INTO `coupon_redeem` (`redeem_id`, `coupon_id`, `booking_id`, `redeemed_at`) VALUES (11, 55, 161, '2023-04-07 02:34:48');
INSERT INTO `coupon_redeem` (`redeem_id`, `coupon_id`, `booking_id`, `redeemed_at`) VALUES (12, 73, 21, '2023-02-02 18:49:56');
INSERT INTO `coupon_redeem` (`redeem_id`, `coupon_id`, `booking_id`, `redeemed_at`) VALUES (13, 39, 26, '2023-01-31 18:09:27');
INSERT INTO `coupon_redeem` (`redeem_id`, `coupon_id`, `booking_id`, `redeemed_at`) VALUES (14, 30, 14, '2023-06-03 19:40:49');
INSERT INTO `coupon_redeem` (`redeem_id`, `coupon_id`, `booking_id`, `redeemed_at`) VALUES (15, 43, 6, '2023-02-27 10:33:17');
INSERT INTO `coupon_redeem` (`redeem_id`, `coupon_id`, `booking_id`, `redeemed_at`) VALUES (16, 33, 100, '2023-06-30 13:01:51');
INSERT INTO `coupon_redeem` (`redeem_id`, `coupon_id`, `booking_id`, `redeemed_at`) VALUES (17, 9, 224, '2023-02-10 10:29:17');
INSERT INTO `coupon_redeem` (`redeem_id`, `coupon_id`, `booking_id`, `redeemed_at`) VALUES (18, 10, 137, '2023-05-28 08:47:20');
INSERT INTO `coupon_redeem` (`redeem_id`, `coupon_id`, `booking_id`, `redeemed_at`) VALUES (19, 67, 239, '2023-06-06 18:12:22');
INSERT INTO `coupon_redeem` (`redeem_id`, `coupon_id`, `booking_id`, `redeemed_at`) VALUES (20, 40, 103, '2023-06-08 02:03:44');
INSERT INTO `coupon_redeem` (`redeem_id`, `coupon_id`, `booking_id`, `redeemed_at`) VALUES (21, 70, 179, '2023-01-29 21:13:05');
INSERT INTO `coupon_redeem` (`redeem_id`, `coupon_id`, `booking_id`, `redeemed_at`) VALUES (22, 61, 240, '2023-03-09 23:47:00');
INSERT INTO `coupon_redeem` (`redeem_id`, `coupon_id`, `booking_id`, `redeemed_at`) VALUES (23, 4, 9, '2023-03-28 15:20:34');
INSERT INTO `coupon_redeem` (`redeem_id`, `coupon_id`, `booking_id`, `redeemed_at`) VALUES (24, 34, 52, '2023-03-27 02:09:44');
INSERT INTO `coupon_redeem` (`redeem_id`, `coupon_id`, `booking_id`, `redeemed_at`) VALUES (25, 18, 53, '2023-05-21 12:00:02');
INSERT INTO `coupon_redeem` (`redeem_id`, `coupon_id`, `booking_id`, `redeemed_at`) VALUES (26, 8, 61, '2023-05-07 02:39:16');
INSERT INTO `coupon_redeem` (`redeem_id`, `coupon_id`, `booking_id`, `redeemed_at`) VALUES (27, 73, 232, '2023-06-06 01:17:14');
INSERT INTO `coupon_redeem` (`redeem_id`, `coupon_id`, `booking_id`, `redeemed_at`) VALUES (28, 45, 19, '2023-04-17 21:46:40');
INSERT INTO `coupon_redeem` (`redeem_id`, `coupon_id`, `booking_id`, `redeemed_at`) VALUES (29, 79, 238, '2023-01-21 20:04:36');
INSERT INTO `coupon_redeem` (`redeem_id`, `coupon_id`, `booking_id`, `redeemed_at`) VALUES (30, 62, 243, '2023-02-03 09:50:56');
INSERT INTO `coupon_redeem` (`redeem_id`, `coupon_id`, `booking_id`, `redeemed_at`) VALUES (31, 6, 27, '2023-01-10 18:04:49');
INSERT INTO `coupon_redeem` (`redeem_id`, `coupon_id`, `booking_id`, `redeemed_at`) VALUES (32, 65, 58, '2023-06-16 12:45:08');
INSERT INTO `coupon_redeem` (`redeem_id`, `coupon_id`, `booking_id`, `redeemed_at`) VALUES (33, 56, 123, '2023-03-19 08:17:32');
INSERT INTO `coupon_redeem` (`redeem_id`, `coupon_id`, `booking_id`, `redeemed_at`) VALUES (34, 3, 239, '2023-01-15 00:57:34');
INSERT INTO `coupon_redeem` (`redeem_id`, `coupon_id`, `booking_id`, `redeemed_at`) VALUES (35, 26, 137, '2023-06-05 13:48:47');
INSERT INTO `coupon_redeem` (`redeem_id`, `coupon_id`, `booking_id`, `redeemed_at`) VALUES (36, 3, 142, '2023-05-04 01:53:54');
INSERT INTO `coupon_redeem` (`redeem_id`, `coupon_id`, `booking_id`, `redeemed_at`) VALUES (37, 50, 197, '2023-04-07 04:33:35');
INSERT INTO `coupon_redeem` (`redeem_id`, `coupon_id`, `booking_id`, `redeemed_at`) VALUES (38, 56, 180, '2023-04-20 20:00:29');
INSERT INTO `coupon_redeem` (`redeem_id`, `coupon_id`, `booking_id`, `redeemed_at`) VALUES (39, 18, 30, '2023-04-23 04:17:45');
INSERT INTO `coupon_redeem` (`redeem_id`, `coupon_id`, `booking_id`, `redeemed_at`) VALUES (40, 79, 232, '2023-04-05 12:48:29');
INSERT INTO `coupon_redeem` (`redeem_id`, `coupon_id`, `booking_id`, `redeemed_at`) VALUES (41, 25, 88, '2023-04-22 02:06:32');
INSERT INTO `coupon_redeem` (`redeem_id`, `coupon_id`, `booking_id`, `redeemed_at`) VALUES (42, 31, 60, '2023-01-24 21:25:51');
INSERT INTO `coupon_redeem` (`redeem_id`, `coupon_id`, `booking_id`, `redeemed_at`) VALUES (43, 2, 59, '2023-04-16 19:31:23');
INSERT INTO `coupon_redeem` (`redeem_id`, `coupon_id`, `booking_id`, `redeemed_at`) VALUES (44, 73, 12, '2023-01-04 09:05:57');
INSERT INTO `coupon_redeem` (`redeem_id`, `coupon_id`, `booking_id`, `redeemed_at`) VALUES (45, 8, 20, '2023-01-15 04:36:48');
INSERT INTO `coupon_redeem` (`redeem_id`, `coupon_id`, `booking_id`, `redeemed_at`) VALUES (46, 57, 47, '2023-03-14 01:35:30');
INSERT INTO `coupon_redeem` (`redeem_id`, `coupon_id`, `booking_id`, `redeemed_at`) VALUES (47, 41, 90, '2023-06-04 23:51:19');
INSERT INTO `coupon_redeem` (`redeem_id`, `coupon_id`, `booking_id`, `redeemed_at`) VALUES (48, 32, 75, '2023-02-03 22:04:05');
INSERT INTO `coupon_redeem` (`redeem_id`, `coupon_id`, `booking_id`, `redeemed_at`) VALUES (49, 51, 123, '2023-06-18 04:27:20');
INSERT INTO `coupon_redeem` (`redeem_id`, `coupon_id`, `booking_id`, `redeemed_at`) VALUES (50, 10, 20, '2023-03-06 19:47:36');
INSERT INTO `coupon_redeem` (`redeem_id`, `coupon_id`, `booking_id`, `redeemed_at`) VALUES (51, 27, 127, '2023-06-30 12:59:47');
INSERT INTO `coupon_redeem` (`redeem_id`, `coupon_id`, `booking_id`, `redeemed_at`) VALUES (52, 29, 114, '2023-07-02 11:01:17');
INSERT INTO `coupon_redeem` (`redeem_id`, `coupon_id`, `booking_id`, `redeemed_at`) VALUES (53, 47, 200, '2023-05-22 10:39:22');
INSERT INTO `coupon_redeem` (`redeem_id`, `coupon_id`, `booking_id`, `redeemed_at`) VALUES (54, 32, 135, '2023-03-10 11:36:33');
INSERT INTO `coupon_redeem` (`redeem_id`, `coupon_id`, `booking_id`, `redeemed_at`) VALUES (55, 70, 129, '2023-01-27 01:57:57');
INSERT INTO `coupon_redeem` (`redeem_id`, `coupon_id`, `booking_id`, `redeemed_at`) VALUES (56, 45, 231, '2023-04-16 22:38:29');
INSERT INTO `coupon_redeem` (`redeem_id`, `coupon_id`, `booking_id`, `redeemed_at`) VALUES (57, 63, 72, '2023-01-21 07:24:40');
INSERT INTO `coupon_redeem` (`redeem_id`, `coupon_id`, `booking_id`, `redeemed_at`) VALUES (58, 18, 216, '2023-05-14 08:23:36');
INSERT INTO `coupon_redeem` (`redeem_id`, `coupon_id`, `booking_id`, `redeemed_at`) VALUES (59, 40, 190, '2023-05-22 07:40:25');
INSERT INTO `coupon_redeem` (`redeem_id`, `coupon_id`, `booking_id`, `redeemed_at`) VALUES (60, 16, 96, '2023-07-05 05:10:07');
INSERT INTO `coupon_redeem` (`redeem_id`, `coupon_id`, `booking_id`, `redeemed_at`) VALUES (61, 5, 61, '2023-06-28 16:01:48');
INSERT INTO `coupon_redeem` (`redeem_id`, `coupon_id`, `booking_id`, `redeemed_at`) VALUES (62, 59, 244, '2023-01-30 00:46:30');
INSERT INTO `coupon_redeem` (`redeem_id`, `coupon_id`, `booking_id`, `redeemed_at`) VALUES (63, 64, 215, '2023-01-09 09:50:28');
INSERT INTO `coupon_redeem` (`redeem_id`, `coupon_id`, `booking_id`, `redeemed_at`) VALUES (64, 36, 151, '2023-04-09 10:56:15');
INSERT INTO `coupon_redeem` (`redeem_id`, `coupon_id`, `booking_id`, `redeemed_at`) VALUES (65, 11, 16, '2023-03-13 22:12:00');
INSERT INTO `coupon_redeem` (`redeem_id`, `coupon_id`, `booking_id`, `redeemed_at`) VALUES (66, 50, 127, '2023-01-05 13:55:46');
INSERT INTO `coupon_redeem` (`redeem_id`, `coupon_id`, `booking_id`, `redeemed_at`) VALUES (67, 50, 114, '2023-01-12 08:10:18');
INSERT INTO `coupon_redeem` (`redeem_id`, `coupon_id`, `booking_id`, `redeemed_at`) VALUES (68, 27, 98, '2023-02-17 15:41:43');
INSERT INTO `coupon_redeem` (`redeem_id`, `coupon_id`, `booking_id`, `redeemed_at`) VALUES (69, 69, 14, '2023-06-19 11:06:36');
INSERT INTO `coupon_redeem` (`redeem_id`, `coupon_id`, `booking_id`, `redeemed_at`) VALUES (70, 5, 139, '2023-07-15 12:39:47');
INSERT INTO `coupon_redeem` (`redeem_id`, `coupon_id`, `booking_id`, `redeemed_at`) VALUES (71, 4, 233, '2023-06-05 12:14:28');
INSERT INTO `coupon_redeem` (`redeem_id`, `coupon_id`, `booking_id`, `redeemed_at`) VALUES (72, 34, 208, '2023-07-12 21:30:58');
INSERT INTO `coupon_redeem` (`redeem_id`, `coupon_id`, `booking_id`, `redeemed_at`) VALUES (73, 28, 194, '2023-01-08 12:24:48');
INSERT INTO `coupon_redeem` (`redeem_id`, `coupon_id`, `booking_id`, `redeemed_at`) VALUES (74, 80, 112, '2023-04-20 02:04:46');
INSERT INTO `coupon_redeem` (`redeem_id`, `coupon_id`, `booking_id`, `redeemed_at`) VALUES (75, 14, 142, '2023-04-10 10:27:52');
INSERT INTO `coupon_redeem` (`redeem_id`, `coupon_id`, `booking_id`, `redeemed_at`) VALUES (76, 69, 119, '2023-04-19 20:50:52');
INSERT INTO `coupon_redeem` (`redeem_id`, `coupon_id`, `booking_id`, `redeemed_at`) VALUES (77, 73, 197, '2023-05-13 09:28:11');
INSERT INTO `coupon_redeem` (`redeem_id`, `coupon_id`, `booking_id`, `redeemed_at`) VALUES (78, 21, 246, '2023-04-08 17:00:54');
INSERT INTO `coupon_redeem` (`redeem_id`, `coupon_id`, `booking_id`, `redeemed_at`) VALUES (79, 31, 34, '2023-01-04 10:13:11');
INSERT INTO `coupon_redeem` (`redeem_id`, `coupon_id`, `booking_id`, `redeemed_at`) VALUES (80, 36, 22, '2023-03-05 19:45:46');
INSERT INTO `coupon_redeem` (`redeem_id`, `coupon_id`, `booking_id`, `redeemed_at`) VALUES (81, 38, 87, '2023-05-27 14:22:01');
INSERT INTO `coupon_redeem` (`redeem_id`, `coupon_id`, `booking_id`, `redeemed_at`) VALUES (82, 5, 158, '2023-03-12 13:10:08');
INSERT INTO `coupon_redeem` (`redeem_id`, `coupon_id`, `booking_id`, `redeemed_at`) VALUES (83, 35, 169, '2023-03-06 23:46:34');
INSERT INTO `coupon_redeem` (`redeem_id`, `coupon_id`, `booking_id`, `redeemed_at`) VALUES (84, 78, 4, '2023-02-01 11:10:25');
INSERT INTO `coupon_redeem` (`redeem_id`, `coupon_id`, `booking_id`, `redeemed_at`) VALUES (85, 73, 170, '2023-03-24 09:37:50');
INSERT INTO `coupon_redeem` (`redeem_id`, `coupon_id`, `booking_id`, `redeemed_at`) VALUES (86, 23, 114, '2023-04-29 00:37:43');
INSERT INTO `coupon_redeem` (`redeem_id`, `coupon_id`, `booking_id`, `redeemed_at`) VALUES (87, 57, 3, '2023-04-30 01:20:50');
INSERT INTO `coupon_redeem` (`redeem_id`, `coupon_id`, `booking_id`, `redeemed_at`) VALUES (88, 46, 123, '2023-06-13 20:15:55');
INSERT INTO `coupon_redeem` (`redeem_id`, `coupon_id`, `booking_id`, `redeemed_at`) VALUES (89, 28, 105, '2023-01-15 21:06:05');
INSERT INTO `coupon_redeem` (`redeem_id`, `coupon_id`, `booking_id`, `redeemed_at`) VALUES (90, 11, 71, '2023-06-06 20:04:39');
INSERT INTO `coupon_redeem` (`redeem_id`, `coupon_id`, `booking_id`, `redeemed_at`) VALUES (91, 41, 245, '2023-01-17 16:02:09');
INSERT INTO `coupon_redeem` (`redeem_id`, `coupon_id`, `booking_id`, `redeemed_at`) VALUES (92, 24, 67, '2023-07-16 10:03:14');
INSERT INTO `coupon_redeem` (`redeem_id`, `coupon_id`, `booking_id`, `redeemed_at`) VALUES (93, 34, 223, '2023-05-07 04:37:55');
INSERT INTO `coupon_redeem` (`redeem_id`, `coupon_id`, `booking_id`, `redeemed_at`) VALUES (94, 30, 162, '2023-02-14 05:20:54');
INSERT INTO `coupon_redeem` (`redeem_id`, `coupon_id`, `booking_id`, `redeemed_at`) VALUES (95, 80, 168, '2023-01-13 08:28:16');
INSERT INTO `coupon_redeem` (`redeem_id`, `coupon_id`, `booking_id`, `redeemed_at`) VALUES (96, 15, 168, '2023-01-10 06:42:30');
INSERT INTO `coupon_redeem` (`redeem_id`, `coupon_id`, `booking_id`, `redeemed_at`) VALUES (97, 65, 221, '2023-04-23 21:06:47');
INSERT INTO `coupon_redeem` (`redeem_id`, `coupon_id`, `booking_id`, `redeemed_at`) VALUES (98, 41, 11, '2023-05-22 08:17:58');
INSERT INTO `coupon_redeem` (`redeem_id`, `coupon_id`, `booking_id`, `redeemed_at`) VALUES (99, 8, 244, '2023-07-02 09:25:54');
INSERT INTO `coupon_redeem` (`redeem_id`, `coupon_id`, `booking_id`, `redeemed_at`) VALUES (100, 33, 5, '2023-06-23 12:51:52');
INSERT INTO `coupon_redeem` (`redeem_id`, `coupon_id`, `booking_id`, `redeemed_at`) VALUES (101, 70, 184, '2023-01-12 21:51:59');
INSERT INTO `coupon_redeem` (`redeem_id`, `coupon_id`, `booking_id`, `redeemed_at`) VALUES (102, 31, 90, '2023-01-28 02:49:15');
INSERT INTO `coupon_redeem` (`redeem_id`, `coupon_id`, `booking_id`, `redeemed_at`) VALUES (103, 65, 114, '2023-01-29 18:36:22');
INSERT INTO `coupon_redeem` (`redeem_id`, `coupon_id`, `booking_id`, `redeemed_at`) VALUES (104, 10, 61, '2023-02-22 11:51:41');
INSERT INTO `coupon_redeem` (`redeem_id`, `coupon_id`, `booking_id`, `redeemed_at`) VALUES (105, 74, 96, '2023-06-24 15:08:41');
INSERT INTO `coupon_redeem` (`redeem_id`, `coupon_id`, `booking_id`, `redeemed_at`) VALUES (106, 10, 165, '2023-04-20 10:18:24');
INSERT INTO `coupon_redeem` (`redeem_id`, `coupon_id`, `booking_id`, `redeemed_at`) VALUES (107, 19, 7, '2023-03-25 22:05:56');
INSERT INTO `coupon_redeem` (`redeem_id`, `coupon_id`, `booking_id`, `redeemed_at`) VALUES (108, 47, 86, '2023-04-15 23:44:16');
INSERT INTO `coupon_redeem` (`redeem_id`, `coupon_id`, `booking_id`, `redeemed_at`) VALUES (109, 48, 121, '2023-03-17 22:38:35');
INSERT INTO `coupon_redeem` (`redeem_id`, `coupon_id`, `booking_id`, `redeemed_at`) VALUES (110, 4, 42, '2023-04-05 01:37:27');
INSERT INTO `coupon_redeem` (`redeem_id`, `coupon_id`, `booking_id`, `redeemed_at`) VALUES (111, 38, 239, '2023-02-08 21:31:33');
INSERT INTO `coupon_redeem` (`redeem_id`, `coupon_id`, `booking_id`, `redeemed_at`) VALUES (112, 4, 28, '2023-06-05 07:41:59');
INSERT INTO `coupon_redeem` (`redeem_id`, `coupon_id`, `booking_id`, `redeemed_at`) VALUES (113, 41, 131, '2023-07-03 18:30:08');
INSERT INTO `coupon_redeem` (`redeem_id`, `coupon_id`, `booking_id`, `redeemed_at`) VALUES (114, 75, 183, '2023-03-30 07:49:23');
INSERT INTO `coupon_redeem` (`redeem_id`, `coupon_id`, `booking_id`, `redeemed_at`) VALUES (115, 49, 213, '2023-05-30 01:11:12');
INSERT INTO `coupon_redeem` (`redeem_id`, `coupon_id`, `booking_id`, `redeemed_at`) VALUES (116, 20, 98, '2023-07-15 23:38:13');
INSERT INTO `coupon_redeem` (`redeem_id`, `coupon_id`, `booking_id`, `redeemed_at`) VALUES (117, 11, 245, '2023-01-20 08:10:36');
INSERT INTO `coupon_redeem` (`redeem_id`, `coupon_id`, `booking_id`, `redeemed_at`) VALUES (118, 73, 129, '2023-05-28 22:56:57');
INSERT INTO `coupon_redeem` (`redeem_id`, `coupon_id`, `booking_id`, `redeemed_at`) VALUES (119, 71, 188, '2023-04-18 19:37:23');
INSERT INTO `coupon_redeem` (`redeem_id`, `coupon_id`, `booking_id`, `redeemed_at`) VALUES (120, 16, 217, '2023-05-16 01:52:21');
-- refund
INSERT INTO `refund` (`refund_id`, `booking_id`, `payment_id`, `amount`, `reason`, `created_at`) VALUES (1, 156, 121, 26600, 'Show Cancelled', '2023-05-14 16:03:25');
INSERT INTO `refund` (`refund_id`, `booking_id`, `payment_id`, `amount`, `reason`, `created_at`) VALUES (2, 82, 69, 11390, 'Show Cancelled', '2023-03-17 08:53:05');
INSERT INTO `refund` (`refund_id`, `booking_id`, `payment_id`, `amount`, `reason`, `created_at`) VALUES (3, 85, 63, 16860, 'Customer Request', '2023-04-27 11:27:43');
INSERT INTO `refund` (`refund_id`, `booking_id`, `payment_id`, `amount`, `reason`, `created_at`) VALUES (4, 192, 30, 27710, 'Customer Request', '2023-04-24 14:55:29');
INSERT INTO `refund` (`refund_id`, `booking_id`, `payment_id`, `amount`, `reason`, `created_at`) VALUES (5, 93, 21, 16533, 'Show Cancelled', '2023-05-10 02:46:59');
INSERT INTO `refund` (`refund_id`, `booking_id`, `payment_id`, `amount`, `reason`, `created_at`) VALUES (6, 235, 93, 26408, 'System Error', '2023-06-04 08:23:12');
INSERT INTO `refund` (`refund_id`, `booking_id`, `payment_id`, `amount`, `reason`, `created_at`) VALUES (7, 115, 202, 18724, 'Customer Request', '2023-05-26 04:33:40');
INSERT INTO `refund` (`refund_id`, `booking_id`, `payment_id`, `amount`, `reason`, `created_at`) VALUES (8, 237, 138, 13026, 'System Error', '2023-06-22 21:17:25');
INSERT INTO `refund` (`refund_id`, `booking_id`, `payment_id`, `amount`, `reason`, `created_at`) VALUES (9, 171, 36, 24842, 'System Error', '2023-03-15 12:26:10');
INSERT INTO `refund` (`refund_id`, `booking_id`, `payment_id`, `amount`, `reason`, `created_at`) VALUES (10, 81, 31, 7670, 'System Error', '2023-04-18 18:23:14');
INSERT INTO `refund` (`refund_id`, `booking_id`, `payment_id`, `amount`, `reason`, `created_at`) VALUES (11, 38, 148, 21193, 'Show Cancelled', '2023-07-17 07:12:45');
INSERT INTO `refund` (`refund_id`, `booking_id`, `payment_id`, `amount`, `reason`, `created_at`) VALUES (12, 231, 47, 19878, 'Customer Request', '2023-02-12 04:23:52');
INSERT INTO `refund` (`refund_id`, `booking_id`, `payment_id`, `amount`, `reason`, `created_at`) VALUES (13, 108, 68, 23172, 'Show Cancelled', '2023-05-01 03:40:37');
INSERT INTO `refund` (`refund_id`, `booking_id`, `payment_id`, `amount`, `reason`, `created_at`) VALUES (14, 33, 223, 6116, 'System Error', '2023-01-07 06:04:40');
INSERT INTO `refund` (`refund_id`, `booking_id`, `payment_id`, `amount`, `reason`, `created_at`) VALUES (15, 19, 34, 21872, 'Show Cancelled', '2023-04-10 15:22:39');
INSERT INTO `refund` (`refund_id`, `booking_id`, `payment_id`, `amount`, `reason`, `created_at`) VALUES (16, 91, 33, 18183, 'Show Cancelled', '2023-05-23 08:47:25');
INSERT INTO `refund` (`refund_id`, `booking_id`, `payment_id`, `amount`, `reason`, `created_at`) VALUES (17, 183, 76, 8900, 'System Error', '2023-03-28 21:32:06');
INSERT INTO `refund` (`refund_id`, `booking_id`, `payment_id`, `amount`, `reason`, `created_at`) VALUES (18, 156, 158, 8531, 'Show Cancelled', '2023-01-12 02:41:06');
INSERT INTO `refund` (`refund_id`, `booking_id`, `payment_id`, `amount`, `reason`, `created_at`) VALUES (19, 190, 91, 19709, 'System Error', '2023-06-11 16:22:30');
INSERT INTO `refund` (`refund_id`, `booking_id`, `payment_id`, `amount`, `reason`, `created_at`) VALUES (20, 190, 214, 19276, 'System Error', '2023-07-13 17:22:15');
INSERT INTO `refund` (`refund_id`, `booking_id`, `payment_id`, `amount`, `reason`, `created_at`) VALUES (21, 180, 35, 29033, 'Customer Request', '2023-07-05 21:27:54');
INSERT INTO `refund` (`refund_id`, `booking_id`, `payment_id`, `amount`, `reason`, `created_at`) VALUES (22, 235, 210, 21691, 'Customer Request', '2023-02-08 00:17:00');
INSERT INTO `refund` (`refund_id`, `booking_id`, `payment_id`, `amount`, `reason`, `created_at`) VALUES (23, 152, 152, 17120, 'Show Cancelled', '2023-06-16 16:30:44');
INSERT INTO `refund` (`refund_id`, `booking_id`, `payment_id`, `amount`, `reason`, `created_at`) VALUES (24, 98, 83, 19371, 'Customer Request', '2023-05-11 21:24:40');
INSERT INTO `refund` (`refund_id`, `booking_id`, `payment_id`, `amount`, `reason`, `created_at`) VALUES (25, 72, 198, 8175, 'Customer Request', '2023-03-18 17:57:36');
INSERT INTO `refund` (`refund_id`, `booking_id`, `payment_id`, `amount`, `reason`, `created_at`) VALUES (26, 88, 13, 23485, 'Show Cancelled', '2023-05-15 21:06:39');
INSERT INTO `refund` (`refund_id`, `booking_id`, `payment_id`, `amount`, `reason`, `created_at`) VALUES (27, 131, 217, 18981, 'System Error', '2023-03-24 13:59:00');
INSERT INTO `refund` (`refund_id`, `booking_id`, `payment_id`, `amount`, `reason`, `created_at`) VALUES (28, 82, 194, 10846, 'Customer Request', '2023-01-11 07:40:14');
INSERT INTO `refund` (`refund_id`, `booking_id`, `payment_id`, `amount`, `reason`, `created_at`) VALUES (29, 111, 133, 14117, 'Show Cancelled', '2023-06-07 11:26:44');
INSERT INTO `refund` (`refund_id`, `booking_id`, `payment_id`, `amount`, `reason`, `created_at`) VALUES (30, 26, 89, 14332, 'Customer Request', '2023-01-31 10:28:48');
INSERT INTO `refund` (`refund_id`, `booking_id`, `payment_id`, `amount`, `reason`, `created_at`) VALUES (31, 71, 125, 19382, 'Customer Request', '2023-02-13 10:30:11');
INSERT INTO `refund` (`refund_id`, `booking_id`, `payment_id`, `amount`, `reason`, `created_at`) VALUES (32, 241, 67, 24862, 'Customer Request', '2023-03-01 10:08:40');
INSERT INTO `refund` (`refund_id`, `booking_id`, `payment_id`, `amount`, `reason`, `created_at`) VALUES (33, 37, 25, 11777, 'Show Cancelled', '2023-05-11 06:08:51');
INSERT INTO `refund` (`refund_id`, `booking_id`, `payment_id`, `amount`, `reason`, `created_at`) VALUES (34, 8, 154, 6302, 'Show Cancelled', '2023-05-18 07:06:16');
INSERT INTO `refund` (`refund_id`, `booking_id`, `payment_id`, `amount`, `reason`, `created_at`) VALUES (35, 2, 126, 5844, 'System Error', '2023-02-22 10:15:41');
INSERT INTO `refund` (`refund_id`, `booking_id`, `payment_id`, `amount`, `reason`, `created_at`) VALUES (36, 242, 147, 18975, 'Show Cancelled', '2023-04-24 18:57:54');
INSERT INTO `refund` (`refund_id`, `booking_id`, `payment_id`, `amount`, `reason`, `created_at`) VALUES (37, 33, 213, 19871, 'System Error', '2023-01-29 04:22:00');
INSERT INTO `refund` (`refund_id`, `booking_id`, `payment_id`, `amount`, `reason`, `created_at`) VALUES (38, 114, 228, 19164, 'System Error', '2023-03-09 03:09:45');
INSERT INTO `refund` (`refund_id`, `booking_id`, `payment_id`, `amount`, `reason`, `created_at`) VALUES (39, 222, 36, 14124, 'Show Cancelled', '2023-06-21 04:14:24');
INSERT INTO `refund` (`refund_id`, `booking_id`, `payment_id`, `amount`, `reason`, `created_at`) VALUES (40, 248, 91, 7590, 'Show Cancelled', '2023-02-26 02:42:25');
-- ticket
INSERT INTO `ticket` (`ticket_id`, `booking_id`, `issued_at`, `qr_code`) VALUES (1, 1, '2023-03-25 05:42:22', 'QR000001');
INSERT INTO `ticket` (`ticket_id`, `booking_id`, `issued_at`, `qr_code`) VALUES (2, 2, '2023-05-10 12:12:33', 'QR000002');
INSERT INTO `ticket` (`ticket_id`, `booking_id`, `issued_at`, `qr_code`) VALUES (3, 3, '2023-03-12 16:30:36', 'QR000003');
INSERT INTO `ticket` (`ticket_id`, `booking_id`, `issued_at`, `qr_code`) VALUES (4, 4, '2023-06-11 18:40:19', 'QR000004');
INSERT INTO `ticket` (`ticket_id`, `booking_id`, `issued_at`, `qr_code`) VALUES (5, 5, '2023-06-22 02:41:50', 'QR000005');
INSERT INTO `ticket` (`ticket_id`, `booking_id`, `issued_at`, `qr_code`) VALUES (6, 6, '2023-06-30 11:27:42', 'QR000006');
INSERT INTO `ticket` (`ticket_id`, `booking_id`, `issued_at`, `qr_code`) VALUES (7, 7, '2023-01-10 15:46:43', 'QR000007');
INSERT INTO `ticket` (`ticket_id`, `booking_id`, `issued_at`, `qr_code`) VALUES (8, 8, '2023-01-26 18:58:47', 'QR000008');
INSERT INTO `ticket` (`ticket_id`, `booking_id`, `issued_at`, `qr_code`) VALUES (9, 9, '2023-03-23 06:55:55', 'QR000009');
INSERT INTO `ticket` (`ticket_id`, `booking_id`, `issued_at`, `qr_code`) VALUES (10, 10, '2023-05-23 22:47:41', 'QR000010');
INSERT INTO `ticket` (`ticket_id`, `booking_id`, `issued_at`, `qr_code`) VALUES (11, 11, '2023-01-10 23:06:04', 'QR000011');
INSERT INTO `ticket` (`ticket_id`, `booking_id`, `issued_at`, `qr_code`) VALUES (12, 12, '2023-06-10 00:17:24', 'QR000012');
INSERT INTO `ticket` (`ticket_id`, `booking_id`, `issued_at`, `qr_code`) VALUES (13, 13, '2023-03-04 04:59:00', 'QR000013');
INSERT INTO `ticket` (`ticket_id`, `booking_id`, `issued_at`, `qr_code`) VALUES (14, 14, '2023-05-31 13:41:50', 'QR000014');
INSERT INTO `ticket` (`ticket_id`, `booking_id`, `issued_at`, `qr_code`) VALUES (15, 15, '2023-02-26 07:07:27', 'QR000015');
INSERT INTO `ticket` (`ticket_id`, `booking_id`, `issued_at`, `qr_code`) VALUES (16, 16, '2023-03-09 17:06:58', 'QR000016');
INSERT INTO `ticket` (`ticket_id`, `booking_id`, `issued_at`, `qr_code`) VALUES (17, 17, '2023-02-08 17:38:25', 'QR000017');
INSERT INTO `ticket` (`ticket_id`, `booking_id`, `issued_at`, `qr_code`) VALUES (18, 18, '2023-02-17 18:05:06', 'QR000018');
INSERT INTO `ticket` (`ticket_id`, `booking_id`, `issued_at`, `qr_code`) VALUES (19, 19, '2023-03-14 04:47:54', 'QR000019');
INSERT INTO `ticket` (`ticket_id`, `booking_id`, `issued_at`, `qr_code`) VALUES (20, 20, '2023-02-20 23:06:40', 'QR000020');
INSERT INTO `ticket` (`ticket_id`, `booking_id`, `issued_at`, `qr_code`) VALUES (21, 21, '2023-01-23 18:47:53', 'QR000021');
INSERT INTO `ticket` (`ticket_id`, `booking_id`, `issued_at`, `qr_code`) VALUES (22, 22, '2023-07-05 07:47:54', 'QR000022');
INSERT INTO `ticket` (`ticket_id`, `booking_id`, `issued_at`, `qr_code`) VALUES (23, 23, '2023-01-01 15:48:47', 'QR000023');
INSERT INTO `ticket` (`ticket_id`, `booking_id`, `issued_at`, `qr_code`) VALUES (24, 24, '2023-01-18 17:51:55', 'QR000024');
INSERT INTO `ticket` (`ticket_id`, `booking_id`, `issued_at`, `qr_code`) VALUES (25, 25, '2023-05-23 22:15:13', 'QR000025');
INSERT INTO `ticket` (`ticket_id`, `booking_id`, `issued_at`, `qr_code`) VALUES (26, 26, '2023-02-23 06:29:05', 'QR000026');
INSERT INTO `ticket` (`ticket_id`, `booking_id`, `issued_at`, `qr_code`) VALUES (27, 27, '2023-01-10 15:13:28', 'QR000027');
INSERT INTO `ticket` (`ticket_id`, `booking_id`, `issued_at`, `qr_code`) VALUES (28, 28, '2023-06-26 09:34:41', 'QR000028');
INSERT INTO `ticket` (`ticket_id`, `booking_id`, `issued_at`, `qr_code`) VALUES (29, 29, '2023-06-07 13:50:45', 'QR000029');
INSERT INTO `ticket` (`ticket_id`, `booking_id`, `issued_at`, `qr_code`) VALUES (30, 30, '2023-06-11 21:15:32', 'QR000030');
INSERT INTO `ticket` (`ticket_id`, `booking_id`, `issued_at`, `qr_code`) VALUES (31, 31, '2023-03-02 23:13:06', 'QR000031');
INSERT INTO `ticket` (`ticket_id`, `booking_id`, `issued_at`, `qr_code`) VALUES (32, 32, '2023-03-31 17:37:49', 'QR000032');
INSERT INTO `ticket` (`ticket_id`, `booking_id`, `issued_at`, `qr_code`) VALUES (33, 33, '2023-05-16 23:55:06', 'QR000033');
INSERT INTO `ticket` (`ticket_id`, `booking_id`, `issued_at`, `qr_code`) VALUES (34, 34, '2023-02-16 10:55:34', 'QR000034');
INSERT INTO `ticket` (`ticket_id`, `booking_id`, `issued_at`, `qr_code`) VALUES (35, 35, '2023-03-01 10:38:08', 'QR000035');
INSERT INTO `ticket` (`ticket_id`, `booking_id`, `issued_at`, `qr_code`) VALUES (36, 36, '2023-06-21 17:39:37', 'QR000036');
INSERT INTO `ticket` (`ticket_id`, `booking_id`, `issued_at`, `qr_code`) VALUES (37, 37, '2023-05-06 22:56:18', 'QR000037');
INSERT INTO `ticket` (`ticket_id`, `booking_id`, `issued_at`, `qr_code`) VALUES (38, 38, '2023-04-11 21:46:00', 'QR000038');
INSERT INTO `ticket` (`ticket_id`, `booking_id`, `issued_at`, `qr_code`) VALUES (39, 39, '2023-04-02 19:47:06', 'QR000039');
INSERT INTO `ticket` (`ticket_id`, `booking_id`, `issued_at`, `qr_code`) VALUES (40, 40, '2023-05-04 10:45:20', 'QR000040');
INSERT INTO `ticket` (`ticket_id`, `booking_id`, `issued_at`, `qr_code`) VALUES (41, 41, '2023-01-25 07:58:15', 'QR000041');
INSERT INTO `ticket` (`ticket_id`, `booking_id`, `issued_at`, `qr_code`) VALUES (42, 42, '2023-01-29 10:27:33', 'QR000042');
INSERT INTO `ticket` (`ticket_id`, `booking_id`, `issued_at`, `qr_code`) VALUES (43, 43, '2023-04-18 16:16:51', 'QR000043');
INSERT INTO `ticket` (`ticket_id`, `booking_id`, `issued_at`, `qr_code`) VALUES (44, 44, '2023-03-25 09:00:26', 'QR000044');
INSERT INTO `ticket` (`ticket_id`, `booking_id`, `issued_at`, `qr_code`) VALUES (45, 45, '2023-06-19 15:28:07', 'QR000045');
INSERT INTO `ticket` (`ticket_id`, `booking_id`, `issued_at`, `qr_code`) VALUES (46, 46, '2023-01-30 06:24:54', 'QR000046');
INSERT INTO `ticket` (`ticket_id`, `booking_id`, `issued_at`, `qr_code`) VALUES (47, 47, '2023-04-29 11:36:39', 'QR000047');
INSERT INTO `ticket` (`ticket_id`, `booking_id`, `issued_at`, `qr_code`) VALUES (48, 48, '2023-06-19 04:08:01', 'QR000048');
INSERT INTO `ticket` (`ticket_id`, `booking_id`, `issued_at`, `qr_code`) VALUES (49, 49, '2023-03-30 14:29:38', 'QR000049');
INSERT INTO `ticket` (`ticket_id`, `booking_id`, `issued_at`, `qr_code`) VALUES (50, 50, '2023-06-30 04:39:44', 'QR000050');
INSERT INTO `ticket` (`ticket_id`, `booking_id`, `issued_at`, `qr_code`) VALUES (51, 51, '2023-07-18 17:36:44', 'QR000051');
INSERT INTO `ticket` (`ticket_id`, `booking_id`, `issued_at`, `qr_code`) VALUES (52, 52, '2023-05-06 21:53:01', 'QR000052');
INSERT INTO `ticket` (`ticket_id`, `booking_id`, `issued_at`, `qr_code`) VALUES (53, 53, '2023-04-16 08:33:03', 'QR000053');
INSERT INTO `ticket` (`ticket_id`, `booking_id`, `issued_at`, `qr_code`) VALUES (54, 54, '2023-01-08 10:35:32', 'QR000054');
INSERT INTO `ticket` (`ticket_id`, `booking_id`, `issued_at`, `qr_code`) VALUES (55, 55, '2023-03-10 18:28:37', 'QR000055');
INSERT INTO `ticket` (`ticket_id`, `booking_id`, `issued_at`, `qr_code`) VALUES (56, 56, '2023-02-25 14:53:29', 'QR000056');
INSERT INTO `ticket` (`ticket_id`, `booking_id`, `issued_at`, `qr_code`) VALUES (57, 57, '2023-01-16 20:28:16', 'QR000057');
INSERT INTO `ticket` (`ticket_id`, `booking_id`, `issued_at`, `qr_code`) VALUES (58, 58, '2023-07-17 11:46:01', 'QR000058');
INSERT INTO `ticket` (`ticket_id`, `booking_id`, `issued_at`, `qr_code`) VALUES (59, 59, '2023-03-08 11:33:50', 'QR000059');
INSERT INTO `ticket` (`ticket_id`, `booking_id`, `issued_at`, `qr_code`) VALUES (60, 60, '2023-04-16 14:14:58', 'QR000060');
INSERT INTO `ticket` (`ticket_id`, `booking_id`, `issued_at`, `qr_code`) VALUES (61, 61, '2023-04-24 15:28:51', 'QR000061');
INSERT INTO `ticket` (`ticket_id`, `booking_id`, `issued_at`, `qr_code`) VALUES (62, 62, '2023-04-13 09:29:30', 'QR000062');
INSERT INTO `ticket` (`ticket_id`, `booking_id`, `issued_at`, `qr_code`) VALUES (63, 63, '2023-01-14 09:46:08', 'QR000063');
INSERT INTO `ticket` (`ticket_id`, `booking_id`, `issued_at`, `qr_code`) VALUES (64, 64, '2023-05-05 07:58:17', 'QR000064');
INSERT INTO `ticket` (`ticket_id`, `booking_id`, `issued_at`, `qr_code`) VALUES (65, 65, '2023-03-28 23:09:56', 'QR000065');
INSERT INTO `ticket` (`ticket_id`, `booking_id`, `issued_at`, `qr_code`) VALUES (66, 66, '2023-01-12 11:13:57', 'QR000066');
INSERT INTO `ticket` (`ticket_id`, `booking_id`, `issued_at`, `qr_code`) VALUES (67, 67, '2023-04-25 14:55:14', 'QR000067');
INSERT INTO `ticket` (`ticket_id`, `booking_id`, `issued_at`, `qr_code`) VALUES (68, 68, '2023-02-26 20:50:39', 'QR000068');
INSERT INTO `ticket` (`ticket_id`, `booking_id`, `issued_at`, `qr_code`) VALUES (69, 69, '2023-02-12 19:30:56', 'QR000069');
INSERT INTO `ticket` (`ticket_id`, `booking_id`, `issued_at`, `qr_code`) VALUES (70, 70, '2023-02-22 22:45:57', 'QR000070');
INSERT INTO `ticket` (`ticket_id`, `booking_id`, `issued_at`, `qr_code`) VALUES (71, 71, '2023-01-29 22:19:46', 'QR000071');
INSERT INTO `ticket` (`ticket_id`, `booking_id`, `issued_at`, `qr_code`) VALUES (72, 72, '2023-06-06 12:00:12', 'QR000072');
INSERT INTO `ticket` (`ticket_id`, `booking_id`, `issued_at`, `qr_code`) VALUES (73, 73, '2023-02-03 22:01:33', 'QR000073');
INSERT INTO `ticket` (`ticket_id`, `booking_id`, `issued_at`, `qr_code`) VALUES (74, 74, '2023-05-19 00:43:30', 'QR000074');
INSERT INTO `ticket` (`ticket_id`, `booking_id`, `issued_at`, `qr_code`) VALUES (75, 75, '2023-07-04 00:46:07', 'QR000075');
INSERT INTO `ticket` (`ticket_id`, `booking_id`, `issued_at`, `qr_code`) VALUES (76, 76, '2023-04-08 03:17:09', 'QR000076');
INSERT INTO `ticket` (`ticket_id`, `booking_id`, `issued_at`, `qr_code`) VALUES (77, 77, '2023-07-19 12:08:04', 'QR000077');
INSERT INTO `ticket` (`ticket_id`, `booking_id`, `issued_at`, `qr_code`) VALUES (78, 78, '2023-04-01 20:07:48', 'QR000078');
INSERT INTO `ticket` (`ticket_id`, `booking_id`, `issued_at`, `qr_code`) VALUES (79, 79, '2023-01-17 23:50:43', 'QR000079');
INSERT INTO `ticket` (`ticket_id`, `booking_id`, `issued_at`, `qr_code`) VALUES (80, 80, '2023-01-13 18:53:00', 'QR000080');
INSERT INTO `ticket` (`ticket_id`, `booking_id`, `issued_at`, `qr_code`) VALUES (81, 81, '2023-02-23 13:11:00', 'QR000081');
INSERT INTO `ticket` (`ticket_id`, `booking_id`, `issued_at`, `qr_code`) VALUES (82, 82, '2023-05-18 07:13:29', 'QR000082');
INSERT INTO `ticket` (`ticket_id`, `booking_id`, `issued_at`, `qr_code`) VALUES (83, 83, '2023-02-10 19:30:15', 'QR000083');
INSERT INTO `ticket` (`ticket_id`, `booking_id`, `issued_at`, `qr_code`) VALUES (84, 84, '2023-04-12 08:20:59', 'QR000084');
INSERT INTO `ticket` (`ticket_id`, `booking_id`, `issued_at`, `qr_code`) VALUES (85, 85, '2023-03-16 05:52:35', 'QR000085');
INSERT INTO `ticket` (`ticket_id`, `booking_id`, `issued_at`, `qr_code`) VALUES (86, 86, '2023-04-06 12:04:10', 'QR000086');
INSERT INTO `ticket` (`ticket_id`, `booking_id`, `issued_at`, `qr_code`) VALUES (87, 87, '2023-04-16 07:51:01', 'QR000087');
INSERT INTO `ticket` (`ticket_id`, `booking_id`, `issued_at`, `qr_code`) VALUES (88, 88, '2023-05-22 09:03:18', 'QR000088');
INSERT INTO `ticket` (`ticket_id`, `booking_id`, `issued_at`, `qr_code`) VALUES (89, 89, '2023-01-04 01:18:48', 'QR000089');
INSERT INTO `ticket` (`ticket_id`, `booking_id`, `issued_at`, `qr_code`) VALUES (90, 90, '2023-01-06 19:10:16', 'QR000090');
INSERT INTO `ticket` (`ticket_id`, `booking_id`, `issued_at`, `qr_code`) VALUES (91, 91, '2023-01-27 18:15:32', 'QR000091');
INSERT INTO `ticket` (`ticket_id`, `booking_id`, `issued_at`, `qr_code`) VALUES (92, 92, '2023-04-12 17:39:16', 'QR000092');
INSERT INTO `ticket` (`ticket_id`, `booking_id`, `issued_at`, `qr_code`) VALUES (93, 93, '2023-01-11 05:42:51', 'QR000093');
INSERT INTO `ticket` (`ticket_id`, `booking_id`, `issued_at`, `qr_code`) VALUES (94, 94, '2023-03-14 10:58:33', 'QR000094');
INSERT INTO `ticket` (`ticket_id`, `booking_id`, `issued_at`, `qr_code`) VALUES (95, 95, '2023-01-07 08:22:27', 'QR000095');
INSERT INTO `ticket` (`ticket_id`, `booking_id`, `issued_at`, `qr_code`) VALUES (96, 96, '2023-06-11 09:00:15', 'QR000096');
INSERT INTO `ticket` (`ticket_id`, `booking_id`, `issued_at`, `qr_code`) VALUES (97, 97, '2023-01-09 09:55:11', 'QR000097');
INSERT INTO `ticket` (`ticket_id`, `booking_id`, `issued_at`, `qr_code`) VALUES (98, 98, '2023-07-11 04:30:06', 'QR000098');
INSERT INTO `ticket` (`ticket_id`, `booking_id`, `issued_at`, `qr_code`) VALUES (99, 99, '2023-07-20 13:45:26', 'QR000099');
INSERT INTO `ticket` (`ticket_id`, `booking_id`, `issued_at`, `qr_code`) VALUES (100, 100, '2023-06-17 14:35:27', 'QR000100');
INSERT INTO `ticket` (`ticket_id`, `booking_id`, `issued_at`, `qr_code`) VALUES (101, 101, '2023-02-03 09:49:49', 'QR000101');
INSERT INTO `ticket` (`ticket_id`, `booking_id`, `issued_at`, `qr_code`) VALUES (102, 102, '2023-01-22 02:47:10', 'QR000102');
INSERT INTO `ticket` (`ticket_id`, `booking_id`, `issued_at`, `qr_code`) VALUES (103, 103, '2023-01-19 18:22:07', 'QR000103');
INSERT INTO `ticket` (`ticket_id`, `booking_id`, `issued_at`, `qr_code`) VALUES (104, 104, '2023-07-04 15:07:24', 'QR000104');
INSERT INTO `ticket` (`ticket_id`, `booking_id`, `issued_at`, `qr_code`) VALUES (105, 105, '2023-01-06 00:32:12', 'QR000105');
INSERT INTO `ticket` (`ticket_id`, `booking_id`, `issued_at`, `qr_code`) VALUES (106, 106, '2023-07-10 19:43:21', 'QR000106');
INSERT INTO `ticket` (`ticket_id`, `booking_id`, `issued_at`, `qr_code`) VALUES (107, 107, '2023-06-04 05:31:42', 'QR000107');
INSERT INTO `ticket` (`ticket_id`, `booking_id`, `issued_at`, `qr_code`) VALUES (108, 108, '2023-01-25 21:24:55', 'QR000108');
INSERT INTO `ticket` (`ticket_id`, `booking_id`, `issued_at`, `qr_code`) VALUES (109, 109, '2023-04-11 07:04:25', 'QR000109');
INSERT INTO `ticket` (`ticket_id`, `booking_id`, `issued_at`, `qr_code`) VALUES (110, 110, '2023-06-05 11:21:59', 'QR000110');
INSERT INTO `ticket` (`ticket_id`, `booking_id`, `issued_at`, `qr_code`) VALUES (111, 111, '2023-07-20 11:47:11', 'QR000111');
INSERT INTO `ticket` (`ticket_id`, `booking_id`, `issued_at`, `qr_code`) VALUES (112, 112, '2023-04-19 18:39:15', 'QR000112');
INSERT INTO `ticket` (`ticket_id`, `booking_id`, `issued_at`, `qr_code`) VALUES (113, 113, '2023-07-10 00:51:11', 'QR000113');
INSERT INTO `ticket` (`ticket_id`, `booking_id`, `issued_at`, `qr_code`) VALUES (114, 114, '2023-03-19 09:58:40', 'QR000114');
INSERT INTO `ticket` (`ticket_id`, `booking_id`, `issued_at`, `qr_code`) VALUES (115, 115, '2023-04-28 07:22:43', 'QR000115');
INSERT INTO `ticket` (`ticket_id`, `booking_id`, `issued_at`, `qr_code`) VALUES (116, 116, '2023-01-26 09:37:18', 'QR000116');
INSERT INTO `ticket` (`ticket_id`, `booking_id`, `issued_at`, `qr_code`) VALUES (117, 117, '2023-06-17 20:58:43', 'QR000117');
INSERT INTO `ticket` (`ticket_id`, `booking_id`, `issued_at`, `qr_code`) VALUES (118, 118, '2023-05-01 13:42:39', 'QR000118');
INSERT INTO `ticket` (`ticket_id`, `booking_id`, `issued_at`, `qr_code`) VALUES (119, 119, '2023-03-16 15:38:19', 'QR000119');
INSERT INTO `ticket` (`ticket_id`, `booking_id`, `issued_at`, `qr_code`) VALUES (120, 120, '2023-01-24 08:05:31', 'QR000120');
INSERT INTO `ticket` (`ticket_id`, `booking_id`, `issued_at`, `qr_code`) VALUES (121, 121, '2023-04-15 20:25:30', 'QR000121');
INSERT INTO `ticket` (`ticket_id`, `booking_id`, `issued_at`, `qr_code`) VALUES (122, 122, '2023-03-13 17:35:53', 'QR000122');
INSERT INTO `ticket` (`ticket_id`, `booking_id`, `issued_at`, `qr_code`) VALUES (123, 123, '2023-03-14 19:24:48', 'QR000123');
INSERT INTO `ticket` (`ticket_id`, `booking_id`, `issued_at`, `qr_code`) VALUES (124, 124, '2023-05-10 08:54:22', 'QR000124');
INSERT INTO `ticket` (`ticket_id`, `booking_id`, `issued_at`, `qr_code`) VALUES (125, 125, '2023-04-08 00:37:36', 'QR000125');
INSERT INTO `ticket` (`ticket_id`, `booking_id`, `issued_at`, `qr_code`) VALUES (126, 126, '2023-05-08 14:19:55', 'QR000126');
INSERT INTO `ticket` (`ticket_id`, `booking_id`, `issued_at`, `qr_code`) VALUES (127, 127, '2023-04-06 19:54:01', 'QR000127');
INSERT INTO `ticket` (`ticket_id`, `booking_id`, `issued_at`, `qr_code`) VALUES (128, 128, '2023-07-02 03:56:35', 'QR000128');
INSERT INTO `ticket` (`ticket_id`, `booking_id`, `issued_at`, `qr_code`) VALUES (129, 129, '2023-04-26 08:09:28', 'QR000129');
INSERT INTO `ticket` (`ticket_id`, `booking_id`, `issued_at`, `qr_code`) VALUES (130, 130, '2023-05-28 00:54:22', 'QR000130');
INSERT INTO `ticket` (`ticket_id`, `booking_id`, `issued_at`, `qr_code`) VALUES (131, 131, '2023-04-12 08:27:03', 'QR000131');
INSERT INTO `ticket` (`ticket_id`, `booking_id`, `issued_at`, `qr_code`) VALUES (132, 132, '2023-04-25 13:27:53', 'QR000132');
INSERT INTO `ticket` (`ticket_id`, `booking_id`, `issued_at`, `qr_code`) VALUES (133, 133, '2023-05-03 20:30:13', 'QR000133');
INSERT INTO `ticket` (`ticket_id`, `booking_id`, `issued_at`, `qr_code`) VALUES (134, 134, '2023-01-28 23:24:15', 'QR000134');
INSERT INTO `ticket` (`ticket_id`, `booking_id`, `issued_at`, `qr_code`) VALUES (135, 135, '2023-03-21 12:06:12', 'QR000135');
INSERT INTO `ticket` (`ticket_id`, `booking_id`, `issued_at`, `qr_code`) VALUES (136, 136, '2023-02-06 22:56:04', 'QR000136');
INSERT INTO `ticket` (`ticket_id`, `booking_id`, `issued_at`, `qr_code`) VALUES (137, 137, '2023-01-22 03:28:22', 'QR000137');
INSERT INTO `ticket` (`ticket_id`, `booking_id`, `issued_at`, `qr_code`) VALUES (138, 138, '2023-05-24 06:09:44', 'QR000138');
INSERT INTO `ticket` (`ticket_id`, `booking_id`, `issued_at`, `qr_code`) VALUES (139, 139, '2023-02-23 17:50:00', 'QR000139');
INSERT INTO `ticket` (`ticket_id`, `booking_id`, `issued_at`, `qr_code`) VALUES (140, 140, '2023-06-01 09:06:03', 'QR000140');
INSERT INTO `ticket` (`ticket_id`, `booking_id`, `issued_at`, `qr_code`) VALUES (141, 141, '2023-01-22 05:08:44', 'QR000141');
INSERT INTO `ticket` (`ticket_id`, `booking_id`, `issued_at`, `qr_code`) VALUES (142, 142, '2023-04-14 22:26:44', 'QR000142');
INSERT INTO `ticket` (`ticket_id`, `booking_id`, `issued_at`, `qr_code`) VALUES (143, 143, '2023-05-02 19:03:23', 'QR000143');
INSERT INTO `ticket` (`ticket_id`, `booking_id`, `issued_at`, `qr_code`) VALUES (144, 144, '2023-07-05 20:37:50', 'QR000144');
INSERT INTO `ticket` (`ticket_id`, `booking_id`, `issued_at`, `qr_code`) VALUES (145, 145, '2023-07-14 08:27:45', 'QR000145');
INSERT INTO `ticket` (`ticket_id`, `booking_id`, `issued_at`, `qr_code`) VALUES (146, 146, '2023-01-16 17:57:53', 'QR000146');
INSERT INTO `ticket` (`ticket_id`, `booking_id`, `issued_at`, `qr_code`) VALUES (147, 147, '2023-03-06 14:59:43', 'QR000147');
INSERT INTO `ticket` (`ticket_id`, `booking_id`, `issued_at`, `qr_code`) VALUES (148, 148, '2023-03-21 12:18:05', 'QR000148');
INSERT INTO `ticket` (`ticket_id`, `booking_id`, `issued_at`, `qr_code`) VALUES (149, 149, '2023-02-08 01:19:45', 'QR000149');
INSERT INTO `ticket` (`ticket_id`, `booking_id`, `issued_at`, `qr_code`) VALUES (150, 150, '2023-03-24 20:34:56', 'QR000150');
INSERT INTO `ticket` (`ticket_id`, `booking_id`, `issued_at`, `qr_code`) VALUES (151, 151, '2023-06-03 14:48:05', 'QR000151');
INSERT INTO `ticket` (`ticket_id`, `booking_id`, `issued_at`, `qr_code`) VALUES (152, 152, '2023-01-02 09:45:46', 'QR000152');
INSERT INTO `ticket` (`ticket_id`, `booking_id`, `issued_at`, `qr_code`) VALUES (153, 153, '2023-06-26 07:37:03', 'QR000153');
INSERT INTO `ticket` (`ticket_id`, `booking_id`, `issued_at`, `qr_code`) VALUES (154, 154, '2023-07-13 20:28:36', 'QR000154');
INSERT INTO `ticket` (`ticket_id`, `booking_id`, `issued_at`, `qr_code`) VALUES (155, 155, '2023-05-06 19:51:51', 'QR000155');
INSERT INTO `ticket` (`ticket_id`, `booking_id`, `issued_at`, `qr_code`) VALUES (156, 156, '2023-05-08 11:23:47', 'QR000156');
INSERT INTO `ticket` (`ticket_id`, `booking_id`, `issued_at`, `qr_code`) VALUES (157, 157, '2023-06-16 08:34:58', 'QR000157');
INSERT INTO `ticket` (`ticket_id`, `booking_id`, `issued_at`, `qr_code`) VALUES (158, 158, '2023-03-24 16:47:52', 'QR000158');
INSERT INTO `ticket` (`ticket_id`, `booking_id`, `issued_at`, `qr_code`) VALUES (159, 159, '2023-07-01 17:35:07', 'QR000159');
INSERT INTO `ticket` (`ticket_id`, `booking_id`, `issued_at`, `qr_code`) VALUES (160, 160, '2023-05-12 20:11:59', 'QR000160');
INSERT INTO `ticket` (`ticket_id`, `booking_id`, `issued_at`, `qr_code`) VALUES (161, 161, '2023-07-09 02:57:53', 'QR000161');
INSERT INTO `ticket` (`ticket_id`, `booking_id`, `issued_at`, `qr_code`) VALUES (162, 162, '2023-01-27 15:29:57', 'QR000162');
INSERT INTO `ticket` (`ticket_id`, `booking_id`, `issued_at`, `qr_code`) VALUES (163, 163, '2023-06-29 02:49:18', 'QR000163');
INSERT INTO `ticket` (`ticket_id`, `booking_id`, `issued_at`, `qr_code`) VALUES (164, 164, '2023-04-07 04:38:03', 'QR000164');
INSERT INTO `ticket` (`ticket_id`, `booking_id`, `issued_at`, `qr_code`) VALUES (165, 165, '2023-07-13 00:29:45', 'QR000165');
INSERT INTO `ticket` (`ticket_id`, `booking_id`, `issued_at`, `qr_code`) VALUES (166, 166, '2023-02-11 18:55:49', 'QR000166');
INSERT INTO `ticket` (`ticket_id`, `booking_id`, `issued_at`, `qr_code`) VALUES (167, 167, '2023-07-11 04:25:22', 'QR000167');
INSERT INTO `ticket` (`ticket_id`, `booking_id`, `issued_at`, `qr_code`) VALUES (168, 168, '2023-02-12 07:11:09', 'QR000168');
INSERT INTO `ticket` (`ticket_id`, `booking_id`, `issued_at`, `qr_code`) VALUES (169, 169, '2023-04-23 04:08:18', 'QR000169');
INSERT INTO `ticket` (`ticket_id`, `booking_id`, `issued_at`, `qr_code`) VALUES (170, 170, '2023-01-10 15:26:38', 'QR000170');
INSERT INTO `ticket` (`ticket_id`, `booking_id`, `issued_at`, `qr_code`) VALUES (171, 171, '2023-05-07 06:12:56', 'QR000171');
INSERT INTO `ticket` (`ticket_id`, `booking_id`, `issued_at`, `qr_code`) VALUES (172, 172, '2023-06-10 19:05:58', 'QR000172');
INSERT INTO `ticket` (`ticket_id`, `booking_id`, `issued_at`, `qr_code`) VALUES (173, 173, '2023-05-05 05:05:32', 'QR000173');
INSERT INTO `ticket` (`ticket_id`, `booking_id`, `issued_at`, `qr_code`) VALUES (174, 174, '2023-07-11 19:55:07', 'QR000174');
INSERT INTO `ticket` (`ticket_id`, `booking_id`, `issued_at`, `qr_code`) VALUES (175, 175, '2023-04-18 14:32:30', 'QR000175');
INSERT INTO `ticket` (`ticket_id`, `booking_id`, `issued_at`, `qr_code`) VALUES (176, 176, '2023-01-03 10:48:15', 'QR000176');
INSERT INTO `ticket` (`ticket_id`, `booking_id`, `issued_at`, `qr_code`) VALUES (177, 177, '2023-01-31 15:51:19', 'QR000177');
INSERT INTO `ticket` (`ticket_id`, `booking_id`, `issued_at`, `qr_code`) VALUES (178, 178, '2023-03-17 09:52:14', 'QR000178');
INSERT INTO `ticket` (`ticket_id`, `booking_id`, `issued_at`, `qr_code`) VALUES (179, 179, '2023-05-14 11:44:15', 'QR000179');
INSERT INTO `ticket` (`ticket_id`, `booking_id`, `issued_at`, `qr_code`) VALUES (180, 180, '2023-06-07 13:31:50', 'QR000180');
INSERT INTO `ticket` (`ticket_id`, `booking_id`, `issued_at`, `qr_code`) VALUES (181, 181, '2023-05-25 23:40:25', 'QR000181');
INSERT INTO `ticket` (`ticket_id`, `booking_id`, `issued_at`, `qr_code`) VALUES (182, 182, '2023-02-12 05:09:08', 'QR000182');
INSERT INTO `ticket` (`ticket_id`, `booking_id`, `issued_at`, `qr_code`) VALUES (183, 183, '2023-03-16 19:03:03', 'QR000183');
INSERT INTO `ticket` (`ticket_id`, `booking_id`, `issued_at`, `qr_code`) VALUES (184, 184, '2023-06-25 07:26:39', 'QR000184');
INSERT INTO `ticket` (`ticket_id`, `booking_id`, `issued_at`, `qr_code`) VALUES (185, 185, '2023-06-07 13:31:00', 'QR000185');
INSERT INTO `ticket` (`ticket_id`, `booking_id`, `issued_at`, `qr_code`) VALUES (186, 186, '2023-05-13 22:00:35', 'QR000186');
INSERT INTO `ticket` (`ticket_id`, `booking_id`, `issued_at`, `qr_code`) VALUES (187, 187, '2023-03-06 17:11:20', 'QR000187');
INSERT INTO `ticket` (`ticket_id`, `booking_id`, `issued_at`, `qr_code`) VALUES (188, 188, '2023-04-29 07:40:06', 'QR000188');
INSERT INTO `ticket` (`ticket_id`, `booking_id`, `issued_at`, `qr_code`) VALUES (189, 189, '2023-03-26 04:55:39', 'QR000189');
INSERT INTO `ticket` (`ticket_id`, `booking_id`, `issued_at`, `qr_code`) VALUES (190, 190, '2023-02-12 19:05:31', 'QR000190');
INSERT INTO `ticket` (`ticket_id`, `booking_id`, `issued_at`, `qr_code`) VALUES (191, 191, '2023-07-03 17:15:11', 'QR000191');
INSERT INTO `ticket` (`ticket_id`, `booking_id`, `issued_at`, `qr_code`) VALUES (192, 192, '2023-01-03 11:34:00', 'QR000192');
INSERT INTO `ticket` (`ticket_id`, `booking_id`, `issued_at`, `qr_code`) VALUES (193, 193, '2023-04-17 06:31:31', 'QR000193');
INSERT INTO `ticket` (`ticket_id`, `booking_id`, `issued_at`, `qr_code`) VALUES (194, 194, '2023-02-08 17:07:48', 'QR000194');
INSERT INTO `ticket` (`ticket_id`, `booking_id`, `issued_at`, `qr_code`) VALUES (195, 195, '2023-01-18 00:12:14', 'QR000195');
INSERT INTO `ticket` (`ticket_id`, `booking_id`, `issued_at`, `qr_code`) VALUES (196, 196, '2023-03-21 06:49:58', 'QR000196');
INSERT INTO `ticket` (`ticket_id`, `booking_id`, `issued_at`, `qr_code`) VALUES (197, 197, '2023-02-21 03:25:00', 'QR000197');
INSERT INTO `ticket` (`ticket_id`, `booking_id`, `issued_at`, `qr_code`) VALUES (198, 198, '2023-05-18 16:41:48', 'QR000198');
INSERT INTO `ticket` (`ticket_id`, `booking_id`, `issued_at`, `qr_code`) VALUES (199, 199, '2023-03-26 03:26:54', 'QR000199');
INSERT INTO `ticket` (`ticket_id`, `booking_id`, `issued_at`, `qr_code`) VALUES (200, 200, '2023-01-16 22:45:16', 'QR000200');
INSERT INTO `ticket` (`ticket_id`, `booking_id`, `issued_at`, `qr_code`) VALUES (201, 201, '2023-04-30 21:38:36', 'QR000201');
INSERT INTO `ticket` (`ticket_id`, `booking_id`, `issued_at`, `qr_code`) VALUES (202, 202, '2023-02-10 02:25:51', 'QR000202');
INSERT INTO `ticket` (`ticket_id`, `booking_id`, `issued_at`, `qr_code`) VALUES (203, 203, '2023-03-31 23:10:06', 'QR000203');
INSERT INTO `ticket` (`ticket_id`, `booking_id`, `issued_at`, `qr_code`) VALUES (204, 204, '2023-05-24 08:13:46', 'QR000204');
INSERT INTO `ticket` (`ticket_id`, `booking_id`, `issued_at`, `qr_code`) VALUES (205, 205, '2023-03-30 22:53:40', 'QR000205');
INSERT INTO `ticket` (`ticket_id`, `booking_id`, `issued_at`, `qr_code`) VALUES (206, 206, '2023-01-04 07:00:49', 'QR000206');
INSERT INTO `ticket` (`ticket_id`, `booking_id`, `issued_at`, `qr_code`) VALUES (207, 207, '2023-03-12 10:20:49', 'QR000207');
INSERT INTO `ticket` (`ticket_id`, `booking_id`, `issued_at`, `qr_code`) VALUES (208, 208, '2023-04-20 21:16:47', 'QR000208');
INSERT INTO `ticket` (`ticket_id`, `booking_id`, `issued_at`, `qr_code`) VALUES (209, 209, '2023-07-06 11:07:55', 'QR000209');
INSERT INTO `ticket` (`ticket_id`, `booking_id`, `issued_at`, `qr_code`) VALUES (210, 210, '2023-04-05 22:44:14', 'QR000210');
INSERT INTO `ticket` (`ticket_id`, `booking_id`, `issued_at`, `qr_code`) VALUES (211, 211, '2023-07-16 14:40:57', 'QR000211');
INSERT INTO `ticket` (`ticket_id`, `booking_id`, `issued_at`, `qr_code`) VALUES (212, 212, '2023-03-07 20:25:46', 'QR000212');
INSERT INTO `ticket` (`ticket_id`, `booking_id`, `issued_at`, `qr_code`) VALUES (213, 213, '2023-05-19 23:21:35', 'QR000213');
INSERT INTO `ticket` (`ticket_id`, `booking_id`, `issued_at`, `qr_code`) VALUES (214, 214, '2023-06-18 07:22:33', 'QR000214');
INSERT INTO `ticket` (`ticket_id`, `booking_id`, `issued_at`, `qr_code`) VALUES (215, 215, '2023-01-20 21:34:38', 'QR000215');
INSERT INTO `ticket` (`ticket_id`, `booking_id`, `issued_at`, `qr_code`) VALUES (216, 216, '2023-02-09 03:44:57', 'QR000216');
INSERT INTO `ticket` (`ticket_id`, `booking_id`, `issued_at`, `qr_code`) VALUES (217, 217, '2023-07-07 07:52:49', 'QR000217');
INSERT INTO `ticket` (`ticket_id`, `booking_id`, `issued_at`, `qr_code`) VALUES (218, 218, '2023-03-13 06:29:33', 'QR000218');
INSERT INTO `ticket` (`ticket_id`, `booking_id`, `issued_at`, `qr_code`) VALUES (219, 219, '2023-03-09 20:31:20', 'QR000219');
INSERT INTO `ticket` (`ticket_id`, `booking_id`, `issued_at`, `qr_code`) VALUES (220, 220, '2023-01-27 04:36:47', 'QR000220');
INSERT INTO `ticket` (`ticket_id`, `booking_id`, `issued_at`, `qr_code`) VALUES (221, 221, '2023-05-14 21:23:00', 'QR000221');
INSERT INTO `ticket` (`ticket_id`, `booking_id`, `issued_at`, `qr_code`) VALUES (222, 222, '2023-06-15 13:56:33', 'QR000222');
INSERT INTO `ticket` (`ticket_id`, `booking_id`, `issued_at`, `qr_code`) VALUES (223, 223, '2023-03-26 20:57:32', 'QR000223');
INSERT INTO `ticket` (`ticket_id`, `booking_id`, `issued_at`, `qr_code`) VALUES (224, 224, '2023-07-17 21:33:36', 'QR000224');
INSERT INTO `ticket` (`ticket_id`, `booking_id`, `issued_at`, `qr_code`) VALUES (225, 225, '2023-06-04 10:05:38', 'QR000225');
INSERT INTO `ticket` (`ticket_id`, `booking_id`, `issued_at`, `qr_code`) VALUES (226, 226, '2023-07-08 22:25:25', 'QR000226');
INSERT INTO `ticket` (`ticket_id`, `booking_id`, `issued_at`, `qr_code`) VALUES (227, 227, '2023-06-21 17:14:10', 'QR000227');
INSERT INTO `ticket` (`ticket_id`, `booking_id`, `issued_at`, `qr_code`) VALUES (228, 228, '2023-02-23 06:07:13', 'QR000228');
INSERT INTO `ticket` (`ticket_id`, `booking_id`, `issued_at`, `qr_code`) VALUES (229, 229, '2023-01-01 08:26:26', 'QR000229');
INSERT INTO `ticket` (`ticket_id`, `booking_id`, `issued_at`, `qr_code`) VALUES (230, 230, '2023-02-25 03:19:31', 'QR000230');
INSERT INTO `ticket` (`ticket_id`, `booking_id`, `issued_at`, `qr_code`) VALUES (231, 231, '2023-06-07 05:20:00', 'QR000231');
INSERT INTO `ticket` (`ticket_id`, `booking_id`, `issued_at`, `qr_code`) VALUES (232, 232, '2023-02-06 06:00:03', 'QR000232');
INSERT INTO `ticket` (`ticket_id`, `booking_id`, `issued_at`, `qr_code`) VALUES (233, 233, '2023-05-02 00:00:32', 'QR000233');
INSERT INTO `ticket` (`ticket_id`, `booking_id`, `issued_at`, `qr_code`) VALUES (234, 234, '2023-03-24 02:49:55', 'QR000234');
INSERT INTO `ticket` (`ticket_id`, `booking_id`, `issued_at`, `qr_code`) VALUES (235, 235, '2023-01-14 04:59:13', 'QR000235');
INSERT INTO `ticket` (`ticket_id`, `booking_id`, `issued_at`, `qr_code`) VALUES (236, 236, '2023-05-11 16:00:30', 'QR000236');
INSERT INTO `ticket` (`ticket_id`, `booking_id`, `issued_at`, `qr_code`) VALUES (237, 237, '2023-04-19 17:10:25', 'QR000237');
INSERT INTO `ticket` (`ticket_id`, `booking_id`, `issued_at`, `qr_code`) VALUES (238, 238, '2023-03-25 11:00:56', 'QR000238');
INSERT INTO `ticket` (`ticket_id`, `booking_id`, `issued_at`, `qr_code`) VALUES (239, 239, '2023-05-09 04:16:14', 'QR000239');
INSERT INTO `ticket` (`ticket_id`, `booking_id`, `issued_at`, `qr_code`) VALUES (240, 240, '2023-03-03 20:23:39', 'QR000240');
INSERT INTO `ticket` (`ticket_id`, `booking_id`, `issued_at`, `qr_code`) VALUES (241, 241, '2023-04-11 13:44:14', 'QR000241');
INSERT INTO `ticket` (`ticket_id`, `booking_id`, `issued_at`, `qr_code`) VALUES (242, 242, '2023-07-18 14:02:12', 'QR000242');
INSERT INTO `ticket` (`ticket_id`, `booking_id`, `issued_at`, `qr_code`) VALUES (243, 243, '2023-06-30 17:16:30', 'QR000243');
INSERT INTO `ticket` (`ticket_id`, `booking_id`, `issued_at`, `qr_code`) VALUES (244, 244, '2023-04-01 11:21:03', 'QR000244');
INSERT INTO `ticket` (`ticket_id`, `booking_id`, `issued_at`, `qr_code`) VALUES (245, 245, '2023-05-14 11:32:26', 'QR000245');
INSERT INTO `ticket` (`ticket_id`, `booking_id`, `issued_at`, `qr_code`) VALUES (246, 246, '2023-05-16 02:50:49', 'QR000246');
INSERT INTO `ticket` (`ticket_id`, `booking_id`, `issued_at`, `qr_code`) VALUES (247, 247, '2023-06-04 07:47:16', 'QR000247');
INSERT INTO `ticket` (`ticket_id`, `booking_id`, `issued_at`, `qr_code`) VALUES (248, 248, '2023-02-12 23:04:29', 'QR000248');
INSERT INTO `ticket` (`ticket_id`, `booking_id`, `issued_at`, `qr_code`) VALUES (249, 249, '2023-03-13 05:12:08', 'QR000249');
INSERT INTO `ticket` (`ticket_id`, `booking_id`, `issued_at`, `qr_code`) VALUES (250, 250, '2023-04-22 20:24:24', 'QR000250');
-- notification
INSERT INTO `notification` (`notification_id`, `member_id`, `title`, `body`, `sent_at`, `channel`) VALUES (1, 114, 'Notification 1', 'Message body for notification 1', '2023-05-06 09:07:18', 'PUSH');
INSERT INTO `notification` (`notification_id`, `member_id`, `title`, `body`, `sent_at`, `channel`) VALUES (2, 31, 'Notification 2', 'Message body for notification 2', '2023-05-23 15:51:10', 'PUSH');
INSERT INTO `notification` (`notification_id`, `member_id`, `title`, `body`, `sent_at`, `channel`) VALUES (3, 90, 'Notification 3', 'Message body for notification 3', '2023-02-15 00:55:15', 'SMS');
INSERT INTO `notification` (`notification_id`, `member_id`, `title`, `body`, `sent_at`, `channel`) VALUES (4, 219, 'Notification 4', 'Message body for notification 4', '2023-04-30 12:35:49', 'PUSH');
INSERT INTO `notification` (`notification_id`, `member_id`, `title`, `body`, `sent_at`, `channel`) VALUES (5, 109, 'Notification 5', 'Message body for notification 5', '2023-02-24 22:27:48', 'PUSH');
INSERT INTO `notification` (`notification_id`, `member_id`, `title`, `body`, `sent_at`, `channel`) VALUES (6, 225, 'Notification 6', 'Message body for notification 6', '2023-02-18 13:55:29', 'SMS');
INSERT INTO `notification` (`notification_id`, `member_id`, `title`, `body`, `sent_at`, `channel`) VALUES (7, 46, 'Notification 7', 'Message body for notification 7', '2023-07-11 00:23:18', 'EMAIL');
INSERT INTO `notification` (`notification_id`, `member_id`, `title`, `body`, `sent_at`, `channel`) VALUES (8, 114, 'Notification 8', 'Message body for notification 8', '2023-04-03 19:09:04', 'EMAIL');
INSERT INTO `notification` (`notification_id`, `member_id`, `title`, `body`, `sent_at`, `channel`) VALUES (9, 2, 'Notification 9', 'Message body for notification 9', '2023-05-31 11:18:03', 'SMS');
INSERT INTO `notification` (`notification_id`, `member_id`, `title`, `body`, `sent_at`, `channel`) VALUES (10, 25, 'Notification 10', 'Message body for notification 10', '2023-04-05 09:14:20', 'PUSH');
INSERT INTO `notification` (`notification_id`, `member_id`, `title`, `body`, `sent_at`, `channel`) VALUES (11, 236, 'Notification 11', 'Message body for notification 11', '2023-01-04 22:05:31', 'SMS');
INSERT INTO `notification` (`notification_id`, `member_id`, `title`, `body`, `sent_at`, `channel`) VALUES (12, 9, 'Notification 12', 'Message body for notification 12', '2023-06-15 10:00:38', 'PUSH');
INSERT INTO `notification` (`notification_id`, `member_id`, `title`, `body`, `sent_at`, `channel`) VALUES (13, 123, 'Notification 13', 'Message body for notification 13', '2023-04-12 01:35:56', 'PUSH');
INSERT INTO `notification` (`notification_id`, `member_id`, `title`, `body`, `sent_at`, `channel`) VALUES (14, 181, 'Notification 14', 'Message body for notification 14', '2023-03-06 09:58:56', 'PUSH');
INSERT INTO `notification` (`notification_id`, `member_id`, `title`, `body`, `sent_at`, `channel`) VALUES (15, 15, 'Notification 15', 'Message body for notification 15', '2023-05-27 01:06:28', 'PUSH');
INSERT INTO `notification` (`notification_id`, `member_id`, `title`, `body`, `sent_at`, `channel`) VALUES (16, 238, 'Notification 16', 'Message body for notification 16', '2023-05-01 22:07:12', 'PUSH');
INSERT INTO `notification` (`notification_id`, `member_id`, `title`, `body`, `sent_at`, `channel`) VALUES (17, 117, 'Notification 17', 'Message body for notification 17', '2023-05-06 06:19:36', 'SMS');
INSERT INTO `notification` (`notification_id`, `member_id`, `title`, `body`, `sent_at`, `channel`) VALUES (18, 192, 'Notification 18', 'Message body for notification 18', '2023-06-15 19:51:51', 'EMAIL');
INSERT INTO `notification` (`notification_id`, `member_id`, `title`, `body`, `sent_at`, `channel`) VALUES (19, 10, 'Notification 19', 'Message body for notification 19', '2023-04-05 01:02:59', 'PUSH');
INSERT INTO `notification` (`notification_id`, `member_id`, `title`, `body`, `sent_at`, `channel`) VALUES (20, 229, 'Notification 20', 'Message body for notification 20', '2023-07-02 05:34:39', 'PUSH');
INSERT INTO `notification` (`notification_id`, `member_id`, `title`, `body`, `sent_at`, `channel`) VALUES (21, 189, 'Notification 21', 'Message body for notification 21', '2023-02-15 04:47:35', 'EMAIL');
INSERT INTO `notification` (`notification_id`, `member_id`, `title`, `body`, `sent_at`, `channel`) VALUES (22, 108, 'Notification 22', 'Message body for notification 22', '2023-01-31 02:02:26', 'SMS');
INSERT INTO `notification` (`notification_id`, `member_id`, `title`, `body`, `sent_at`, `channel`) VALUES (23, 164, 'Notification 23', 'Message body for notification 23', '2023-07-01 02:16:09', 'SMS');
INSERT INTO `notification` (`notification_id`, `member_id`, `title`, `body`, `sent_at`, `channel`) VALUES (24, 25, 'Notification 24', 'Message body for notification 24', '2023-05-20 10:06:09', 'EMAIL');
INSERT INTO `notification` (`notification_id`, `member_id`, `title`, `body`, `sent_at`, `channel`) VALUES (25, 168, 'Notification 25', 'Message body for notification 25', '2023-06-07 00:36:25', 'SMS');
INSERT INTO `notification` (`notification_id`, `member_id`, `title`, `body`, `sent_at`, `channel`) VALUES (26, 215, 'Notification 26', 'Message body for notification 26', '2023-06-22 11:31:21', 'PUSH');
INSERT INTO `notification` (`notification_id`, `member_id`, `title`, `body`, `sent_at`, `channel`) VALUES (27, 44, 'Notification 27', 'Message body for notification 27', '2023-05-31 13:20:05', 'PUSH');
INSERT INTO `notification` (`notification_id`, `member_id`, `title`, `body`, `sent_at`, `channel`) VALUES (28, 4, 'Notification 28', 'Message body for notification 28', '2023-06-20 14:40:44', 'SMS');
INSERT INTO `notification` (`notification_id`, `member_id`, `title`, `body`, `sent_at`, `channel`) VALUES (29, 215, 'Notification 29', 'Message body for notification 29', '2023-06-20 02:14:18', 'EMAIL');
INSERT INTO `notification` (`notification_id`, `member_id`, `title`, `body`, `sent_at`, `channel`) VALUES (30, 50, 'Notification 30', 'Message body for notification 30', '2023-07-14 18:15:35', 'EMAIL');
INSERT INTO `notification` (`notification_id`, `member_id`, `title`, `body`, `sent_at`, `channel`) VALUES (31, 187, 'Notification 31', 'Message body for notification 31', '2023-03-10 03:03:25', 'EMAIL');
INSERT INTO `notification` (`notification_id`, `member_id`, `title`, `body`, `sent_at`, `channel`) VALUES (32, 114, 'Notification 32', 'Message body for notification 32', '2023-01-12 10:01:53', 'PUSH');
INSERT INTO `notification` (`notification_id`, `member_id`, `title`, `body`, `sent_at`, `channel`) VALUES (33, 51, 'Notification 33', 'Message body for notification 33', '2023-06-26 18:24:12', 'SMS');
INSERT INTO `notification` (`notification_id`, `member_id`, `title`, `body`, `sent_at`, `channel`) VALUES (34, 45, 'Notification 34', 'Message body for notification 34', '2023-06-12 00:07:02', 'SMS');
INSERT INTO `notification` (`notification_id`, `member_id`, `title`, `body`, `sent_at`, `channel`) VALUES (35, 71, 'Notification 35', 'Message body for notification 35', '2023-05-24 12:46:04', 'EMAIL');
INSERT INTO `notification` (`notification_id`, `member_id`, `title`, `body`, `sent_at`, `channel`) VALUES (36, 88, 'Notification 36', 'Message body for notification 36', '2023-04-30 20:41:11', 'PUSH');
INSERT INTO `notification` (`notification_id`, `member_id`, `title`, `body`, `sent_at`, `channel`) VALUES (37, 23, 'Notification 37', 'Message body for notification 37', '2023-05-25 16:51:27', 'EMAIL');
INSERT INTO `notification` (`notification_id`, `member_id`, `title`, `body`, `sent_at`, `channel`) VALUES (38, 30, 'Notification 38', 'Message body for notification 38', '2023-01-24 06:38:40', 'PUSH');
INSERT INTO `notification` (`notification_id`, `member_id`, `title`, `body`, `sent_at`, `channel`) VALUES (39, 23, 'Notification 39', 'Message body for notification 39', '2023-02-17 11:33:35', 'PUSH');
INSERT INTO `notification` (`notification_id`, `member_id`, `title`, `body`, `sent_at`, `channel`) VALUES (40, 161, 'Notification 40', 'Message body for notification 40', '2023-01-06 06:09:55', 'EMAIL');
INSERT INTO `notification` (`notification_id`, `member_id`, `title`, `body`, `sent_at`, `channel`) VALUES (41, 56, 'Notification 41', 'Message body for notification 41', '2023-06-13 13:38:10', 'SMS');
INSERT INTO `notification` (`notification_id`, `member_id`, `title`, `body`, `sent_at`, `channel`) VALUES (42, 21, 'Notification 42', 'Message body for notification 42', '2023-07-05 08:58:59', 'SMS');
INSERT INTO `notification` (`notification_id`, `member_id`, `title`, `body`, `sent_at`, `channel`) VALUES (43, 215, 'Notification 43', 'Message body for notification 43', '2023-06-24 23:23:09', 'EMAIL');
INSERT INTO `notification` (`notification_id`, `member_id`, `title`, `body`, `sent_at`, `channel`) VALUES (44, 192, 'Notification 44', 'Message body for notification 44', '2023-07-13 04:49:57', 'SMS');
INSERT INTO `notification` (`notification_id`, `member_id`, `title`, `body`, `sent_at`, `channel`) VALUES (45, 14, 'Notification 45', 'Message body for notification 45', '2023-04-08 10:27:07', 'EMAIL');
INSERT INTO `notification` (`notification_id`, `member_id`, `title`, `body`, `sent_at`, `channel`) VALUES (46, 72, 'Notification 46', 'Message body for notification 46', '2023-02-05 20:34:20', 'SMS');
INSERT INTO `notification` (`notification_id`, `member_id`, `title`, `body`, `sent_at`, `channel`) VALUES (47, 106, 'Notification 47', 'Message body for notification 47', '2023-02-27 06:51:13', 'SMS');
INSERT INTO `notification` (`notification_id`, `member_id`, `title`, `body`, `sent_at`, `channel`) VALUES (48, 227, 'Notification 48', 'Message body for notification 48', '2023-02-21 06:26:54', 'SMS');
INSERT INTO `notification` (`notification_id`, `member_id`, `title`, `body`, `sent_at`, `channel`) VALUES (49, 67, 'Notification 49', 'Message body for notification 49', '2023-06-28 16:00:19', 'SMS');
INSERT INTO `notification` (`notification_id`, `member_id`, `title`, `body`, `sent_at`, `channel`) VALUES (50, 24, 'Notification 50', 'Message body for notification 50', '2023-05-06 12:55:50', 'PUSH');
INSERT INTO `notification` (`notification_id`, `member_id`, `title`, `body`, `sent_at`, `channel`) VALUES (51, 94, 'Notification 51', 'Message body for notification 51', '2023-03-31 23:22:05', 'PUSH');
INSERT INTO `notification` (`notification_id`, `member_id`, `title`, `body`, `sent_at`, `channel`) VALUES (52, 116, 'Notification 52', 'Message body for notification 52', '2023-06-11 06:12:24', 'EMAIL');
INSERT INTO `notification` (`notification_id`, `member_id`, `title`, `body`, `sent_at`, `channel`) VALUES (53, 244, 'Notification 53', 'Message body for notification 53', '2023-05-30 14:02:31', 'EMAIL');
INSERT INTO `notification` (`notification_id`, `member_id`, `title`, `body`, `sent_at`, `channel`) VALUES (54, 138, 'Notification 54', 'Message body for notification 54', '2023-05-26 07:40:11', 'PUSH');
INSERT INTO `notification` (`notification_id`, `member_id`, `title`, `body`, `sent_at`, `channel`) VALUES (55, 112, 'Notification 55', 'Message body for notification 55', '2023-03-30 23:31:13', 'PUSH');
INSERT INTO `notification` (`notification_id`, `member_id`, `title`, `body`, `sent_at`, `channel`) VALUES (56, 204, 'Notification 56', 'Message body for notification 56', '2023-03-15 07:33:10', 'SMS');
INSERT INTO `notification` (`notification_id`, `member_id`, `title`, `body`, `sent_at`, `channel`) VALUES (57, 180, 'Notification 57', 'Message body for notification 57', '2023-05-09 20:05:00', 'PUSH');
INSERT INTO `notification` (`notification_id`, `member_id`, `title`, `body`, `sent_at`, `channel`) VALUES (58, 204, 'Notification 58', 'Message body for notification 58', '2023-03-10 03:18:15', 'PUSH');
INSERT INTO `notification` (`notification_id`, `member_id`, `title`, `body`, `sent_at`, `channel`) VALUES (59, 198, 'Notification 59', 'Message body for notification 59', '2023-02-23 09:24:04', 'EMAIL');
INSERT INTO `notification` (`notification_id`, `member_id`, `title`, `body`, `sent_at`, `channel`) VALUES (60, 120, 'Notification 60', 'Message body for notification 60', '2023-03-08 01:08:41', 'EMAIL');
INSERT INTO `notification` (`notification_id`, `member_id`, `title`, `body`, `sent_at`, `channel`) VALUES (61, 133, 'Notification 61', 'Message body for notification 61', '2023-06-18 22:58:41', 'EMAIL');
INSERT INTO `notification` (`notification_id`, `member_id`, `title`, `body`, `sent_at`, `channel`) VALUES (62, 122, 'Notification 62', 'Message body for notification 62', '2023-02-05 17:00:42', 'PUSH');
INSERT INTO `notification` (`notification_id`, `member_id`, `title`, `body`, `sent_at`, `channel`) VALUES (63, 83, 'Notification 63', 'Message body for notification 63', '2023-04-06 20:31:34', 'SMS');
INSERT INTO `notification` (`notification_id`, `member_id`, `title`, `body`, `sent_at`, `channel`) VALUES (64, 169, 'Notification 64', 'Message body for notification 64', '2023-05-31 01:13:56', 'SMS');
INSERT INTO `notification` (`notification_id`, `member_id`, `title`, `body`, `sent_at`, `channel`) VALUES (65, 180, 'Notification 65', 'Message body for notification 65', '2023-01-27 22:55:06', 'SMS');
INSERT INTO `notification` (`notification_id`, `member_id`, `title`, `body`, `sent_at`, `channel`) VALUES (66, 223, 'Notification 66', 'Message body for notification 66', '2023-01-03 05:46:47', 'SMS');
INSERT INTO `notification` (`notification_id`, `member_id`, `title`, `body`, `sent_at`, `channel`) VALUES (67, 122, 'Notification 67', 'Message body for notification 67', '2023-03-27 12:15:28', 'PUSH');
INSERT INTO `notification` (`notification_id`, `member_id`, `title`, `body`, `sent_at`, `channel`) VALUES (68, 232, 'Notification 68', 'Message body for notification 68', '2023-01-26 06:48:45', 'SMS');
INSERT INTO `notification` (`notification_id`, `member_id`, `title`, `body`, `sent_at`, `channel`) VALUES (69, 79, 'Notification 69', 'Message body for notification 69', '2023-02-11 16:59:49', 'PUSH');
INSERT INTO `notification` (`notification_id`, `member_id`, `title`, `body`, `sent_at`, `channel`) VALUES (70, 48, 'Notification 70', 'Message body for notification 70', '2023-07-12 00:47:30', 'SMS');
INSERT INTO `notification` (`notification_id`, `member_id`, `title`, `body`, `sent_at`, `channel`) VALUES (71, 208, 'Notification 71', 'Message body for notification 71', '2023-06-07 16:37:07', 'PUSH');
INSERT INTO `notification` (`notification_id`, `member_id`, `title`, `body`, `sent_at`, `channel`) VALUES (72, 148, 'Notification 72', 'Message body for notification 72', '2023-06-27 15:50:12', 'PUSH');
INSERT INTO `notification` (`notification_id`, `member_id`, `title`, `body`, `sent_at`, `channel`) VALUES (73, 103, 'Notification 73', 'Message body for notification 73', '2023-05-02 08:52:07', 'SMS');
INSERT INTO `notification` (`notification_id`, `member_id`, `title`, `body`, `sent_at`, `channel`) VALUES (74, 186, 'Notification 74', 'Message body for notification 74', '2023-04-06 21:52:46', 'SMS');
INSERT INTO `notification` (`notification_id`, `member_id`, `title`, `body`, `sent_at`, `channel`) VALUES (75, 124, 'Notification 75', 'Message body for notification 75', '2023-06-23 14:36:19', 'SMS');
INSERT INTO `notification` (`notification_id`, `member_id`, `title`, `body`, `sent_at`, `channel`) VALUES (76, 11, 'Notification 76', 'Message body for notification 76', '2023-03-01 18:27:28', 'EMAIL');
INSERT INTO `notification` (`notification_id`, `member_id`, `title`, `body`, `sent_at`, `channel`) VALUES (77, 108, 'Notification 77', 'Message body for notification 77', '2023-04-20 09:48:25', 'PUSH');
INSERT INTO `notification` (`notification_id`, `member_id`, `title`, `body`, `sent_at`, `channel`) VALUES (78, 103, 'Notification 78', 'Message body for notification 78', '2023-06-01 01:02:22', 'EMAIL');
INSERT INTO `notification` (`notification_id`, `member_id`, `title`, `body`, `sent_at`, `channel`) VALUES (79, 132, 'Notification 79', 'Message body for notification 79', '2023-02-12 10:56:37', 'PUSH');
INSERT INTO `notification` (`notification_id`, `member_id`, `title`, `body`, `sent_at`, `channel`) VALUES (80, 248, 'Notification 80', 'Message body for notification 80', '2023-06-28 19:04:52', 'EMAIL');
INSERT INTO `notification` (`notification_id`, `member_id`, `title`, `body`, `sent_at`, `channel`) VALUES (81, 244, 'Notification 81', 'Message body for notification 81', '2023-05-26 05:04:50', 'EMAIL');
INSERT INTO `notification` (`notification_id`, `member_id`, `title`, `body`, `sent_at`, `channel`) VALUES (82, 170, 'Notification 82', 'Message body for notification 82', '2023-03-27 01:57:31', 'EMAIL');
INSERT INTO `notification` (`notification_id`, `member_id`, `title`, `body`, `sent_at`, `channel`) VALUES (83, 80, 'Notification 83', 'Message body for notification 83', '2023-07-16 05:09:01', 'SMS');
INSERT INTO `notification` (`notification_id`, `member_id`, `title`, `body`, `sent_at`, `channel`) VALUES (84, 118, 'Notification 84', 'Message body for notification 84', '2023-04-12 06:01:11', 'SMS');
INSERT INTO `notification` (`notification_id`, `member_id`, `title`, `body`, `sent_at`, `channel`) VALUES (85, 1, 'Notification 85', 'Message body for notification 85', '2023-06-18 05:22:11', 'EMAIL');
INSERT INTO `notification` (`notification_id`, `member_id`, `title`, `body`, `sent_at`, `channel`) VALUES (86, 227, 'Notification 86', 'Message body for notification 86', '2023-02-14 10:58:09', 'SMS');
INSERT INTO `notification` (`notification_id`, `member_id`, `title`, `body`, `sent_at`, `channel`) VALUES (87, 21, 'Notification 87', 'Message body for notification 87', '2023-02-17 08:35:57', 'EMAIL');
INSERT INTO `notification` (`notification_id`, `member_id`, `title`, `body`, `sent_at`, `channel`) VALUES (88, 112, 'Notification 88', 'Message body for notification 88', '2023-01-24 08:54:37', 'EMAIL');
INSERT INTO `notification` (`notification_id`, `member_id`, `title`, `body`, `sent_at`, `channel`) VALUES (89, 176, 'Notification 89', 'Message body for notification 89', '2023-05-23 13:37:34', 'EMAIL');
INSERT INTO `notification` (`notification_id`, `member_id`, `title`, `body`, `sent_at`, `channel`) VALUES (90, 123, 'Notification 90', 'Message body for notification 90', '2023-02-10 12:33:02', 'EMAIL');
INSERT INTO `notification` (`notification_id`, `member_id`, `title`, `body`, `sent_at`, `channel`) VALUES (91, 121, 'Notification 91', 'Message body for notification 91', '2023-05-21 14:20:48', 'PUSH');
INSERT INTO `notification` (`notification_id`, `member_id`, `title`, `body`, `sent_at`, `channel`) VALUES (92, 55, 'Notification 92', 'Message body for notification 92', '2023-05-01 13:42:01', 'SMS');
INSERT INTO `notification` (`notification_id`, `member_id`, `title`, `body`, `sent_at`, `channel`) VALUES (93, 181, 'Notification 93', 'Message body for notification 93', '2023-03-04 03:29:19', 'SMS');
INSERT INTO `notification` (`notification_id`, `member_id`, `title`, `body`, `sent_at`, `channel`) VALUES (94, 33, 'Notification 94', 'Message body for notification 94', '2023-03-23 04:51:41', 'SMS');
INSERT INTO `notification` (`notification_id`, `member_id`, `title`, `body`, `sent_at`, `channel`) VALUES (95, 198, 'Notification 95', 'Message body for notification 95', '2023-03-25 10:18:38', 'PUSH');
INSERT INTO `notification` (`notification_id`, `member_id`, `title`, `body`, `sent_at`, `channel`) VALUES (96, 187, 'Notification 96', 'Message body for notification 96', '2023-04-19 21:44:01', 'SMS');
INSERT INTO `notification` (`notification_id`, `member_id`, `title`, `body`, `sent_at`, `channel`) VALUES (97, 137, 'Notification 97', 'Message body for notification 97', '2023-01-19 12:37:44', 'SMS');
INSERT INTO `notification` (`notification_id`, `member_id`, `title`, `body`, `sent_at`, `channel`) VALUES (98, 172, 'Notification 98', 'Message body for notification 98', '2023-07-09 21:21:04', 'EMAIL');
INSERT INTO `notification` (`notification_id`, `member_id`, `title`, `body`, `sent_at`, `channel`) VALUES (99, 57, 'Notification 99', 'Message body for notification 99', '2023-06-05 06:29:11', 'EMAIL');
INSERT INTO `notification` (`notification_id`, `member_id`, `title`, `body`, `sent_at`, `channel`) VALUES (100, 95, 'Notification 100', 'Message body for notification 100', '2023-04-03 12:22:24', 'PUSH');
INSERT INTO `notification` (`notification_id`, `member_id`, `title`, `body`, `sent_at`, `channel`) VALUES (101, 211, 'Notification 101', 'Message body for notification 101', '2023-01-01 22:13:48', 'PUSH');
INSERT INTO `notification` (`notification_id`, `member_id`, `title`, `body`, `sent_at`, `channel`) VALUES (102, 193, 'Notification 102', 'Message body for notification 102', '2023-04-12 02:48:47', 'PUSH');
INSERT INTO `notification` (`notification_id`, `member_id`, `title`, `body`, `sent_at`, `channel`) VALUES (103, 59, 'Notification 103', 'Message body for notification 103', '2023-02-05 18:12:09', 'EMAIL');
INSERT INTO `notification` (`notification_id`, `member_id`, `title`, `body`, `sent_at`, `channel`) VALUES (104, 12, 'Notification 104', 'Message body for notification 104', '2023-02-24 10:59:35', 'SMS');
INSERT INTO `notification` (`notification_id`, `member_id`, `title`, `body`, `sent_at`, `channel`) VALUES (105, 24, 'Notification 105', 'Message body for notification 105', '2023-03-28 13:59:00', 'PUSH');
INSERT INTO `notification` (`notification_id`, `member_id`, `title`, `body`, `sent_at`, `channel`) VALUES (106, 47, 'Notification 106', 'Message body for notification 106', '2023-04-19 05:29:18', 'SMS');
INSERT INTO `notification` (`notification_id`, `member_id`, `title`, `body`, `sent_at`, `channel`) VALUES (107, 80, 'Notification 107', 'Message body for notification 107', '2023-04-10 17:30:00', 'EMAIL');
INSERT INTO `notification` (`notification_id`, `member_id`, `title`, `body`, `sent_at`, `channel`) VALUES (108, 67, 'Notification 108', 'Message body for notification 108', '2023-04-18 06:32:09', 'EMAIL');
INSERT INTO `notification` (`notification_id`, `member_id`, `title`, `body`, `sent_at`, `channel`) VALUES (109, 102, 'Notification 109', 'Message body for notification 109', '2023-06-24 18:50:09', 'EMAIL');
INSERT INTO `notification` (`notification_id`, `member_id`, `title`, `body`, `sent_at`, `channel`) VALUES (110, 120, 'Notification 110', 'Message body for notification 110', '2023-01-22 12:36:28', 'PUSH');
INSERT INTO `notification` (`notification_id`, `member_id`, `title`, `body`, `sent_at`, `channel`) VALUES (111, 188, 'Notification 111', 'Message body for notification 111', '2023-01-26 23:52:46', 'SMS');
INSERT INTO `notification` (`notification_id`, `member_id`, `title`, `body`, `sent_at`, `channel`) VALUES (112, 206, 'Notification 112', 'Message body for notification 112', '2023-01-04 05:51:27', 'SMS');
INSERT INTO `notification` (`notification_id`, `member_id`, `title`, `body`, `sent_at`, `channel`) VALUES (113, 33, 'Notification 113', 'Message body for notification 113', '2023-05-28 18:27:29', 'SMS');
INSERT INTO `notification` (`notification_id`, `member_id`, `title`, `body`, `sent_at`, `channel`) VALUES (114, 176, 'Notification 114', 'Message body for notification 114', '2023-04-27 00:25:18', 'SMS');
INSERT INTO `notification` (`notification_id`, `member_id`, `title`, `body`, `sent_at`, `channel`) VALUES (115, 168, 'Notification 115', 'Message body for notification 115', '2023-06-21 14:37:32', 'SMS');
INSERT INTO `notification` (`notification_id`, `member_id`, `title`, `body`, `sent_at`, `channel`) VALUES (116, 198, 'Notification 116', 'Message body for notification 116', '2023-01-14 11:01:48', 'SMS');
INSERT INTO `notification` (`notification_id`, `member_id`, `title`, `body`, `sent_at`, `channel`) VALUES (117, 67, 'Notification 117', 'Message body for notification 117', '2023-07-09 23:05:15', 'EMAIL');
INSERT INTO `notification` (`notification_id`, `member_id`, `title`, `body`, `sent_at`, `channel`) VALUES (118, 155, 'Notification 118', 'Message body for notification 118', '2023-04-26 18:16:46', 'SMS');
INSERT INTO `notification` (`notification_id`, `member_id`, `title`, `body`, `sent_at`, `channel`) VALUES (119, 200, 'Notification 119', 'Message body for notification 119', '2023-05-02 12:11:57', 'PUSH');
INSERT INTO `notification` (`notification_id`, `member_id`, `title`, `body`, `sent_at`, `channel`) VALUES (120, 249, 'Notification 120', 'Message body for notification 120', '2023-04-04 04:03:57', 'EMAIL');
INSERT INTO `notification` (`notification_id`, `member_id`, `title`, `body`, `sent_at`, `channel`) VALUES (121, 109, 'Notification 121', 'Message body for notification 121', '2023-05-17 13:57:42', 'PUSH');
INSERT INTO `notification` (`notification_id`, `member_id`, `title`, `body`, `sent_at`, `channel`) VALUES (122, 21, 'Notification 122', 'Message body for notification 122', '2023-02-08 00:15:11', 'SMS');
INSERT INTO `notification` (`notification_id`, `member_id`, `title`, `body`, `sent_at`, `channel`) VALUES (123, 243, 'Notification 123', 'Message body for notification 123', '2023-07-01 21:29:12', 'SMS');
INSERT INTO `notification` (`notification_id`, `member_id`, `title`, `body`, `sent_at`, `channel`) VALUES (124, 51, 'Notification 124', 'Message body for notification 124', '2023-05-12 22:22:26', 'PUSH');
INSERT INTO `notification` (`notification_id`, `member_id`, `title`, `body`, `sent_at`, `channel`) VALUES (125, 224, 'Notification 125', 'Message body for notification 125', '2023-04-27 15:50:01', 'EMAIL');
INSERT INTO `notification` (`notification_id`, `member_id`, `title`, `body`, `sent_at`, `channel`) VALUES (126, 119, 'Notification 126', 'Message body for notification 126', '2023-03-14 01:27:02', 'EMAIL');
INSERT INTO `notification` (`notification_id`, `member_id`, `title`, `body`, `sent_at`, `channel`) VALUES (127, 223, 'Notification 127', 'Message body for notification 127', '2023-05-06 16:45:25', 'SMS');
INSERT INTO `notification` (`notification_id`, `member_id`, `title`, `body`, `sent_at`, `channel`) VALUES (128, 13, 'Notification 128', 'Message body for notification 128', '2023-06-03 13:26:44', 'SMS');
INSERT INTO `notification` (`notification_id`, `member_id`, `title`, `body`, `sent_at`, `channel`) VALUES (129, 109, 'Notification 129', 'Message body for notification 129', '2023-03-28 10:46:56', 'EMAIL');
INSERT INTO `notification` (`notification_id`, `member_id`, `title`, `body`, `sent_at`, `channel`) VALUES (130, 139, 'Notification 130', 'Message body for notification 130', '2023-03-10 06:30:26', 'SMS');
INSERT INTO `notification` (`notification_id`, `member_id`, `title`, `body`, `sent_at`, `channel`) VALUES (131, 92, 'Notification 131', 'Message body for notification 131', '2023-04-17 00:38:16', 'SMS');
INSERT INTO `notification` (`notification_id`, `member_id`, `title`, `body`, `sent_at`, `channel`) VALUES (132, 84, 'Notification 132', 'Message body for notification 132', '2023-03-18 23:09:19', 'EMAIL');
INSERT INTO `notification` (`notification_id`, `member_id`, `title`, `body`, `sent_at`, `channel`) VALUES (133, 153, 'Notification 133', 'Message body for notification 133', '2023-01-29 13:00:24', 'PUSH');
INSERT INTO `notification` (`notification_id`, `member_id`, `title`, `body`, `sent_at`, `channel`) VALUES (134, 10, 'Notification 134', 'Message body for notification 134', '2023-05-17 14:25:32', 'EMAIL');
INSERT INTO `notification` (`notification_id`, `member_id`, `title`, `body`, `sent_at`, `channel`) VALUES (135, 45, 'Notification 135', 'Message body for notification 135', '2023-01-22 19:28:41', 'EMAIL');
INSERT INTO `notification` (`notification_id`, `member_id`, `title`, `body`, `sent_at`, `channel`) VALUES (136, 33, 'Notification 136', 'Message body for notification 136', '2023-07-06 05:15:58', 'PUSH');
INSERT INTO `notification` (`notification_id`, `member_id`, `title`, `body`, `sent_at`, `channel`) VALUES (137, 127, 'Notification 137', 'Message body for notification 137', '2023-04-21 10:00:04', 'SMS');
INSERT INTO `notification` (`notification_id`, `member_id`, `title`, `body`, `sent_at`, `channel`) VALUES (138, 249, 'Notification 138', 'Message body for notification 138', '2023-04-28 22:28:23', 'EMAIL');
INSERT INTO `notification` (`notification_id`, `member_id`, `title`, `body`, `sent_at`, `channel`) VALUES (139, 236, 'Notification 139', 'Message body for notification 139', '2023-07-07 19:03:43', 'PUSH');
INSERT INTO `notification` (`notification_id`, `member_id`, `title`, `body`, `sent_at`, `channel`) VALUES (140, 118, 'Notification 140', 'Message body for notification 140', '2023-01-11 02:47:11', 'SMS');
INSERT INTO `notification` (`notification_id`, `member_id`, `title`, `body`, `sent_at`, `channel`) VALUES (141, 96, 'Notification 141', 'Message body for notification 141', '2023-01-10 05:20:34', 'PUSH');
INSERT INTO `notification` (`notification_id`, `member_id`, `title`, `body`, `sent_at`, `channel`) VALUES (142, 186, 'Notification 142', 'Message body for notification 142', '2023-06-13 03:40:54', 'SMS');
INSERT INTO `notification` (`notification_id`, `member_id`, `title`, `body`, `sent_at`, `channel`) VALUES (143, 132, 'Notification 143', 'Message body for notification 143', '2023-07-05 02:52:03', 'SMS');
INSERT INTO `notification` (`notification_id`, `member_id`, `title`, `body`, `sent_at`, `channel`) VALUES (144, 238, 'Notification 144', 'Message body for notification 144', '2023-06-13 10:59:41', 'SMS');
INSERT INTO `notification` (`notification_id`, `member_id`, `title`, `body`, `sent_at`, `channel`) VALUES (145, 103, 'Notification 145', 'Message body for notification 145', '2023-01-06 06:41:48', 'PUSH');
INSERT INTO `notification` (`notification_id`, `member_id`, `title`, `body`, `sent_at`, `channel`) VALUES (146, 66, 'Notification 146', 'Message body for notification 146', '2023-07-04 23:46:16', 'PUSH');
INSERT INTO `notification` (`notification_id`, `member_id`, `title`, `body`, `sent_at`, `channel`) VALUES (147, 227, 'Notification 147', 'Message body for notification 147', '2023-01-21 15:46:51', 'EMAIL');
INSERT INTO `notification` (`notification_id`, `member_id`, `title`, `body`, `sent_at`, `channel`) VALUES (148, 204, 'Notification 148', 'Message body for notification 148', '2023-02-19 20:47:08', 'SMS');
INSERT INTO `notification` (`notification_id`, `member_id`, `title`, `body`, `sent_at`, `channel`) VALUES (149, 78, 'Notification 149', 'Message body for notification 149', '2023-06-07 18:42:56', 'PUSH');
INSERT INTO `notification` (`notification_id`, `member_id`, `title`, `body`, `sent_at`, `channel`) VALUES (150, 219, 'Notification 150', 'Message body for notification 150', '2023-03-04 01:46:40', 'SMS');
INSERT INTO `notification` (`notification_id`, `member_id`, `title`, `body`, `sent_at`, `channel`) VALUES (151, 147, 'Notification 151', 'Message body for notification 151', '2023-05-02 07:50:07', 'SMS');
INSERT INTO `notification` (`notification_id`, `member_id`, `title`, `body`, `sent_at`, `channel`) VALUES (152, 71, 'Notification 152', 'Message body for notification 152', '2023-07-11 06:45:41', 'SMS');
INSERT INTO `notification` (`notification_id`, `member_id`, `title`, `body`, `sent_at`, `channel`) VALUES (153, 129, 'Notification 153', 'Message body for notification 153', '2023-06-21 01:39:55', 'PUSH');
INSERT INTO `notification` (`notification_id`, `member_id`, `title`, `body`, `sent_at`, `channel`) VALUES (154, 103, 'Notification 154', 'Message body for notification 154', '2023-02-16 10:22:24', 'SMS');
INSERT INTO `notification` (`notification_id`, `member_id`, `title`, `body`, `sent_at`, `channel`) VALUES (155, 2, 'Notification 155', 'Message body for notification 155', '2023-04-15 07:32:29', 'EMAIL');
INSERT INTO `notification` (`notification_id`, `member_id`, `title`, `body`, `sent_at`, `channel`) VALUES (156, 201, 'Notification 156', 'Message body for notification 156', '2023-04-17 23:55:42', 'EMAIL');
INSERT INTO `notification` (`notification_id`, `member_id`, `title`, `body`, `sent_at`, `channel`) VALUES (157, 71, 'Notification 157', 'Message body for notification 157', '2023-03-10 16:50:13', 'PUSH');
INSERT INTO `notification` (`notification_id`, `member_id`, `title`, `body`, `sent_at`, `channel`) VALUES (158, 203, 'Notification 158', 'Message body for notification 158', '2023-06-12 11:35:01', 'EMAIL');
INSERT INTO `notification` (`notification_id`, `member_id`, `title`, `body`, `sent_at`, `channel`) VALUES (159, 57, 'Notification 159', 'Message body for notification 159', '2023-02-27 00:39:28', 'PUSH');
INSERT INTO `notification` (`notification_id`, `member_id`, `title`, `body`, `sent_at`, `channel`) VALUES (160, 84, 'Notification 160', 'Message body for notification 160', '2023-02-26 02:19:12', 'PUSH');
INSERT INTO `notification` (`notification_id`, `member_id`, `title`, `body`, `sent_at`, `channel`) VALUES (161, 74, 'Notification 161', 'Message body for notification 161', '2023-07-06 22:11:04', 'SMS');
INSERT INTO `notification` (`notification_id`, `member_id`, `title`, `body`, `sent_at`, `channel`) VALUES (162, 151, 'Notification 162', 'Message body for notification 162', '2023-04-18 23:06:40', 'PUSH');
INSERT INTO `notification` (`notification_id`, `member_id`, `title`, `body`, `sent_at`, `channel`) VALUES (163, 85, 'Notification 163', 'Message body for notification 163', '2023-05-19 14:09:52', 'SMS');
INSERT INTO `notification` (`notification_id`, `member_id`, `title`, `body`, `sent_at`, `channel`) VALUES (164, 239, 'Notification 164', 'Message body for notification 164', '2023-05-23 00:27:27', 'SMS');
INSERT INTO `notification` (`notification_id`, `member_id`, `title`, `body`, `sent_at`, `channel`) VALUES (165, 88, 'Notification 165', 'Message body for notification 165', '2023-03-23 12:36:38', 'SMS');
INSERT INTO `notification` (`notification_id`, `member_id`, `title`, `body`, `sent_at`, `channel`) VALUES (166, 39, 'Notification 166', 'Message body for notification 166', '2023-04-29 18:10:01', 'EMAIL');
INSERT INTO `notification` (`notification_id`, `member_id`, `title`, `body`, `sent_at`, `channel`) VALUES (167, 137, 'Notification 167', 'Message body for notification 167', '2023-06-28 06:11:23', 'PUSH');
INSERT INTO `notification` (`notification_id`, `member_id`, `title`, `body`, `sent_at`, `channel`) VALUES (168, 100, 'Notification 168', 'Message body for notification 168', '2023-03-07 14:40:13', 'EMAIL');
INSERT INTO `notification` (`notification_id`, `member_id`, `title`, `body`, `sent_at`, `channel`) VALUES (169, 170, 'Notification 169', 'Message body for notification 169', '2023-05-27 02:51:43', 'PUSH');
INSERT INTO `notification` (`notification_id`, `member_id`, `title`, `body`, `sent_at`, `channel`) VALUES (170, 125, 'Notification 170', 'Message body for notification 170', '2023-05-24 12:34:19', 'EMAIL');
INSERT INTO `notification` (`notification_id`, `member_id`, `title`, `body`, `sent_at`, `channel`) VALUES (171, 54, 'Notification 171', 'Message body for notification 171', '2023-07-11 19:16:54', 'SMS');
INSERT INTO `notification` (`notification_id`, `member_id`, `title`, `body`, `sent_at`, `channel`) VALUES (172, 78, 'Notification 172', 'Message body for notification 172', '2023-03-16 11:28:51', 'SMS');
INSERT INTO `notification` (`notification_id`, `member_id`, `title`, `body`, `sent_at`, `channel`) VALUES (173, 173, 'Notification 173', 'Message body for notification 173', '2023-04-30 01:04:35', 'EMAIL');
INSERT INTO `notification` (`notification_id`, `member_id`, `title`, `body`, `sent_at`, `channel`) VALUES (174, 160, 'Notification 174', 'Message body for notification 174', '2023-05-30 06:04:14', 'PUSH');
INSERT INTO `notification` (`notification_id`, `member_id`, `title`, `body`, `sent_at`, `channel`) VALUES (175, 91, 'Notification 175', 'Message body for notification 175', '2023-05-25 15:42:41', 'SMS');
INSERT INTO `notification` (`notification_id`, `member_id`, `title`, `body`, `sent_at`, `channel`) VALUES (176, 196, 'Notification 176', 'Message body for notification 176', '2023-01-06 10:20:09', 'PUSH');
INSERT INTO `notification` (`notification_id`, `member_id`, `title`, `body`, `sent_at`, `channel`) VALUES (177, 191, 'Notification 177', 'Message body for notification 177', '2023-05-06 08:32:45', 'SMS');
INSERT INTO `notification` (`notification_id`, `member_id`, `title`, `body`, `sent_at`, `channel`) VALUES (178, 236, 'Notification 178', 'Message body for notification 178', '2023-05-18 04:47:41', 'SMS');
INSERT INTO `notification` (`notification_id`, `member_id`, `title`, `body`, `sent_at`, `channel`) VALUES (179, 156, 'Notification 179', 'Message body for notification 179', '2023-02-01 03:31:51', 'SMS');
INSERT INTO `notification` (`notification_id`, `member_id`, `title`, `body`, `sent_at`, `channel`) VALUES (180, 56, 'Notification 180', 'Message body for notification 180', '2023-02-24 04:01:40', 'PUSH');
INSERT INTO `notification` (`notification_id`, `member_id`, `title`, `body`, `sent_at`, `channel`) VALUES (181, 75, 'Notification 181', 'Message body for notification 181', '2023-02-15 05:47:35', 'PUSH');
INSERT INTO `notification` (`notification_id`, `member_id`, `title`, `body`, `sent_at`, `channel`) VALUES (182, 103, 'Notification 182', 'Message body for notification 182', '2023-05-21 14:52:25', 'SMS');
INSERT INTO `notification` (`notification_id`, `member_id`, `title`, `body`, `sent_at`, `channel`) VALUES (183, 193, 'Notification 183', 'Message body for notification 183', '2023-02-25 15:13:31', 'PUSH');
INSERT INTO `notification` (`notification_id`, `member_id`, `title`, `body`, `sent_at`, `channel`) VALUES (184, 72, 'Notification 184', 'Message body for notification 184', '2023-03-23 13:13:22', 'PUSH');
INSERT INTO `notification` (`notification_id`, `member_id`, `title`, `body`, `sent_at`, `channel`) VALUES (185, 28, 'Notification 185', 'Message body for notification 185', '2023-06-20 23:03:04', 'PUSH');
INSERT INTO `notification` (`notification_id`, `member_id`, `title`, `body`, `sent_at`, `channel`) VALUES (186, 82, 'Notification 186', 'Message body for notification 186', '2023-05-09 19:30:05', 'PUSH');
INSERT INTO `notification` (`notification_id`, `member_id`, `title`, `body`, `sent_at`, `channel`) VALUES (187, 101, 'Notification 187', 'Message body for notification 187', '2023-02-27 14:42:28', 'SMS');
INSERT INTO `notification` (`notification_id`, `member_id`, `title`, `body`, `sent_at`, `channel`) VALUES (188, 194, 'Notification 188', 'Message body for notification 188', '2023-04-29 10:25:23', 'SMS');
INSERT INTO `notification` (`notification_id`, `member_id`, `title`, `body`, `sent_at`, `channel`) VALUES (189, 41, 'Notification 189', 'Message body for notification 189', '2023-02-15 14:33:55', 'SMS');
INSERT INTO `notification` (`notification_id`, `member_id`, `title`, `body`, `sent_at`, `channel`) VALUES (190, 1, 'Notification 190', 'Message body for notification 190', '2023-05-17 12:09:45', 'SMS');
INSERT INTO `notification` (`notification_id`, `member_id`, `title`, `body`, `sent_at`, `channel`) VALUES (191, 168, 'Notification 191', 'Message body for notification 191', '2023-02-14 03:34:47', 'SMS');
INSERT INTO `notification` (`notification_id`, `member_id`, `title`, `body`, `sent_at`, `channel`) VALUES (192, 149, 'Notification 192', 'Message body for notification 192', '2023-06-17 15:13:21', 'SMS');
INSERT INTO `notification` (`notification_id`, `member_id`, `title`, `body`, `sent_at`, `channel`) VALUES (193, 106, 'Notification 193', 'Message body for notification 193', '2023-02-18 23:10:16', 'EMAIL');
INSERT INTO `notification` (`notification_id`, `member_id`, `title`, `body`, `sent_at`, `channel`) VALUES (194, 159, 'Notification 194', 'Message body for notification 194', '2023-02-27 05:02:42', 'PUSH');
INSERT INTO `notification` (`notification_id`, `member_id`, `title`, `body`, `sent_at`, `channel`) VALUES (195, 159, 'Notification 195', 'Message body for notification 195', '2023-05-09 02:55:52', 'PUSH');
INSERT INTO `notification` (`notification_id`, `member_id`, `title`, `body`, `sent_at`, `channel`) VALUES (196, 147, 'Notification 196', 'Message body for notification 196', '2023-07-07 14:52:58', 'EMAIL');
INSERT INTO `notification` (`notification_id`, `member_id`, `title`, `body`, `sent_at`, `channel`) VALUES (197, 84, 'Notification 197', 'Message body for notification 197', '2023-06-06 09:06:00', 'EMAIL');
INSERT INTO `notification` (`notification_id`, `member_id`, `title`, `body`, `sent_at`, `channel`) VALUES (198, 146, 'Notification 198', 'Message body for notification 198', '2023-06-10 17:10:54', 'PUSH');
INSERT INTO `notification` (`notification_id`, `member_id`, `title`, `body`, `sent_at`, `channel`) VALUES (199, 24, 'Notification 199', 'Message body for notification 199', '2023-04-05 00:49:37', 'PUSH');
INSERT INTO `notification` (`notification_id`, `member_id`, `title`, `body`, `sent_at`, `channel`) VALUES (200, 154, 'Notification 200', 'Message body for notification 200', '2023-06-17 14:10:31', 'PUSH');
INSERT INTO `notification` (`notification_id`, `member_id`, `title`, `body`, `sent_at`, `channel`) VALUES (201, 131, 'Notification 201', 'Message body for notification 201', '2023-02-19 05:52:32', 'SMS');
INSERT INTO `notification` (`notification_id`, `member_id`, `title`, `body`, `sent_at`, `channel`) VALUES (202, 95, 'Notification 202', 'Message body for notification 202', '2023-07-05 08:42:47', 'EMAIL');
INSERT INTO `notification` (`notification_id`, `member_id`, `title`, `body`, `sent_at`, `channel`) VALUES (203, 121, 'Notification 203', 'Message body for notification 203', '2023-07-02 07:16:26', 'SMS');
INSERT INTO `notification` (`notification_id`, `member_id`, `title`, `body`, `sent_at`, `channel`) VALUES (204, 34, 'Notification 204', 'Message body for notification 204', '2023-03-17 02:21:35', 'EMAIL');
INSERT INTO `notification` (`notification_id`, `member_id`, `title`, `body`, `sent_at`, `channel`) VALUES (205, 53, 'Notification 205', 'Message body for notification 205', '2023-05-28 16:47:27', 'SMS');
INSERT INTO `notification` (`notification_id`, `member_id`, `title`, `body`, `sent_at`, `channel`) VALUES (206, 63, 'Notification 206', 'Message body for notification 206', '2023-06-25 21:57:49', 'SMS');
INSERT INTO `notification` (`notification_id`, `member_id`, `title`, `body`, `sent_at`, `channel`) VALUES (207, 62, 'Notification 207', 'Message body for notification 207', '2023-02-15 16:47:57', 'PUSH');
INSERT INTO `notification` (`notification_id`, `member_id`, `title`, `body`, `sent_at`, `channel`) VALUES (208, 165, 'Notification 208', 'Message body for notification 208', '2023-01-29 21:59:28', 'SMS');
INSERT INTO `notification` (`notification_id`, `member_id`, `title`, `body`, `sent_at`, `channel`) VALUES (209, 224, 'Notification 209', 'Message body for notification 209', '2023-02-10 08:54:54', 'SMS');
INSERT INTO `notification` (`notification_id`, `member_id`, `title`, `body`, `sent_at`, `channel`) VALUES (210, 185, 'Notification 210', 'Message body for notification 210', '2023-01-18 00:15:02', 'PUSH');
INSERT INTO `notification` (`notification_id`, `member_id`, `title`, `body`, `sent_at`, `channel`) VALUES (211, 9, 'Notification 211', 'Message body for notification 211', '2023-06-24 14:47:40', 'PUSH');
INSERT INTO `notification` (`notification_id`, `member_id`, `title`, `body`, `sent_at`, `channel`) VALUES (212, 121, 'Notification 212', 'Message body for notification 212', '2023-04-09 02:33:42', 'SMS');
INSERT INTO `notification` (`notification_id`, `member_id`, `title`, `body`, `sent_at`, `channel`) VALUES (213, 246, 'Notification 213', 'Message body for notification 213', '2023-03-08 19:33:50', 'EMAIL');
INSERT INTO `notification` (`notification_id`, `member_id`, `title`, `body`, `sent_at`, `channel`) VALUES (214, 184, 'Notification 214', 'Message body for notification 214', '2023-07-18 22:05:57', 'PUSH');
INSERT INTO `notification` (`notification_id`, `member_id`, `title`, `body`, `sent_at`, `channel`) VALUES (215, 137, 'Notification 215', 'Message body for notification 215', '2023-07-02 00:51:49', 'SMS');
INSERT INTO `notification` (`notification_id`, `member_id`, `title`, `body`, `sent_at`, `channel`) VALUES (216, 124, 'Notification 216', 'Message body for notification 216', '2023-07-05 02:10:36', 'SMS');
INSERT INTO `notification` (`notification_id`, `member_id`, `title`, `body`, `sent_at`, `channel`) VALUES (217, 208, 'Notification 217', 'Message body for notification 217', '2023-04-12 01:27:10', 'SMS');
INSERT INTO `notification` (`notification_id`, `member_id`, `title`, `body`, `sent_at`, `channel`) VALUES (218, 103, 'Notification 218', 'Message body for notification 218', '2023-07-03 18:37:31', 'PUSH');
INSERT INTO `notification` (`notification_id`, `member_id`, `title`, `body`, `sent_at`, `channel`) VALUES (219, 167, 'Notification 219', 'Message body for notification 219', '2023-04-23 15:36:15', 'EMAIL');
INSERT INTO `notification` (`notification_id`, `member_id`, `title`, `body`, `sent_at`, `channel`) VALUES (220, 27, 'Notification 220', 'Message body for notification 220', '2023-02-07 09:33:26', 'PUSH');
INSERT INTO `notification` (`notification_id`, `member_id`, `title`, `body`, `sent_at`, `channel`) VALUES (221, 193, 'Notification 221', 'Message body for notification 221', '2023-01-29 06:09:05', 'SMS');
INSERT INTO `notification` (`notification_id`, `member_id`, `title`, `body`, `sent_at`, `channel`) VALUES (222, 106, 'Notification 222', 'Message body for notification 222', '2023-06-18 12:22:22', 'EMAIL');
INSERT INTO `notification` (`notification_id`, `member_id`, `title`, `body`, `sent_at`, `channel`) VALUES (223, 234, 'Notification 223', 'Message body for notification 223', '2023-03-04 17:34:14', 'EMAIL');
INSERT INTO `notification` (`notification_id`, `member_id`, `title`, `body`, `sent_at`, `channel`) VALUES (224, 68, 'Notification 224', 'Message body for notification 224', '2023-01-25 12:00:57', 'PUSH');
INSERT INTO `notification` (`notification_id`, `member_id`, `title`, `body`, `sent_at`, `channel`) VALUES (225, 178, 'Notification 225', 'Message body for notification 225', '2023-01-19 16:41:02', 'PUSH');
INSERT INTO `notification` (`notification_id`, `member_id`, `title`, `body`, `sent_at`, `channel`) VALUES (226, 126, 'Notification 226', 'Message body for notification 226', '2023-07-12 08:54:37', 'SMS');
INSERT INTO `notification` (`notification_id`, `member_id`, `title`, `body`, `sent_at`, `channel`) VALUES (227, 88, 'Notification 227', 'Message body for notification 227', '2023-03-17 16:11:24', 'SMS');
INSERT INTO `notification` (`notification_id`, `member_id`, `title`, `body`, `sent_at`, `channel`) VALUES (228, 202, 'Notification 228', 'Message body for notification 228', '2023-04-26 09:23:26', 'PUSH');
INSERT INTO `notification` (`notification_id`, `member_id`, `title`, `body`, `sent_at`, `channel`) VALUES (229, 71, 'Notification 229', 'Message body for notification 229', '2023-06-02 01:18:05', 'EMAIL');
INSERT INTO `notification` (`notification_id`, `member_id`, `title`, `body`, `sent_at`, `channel`) VALUES (230, 38, 'Notification 230', 'Message body for notification 230', '2023-05-14 10:30:05', 'EMAIL');
INSERT INTO `notification` (`notification_id`, `member_id`, `title`, `body`, `sent_at`, `channel`) VALUES (231, 57, 'Notification 231', 'Message body for notification 231', '2023-04-05 20:31:04', 'SMS');
INSERT INTO `notification` (`notification_id`, `member_id`, `title`, `body`, `sent_at`, `channel`) VALUES (232, 183, 'Notification 232', 'Message body for notification 232', '2023-03-16 11:09:54', 'PUSH');
INSERT INTO `notification` (`notification_id`, `member_id`, `title`, `body`, `sent_at`, `channel`) VALUES (233, 41, 'Notification 233', 'Message body for notification 233', '2023-05-26 23:04:45', 'SMS');
INSERT INTO `notification` (`notification_id`, `member_id`, `title`, `body`, `sent_at`, `channel`) VALUES (234, 122, 'Notification 234', 'Message body for notification 234', '2023-07-02 16:00:53', 'PUSH');
INSERT INTO `notification` (`notification_id`, `member_id`, `title`, `body`, `sent_at`, `channel`) VALUES (235, 76, 'Notification 235', 'Message body for notification 235', '2023-02-09 04:40:49', 'EMAIL');
INSERT INTO `notification` (`notification_id`, `member_id`, `title`, `body`, `sent_at`, `channel`) VALUES (236, 156, 'Notification 236', 'Message body for notification 236', '2023-03-16 13:59:21', 'SMS');
INSERT INTO `notification` (`notification_id`, `member_id`, `title`, `body`, `sent_at`, `channel`) VALUES (237, 164, 'Notification 237', 'Message body for notification 237', '2023-02-28 01:01:10', 'EMAIL');
INSERT INTO `notification` (`notification_id`, `member_id`, `title`, `body`, `sent_at`, `channel`) VALUES (238, 150, 'Notification 238', 'Message body for notification 238', '2023-03-19 05:24:06', 'PUSH');
INSERT INTO `notification` (`notification_id`, `member_id`, `title`, `body`, `sent_at`, `channel`) VALUES (239, 4, 'Notification 239', 'Message body for notification 239', '2023-03-08 13:15:31', 'PUSH');
INSERT INTO `notification` (`notification_id`, `member_id`, `title`, `body`, `sent_at`, `channel`) VALUES (240, 131, 'Notification 240', 'Message body for notification 240', '2023-07-10 18:49:00', 'SMS');
INSERT INTO `notification` (`notification_id`, `member_id`, `title`, `body`, `sent_at`, `channel`) VALUES (241, 123, 'Notification 241', 'Message body for notification 241', '2023-06-08 06:12:15', 'SMS');
INSERT INTO `notification` (`notification_id`, `member_id`, `title`, `body`, `sent_at`, `channel`) VALUES (242, 165, 'Notification 242', 'Message body for notification 242', '2023-02-09 21:22:37', 'PUSH');
INSERT INTO `notification` (`notification_id`, `member_id`, `title`, `body`, `sent_at`, `channel`) VALUES (243, 81, 'Notification 243', 'Message body for notification 243', '2023-05-14 13:37:48', 'SMS');
INSERT INTO `notification` (`notification_id`, `member_id`, `title`, `body`, `sent_at`, `channel`) VALUES (244, 222, 'Notification 244', 'Message body for notification 244', '2023-05-05 23:36:24', 'EMAIL');
INSERT INTO `notification` (`notification_id`, `member_id`, `title`, `body`, `sent_at`, `channel`) VALUES (245, 223, 'Notification 245', 'Message body for notification 245', '2023-05-15 17:33:03', 'EMAIL');
INSERT INTO `notification` (`notification_id`, `member_id`, `title`, `body`, `sent_at`, `channel`) VALUES (246, 124, 'Notification 246', 'Message body for notification 246', '2023-04-08 00:31:05', 'PUSH');
INSERT INTO `notification` (`notification_id`, `member_id`, `title`, `body`, `sent_at`, `channel`) VALUES (247, 243, 'Notification 247', 'Message body for notification 247', '2023-01-17 12:27:54', 'EMAIL');
INSERT INTO `notification` (`notification_id`, `member_id`, `title`, `body`, `sent_at`, `channel`) VALUES (248, 80, 'Notification 248', 'Message body for notification 248', '2023-02-22 08:10:00', 'EMAIL');
INSERT INTO `notification` (`notification_id`, `member_id`, `title`, `body`, `sent_at`, `channel`) VALUES (249, 72, 'Notification 249', 'Message body for notification 249', '2023-06-05 04:21:15', 'PUSH');
INSERT INTO `notification` (`notification_id`, `member_id`, `title`, `body`, `sent_at`, `channel`) VALUES (250, 51, 'Notification 250', 'Message body for notification 250', '2023-04-02 18:09:37', 'SMS');
-- review
INSERT INTO `review` (`review_id`, `member_id`, `movie_id`, `rating`, `content`, `created_at`) VALUES (1, 146, 2, 5, 'Review content 1', '2023-04-27 07:22:26');
INSERT INTO `review` (`review_id`, `member_id`, `movie_id`, `rating`, `content`, `created_at`) VALUES (2, 94, 5, 4, 'Review content 2', '2023-11-17 03:35:55');
INSERT INTO `review` (`review_id`, `member_id`, `movie_id`, `rating`, `content`, `created_at`) VALUES (3, 244, 43, 5, 'Review content 3', '2023-02-04 09:53:02');
INSERT INTO `review` (`review_id`, `member_id`, `movie_id`, `rating`, `content`, `created_at`) VALUES (4, 142, 69, 5, 'Review content 4', '2023-02-10 02:02:16');
INSERT INTO `review` (`review_id`, `member_id`, `movie_id`, `rating`, `content`, `created_at`) VALUES (5, 115, 73, 5, 'Review content 5', '2023-05-07 08:54:32');
INSERT INTO `review` (`review_id`, `member_id`, `movie_id`, `rating`, `content`, `created_at`) VALUES (6, 66, 24, 2, 'Review content 6', '2023-04-27 16:36:17');
INSERT INTO `review` (`review_id`, `member_id`, `movie_id`, `rating`, `content`, `created_at`) VALUES (7, 46, 6, 5, 'Review content 7', '2023-05-17 20:05:48');
INSERT INTO `review` (`review_id`, `member_id`, `movie_id`, `rating`, `content`, `created_at`) VALUES (8, 72, 12, 2, 'Review content 8', '2024-01-11 02:19:05');
INSERT INTO `review` (`review_id`, `member_id`, `movie_id`, `rating`, `content`, `created_at`) VALUES (9, 232, 17, 5, 'Review content 9', '2023-06-05 02:12:57');
INSERT INTO `review` (`review_id`, `member_id`, `movie_id`, `rating`, `content`, `created_at`) VALUES (10, 54, 30, 2, 'Review content 10', '2023-10-27 21:09:48');
INSERT INTO `review` (`review_id`, `member_id`, `movie_id`, `rating`, `content`, `created_at`) VALUES (11, 123, 60, 1, 'Review content 11', '2023-10-02 01:51:35');
INSERT INTO `review` (`review_id`, `member_id`, `movie_id`, `rating`, `content`, `created_at`) VALUES (12, 82, 10, 2, 'Review content 12', '2023-09-02 04:14:17');
INSERT INTO `review` (`review_id`, `member_id`, `movie_id`, `rating`, `content`, `created_at`) VALUES (13, 114, 11, 4, 'Review content 13', '2023-04-12 03:38:10');
INSERT INTO `review` (`review_id`, `member_id`, `movie_id`, `rating`, `content`, `created_at`) VALUES (14, 139, 76, 2, 'Review content 14', '2023-11-03 17:44:22');
INSERT INTO `review` (`review_id`, `member_id`, `movie_id`, `rating`, `content`, `created_at`) VALUES (15, 77, 73, 1, 'Review content 15', '2023-10-25 15:38:48');
INSERT INTO `review` (`review_id`, `member_id`, `movie_id`, `rating`, `content`, `created_at`) VALUES (16, 221, 15, 4, 'Review content 16', '2024-02-03 23:23:50');
INSERT INTO `review` (`review_id`, `member_id`, `movie_id`, `rating`, `content`, `created_at`) VALUES (17, 50, 76, 5, 'Review content 17', '2024-01-22 16:36:42');
INSERT INTO `review` (`review_id`, `member_id`, `movie_id`, `rating`, `content`, `created_at`) VALUES (18, 1, 33, 4, 'Review content 18', '2023-11-04 09:51:26');
INSERT INTO `review` (`review_id`, `member_id`, `movie_id`, `rating`, `content`, `created_at`) VALUES (19, 127, 23, 3, 'Review content 19', '2023-09-17 17:35:44');
INSERT INTO `review` (`review_id`, `member_id`, `movie_id`, `rating`, `content`, `created_at`) VALUES (20, 132, 37, 3, 'Review content 20', '2023-05-16 19:22:35');
INSERT INTO `review` (`review_id`, `member_id`, `movie_id`, `rating`, `content`, `created_at`) VALUES (21, 64, 44, 3, 'Review content 21', '2023-12-14 20:26:06');
INSERT INTO `review` (`review_id`, `member_id`, `movie_id`, `rating`, `content`, `created_at`) VALUES (22, 129, 40, 4, 'Review content 22', '2023-02-27 06:37:58');
INSERT INTO `review` (`review_id`, `member_id`, `movie_id`, `rating`, `content`, `created_at`) VALUES (23, 125, 1, 3, 'Review content 23', '2023-09-18 17:07:50');
INSERT INTO `review` (`review_id`, `member_id`, `movie_id`, `rating`, `content`, `created_at`) VALUES (24, 127, 21, 2, 'Review content 24', '2023-02-03 15:43:45');
INSERT INTO `review` (`review_id`, `member_id`, `movie_id`, `rating`, `content`, `created_at`) VALUES (25, 173, 39, 1, 'Review content 25', '2023-08-15 12:28:03');
INSERT INTO `review` (`review_id`, `member_id`, `movie_id`, `rating`, `content`, `created_at`) VALUES (26, 164, 69, 2, 'Review content 26', '2023-04-10 03:57:29');
INSERT INTO `review` (`review_id`, `member_id`, `movie_id`, `rating`, `content`, `created_at`) VALUES (27, 196, 30, 2, 'Review content 27', '2023-06-07 18:16:09');
INSERT INTO `review` (`review_id`, `member_id`, `movie_id`, `rating`, `content`, `created_at`) VALUES (28, 79, 41, 5, 'Review content 28', '2023-08-30 03:44:49');
INSERT INTO `review` (`review_id`, `member_id`, `movie_id`, `rating`, `content`, `created_at`) VALUES (29, 176, 39, 5, 'Review content 29', '2023-04-18 20:47:23');
INSERT INTO `review` (`review_id`, `member_id`, `movie_id`, `rating`, `content`, `created_at`) VALUES (30, 173, 20, 3, 'Review content 30', '2023-03-22 06:59:13');
INSERT INTO `review` (`review_id`, `member_id`, `movie_id`, `rating`, `content`, `created_at`) VALUES (31, 197, 51, 2, 'Review content 31', '2023-03-22 22:12:50');
INSERT INTO `review` (`review_id`, `member_id`, `movie_id`, `rating`, `content`, `created_at`) VALUES (32, 170, 21, 3, 'Review content 32', '2023-09-22 17:14:58');
INSERT INTO `review` (`review_id`, `member_id`, `movie_id`, `rating`, `content`, `created_at`) VALUES (33, 168, 77, 4, 'Review content 33', '2024-02-04 09:48:28');
INSERT INTO `review` (`review_id`, `member_id`, `movie_id`, `rating`, `content`, `created_at`) VALUES (34, 59, 34, 4, 'Review content 34', '2023-06-05 13:30:00');
INSERT INTO `review` (`review_id`, `member_id`, `movie_id`, `rating`, `content`, `created_at`) VALUES (35, 38, 40, 3, 'Review content 35', '2024-01-08 12:53:10');
INSERT INTO `review` (`review_id`, `member_id`, `movie_id`, `rating`, `content`, `created_at`) VALUES (36, 213, 41, 4, 'Review content 36', '2023-06-07 15:29:04');
INSERT INTO `review` (`review_id`, `member_id`, `movie_id`, `rating`, `content`, `created_at`) VALUES (37, 145, 51, 4, 'Review content 37', '2023-01-03 14:42:43');
INSERT INTO `review` (`review_id`, `member_id`, `movie_id`, `rating`, `content`, `created_at`) VALUES (38, 15, 53, 3, 'Review content 38', '2023-11-27 05:05:40');
INSERT INTO `review` (`review_id`, `member_id`, `movie_id`, `rating`, `content`, `created_at`) VALUES (39, 250, 59, 3, 'Review content 39', '2023-01-10 07:21:44');
INSERT INTO `review` (`review_id`, `member_id`, `movie_id`, `rating`, `content`, `created_at`) VALUES (40, 54, 33, 3, 'Review content 40', '2023-07-11 00:51:43');
INSERT INTO `review` (`review_id`, `member_id`, `movie_id`, `rating`, `content`, `created_at`) VALUES (41, 83, 55, 4, 'Review content 41', '2023-06-16 20:19:07');
INSERT INTO `review` (`review_id`, `member_id`, `movie_id`, `rating`, `content`, `created_at`) VALUES (42, 144, 26, 2, 'Review content 42', '2023-11-13 18:18:41');
INSERT INTO `review` (`review_id`, `member_id`, `movie_id`, `rating`, `content`, `created_at`) VALUES (43, 113, 36, 1, 'Review content 43', '2023-02-08 08:51:08');
INSERT INTO `review` (`review_id`, `member_id`, `movie_id`, `rating`, `content`, `created_at`) VALUES (44, 42, 42, 4, 'Review content 44', '2024-01-05 21:35:17');
INSERT INTO `review` (`review_id`, `member_id`, `movie_id`, `rating`, `content`, `created_at`) VALUES (45, 121, 6, 4, 'Review content 45', '2023-12-19 17:43:57');
INSERT INTO `review` (`review_id`, `member_id`, `movie_id`, `rating`, `content`, `created_at`) VALUES (46, 64, 36, 5, 'Review content 46', '2023-10-28 13:39:14');
INSERT INTO `review` (`review_id`, `member_id`, `movie_id`, `rating`, `content`, `created_at`) VALUES (47, 16, 13, 1, 'Review content 47', '2023-11-24 12:28:37');
INSERT INTO `review` (`review_id`, `member_id`, `movie_id`, `rating`, `content`, `created_at`) VALUES (48, 71, 69, 3, 'Review content 48', '2023-08-13 10:20:55');
INSERT INTO `review` (`review_id`, `member_id`, `movie_id`, `rating`, `content`, `created_at`) VALUES (49, 29, 61, 2, 'Review content 49', '2024-01-19 02:41:37');
INSERT INTO `review` (`review_id`, `member_id`, `movie_id`, `rating`, `content`, `created_at`) VALUES (50, 84, 53, 2, 'Review content 50', '2023-03-19 21:28:27');
INSERT INTO `review` (`review_id`, `member_id`, `movie_id`, `rating`, `content`, `created_at`) VALUES (51, 77, 74, 2, 'Review content 51', '2023-10-15 03:12:15');
INSERT INTO `review` (`review_id`, `member_id`, `movie_id`, `rating`, `content`, `created_at`) VALUES (52, 113, 32, 3, 'Review content 52', '2023-10-21 19:54:02');
INSERT INTO `review` (`review_id`, `member_id`, `movie_id`, `rating`, `content`, `created_at`) VALUES (53, 196, 34, 5, 'Review content 53', '2023-09-29 10:36:36');
INSERT INTO `review` (`review_id`, `member_id`, `movie_id`, `rating`, `content`, `created_at`) VALUES (54, 177, 3, 2, 'Review content 54', '2024-01-31 02:28:33');
INSERT INTO `review` (`review_id`, `member_id`, `movie_id`, `rating`, `content`, `created_at`) VALUES (55, 223, 41, 3, 'Review content 55', '2024-01-31 16:13:57');
INSERT INTO `review` (`review_id`, `member_id`, `movie_id`, `rating`, `content`, `created_at`) VALUES (56, 192, 28, 2, 'Review content 56', '2023-06-14 17:03:04');
INSERT INTO `review` (`review_id`, `member_id`, `movie_id`, `rating`, `content`, `created_at`) VALUES (57, 59, 59, 3, 'Review content 57', '2023-06-20 07:14:41');
INSERT INTO `review` (`review_id`, `member_id`, `movie_id`, `rating`, `content`, `created_at`) VALUES (58, 174, 34, 3, 'Review content 58', '2023-11-06 00:50:32');
INSERT INTO `review` (`review_id`, `member_id`, `movie_id`, `rating`, `content`, `created_at`) VALUES (59, 36, 16, 4, 'Review content 59', '2023-08-07 14:25:44');
INSERT INTO `review` (`review_id`, `member_id`, `movie_id`, `rating`, `content`, `created_at`) VALUES (60, 207, 63, 1, 'Review content 60', '2023-09-28 02:11:41');
INSERT INTO `review` (`review_id`, `member_id`, `movie_id`, `rating`, `content`, `created_at`) VALUES (61, 234, 66, 3, 'Review content 61', '2023-01-09 20:35:49');
INSERT INTO `review` (`review_id`, `member_id`, `movie_id`, `rating`, `content`, `created_at`) VALUES (62, 112, 5, 5, 'Review content 62', '2023-06-17 19:37:02');
INSERT INTO `review` (`review_id`, `member_id`, `movie_id`, `rating`, `content`, `created_at`) VALUES (63, 126, 37, 5, 'Review content 63', '2023-06-20 23:05:48');
INSERT INTO `review` (`review_id`, `member_id`, `movie_id`, `rating`, `content`, `created_at`) VALUES (64, 18, 10, 5, 'Review content 64', '2023-02-17 20:19:36');
INSERT INTO `review` (`review_id`, `member_id`, `movie_id`, `rating`, `content`, `created_at`) VALUES (65, 200, 15, 5, 'Review content 65', '2023-03-23 18:41:45');
INSERT INTO `review` (`review_id`, `member_id`, `movie_id`, `rating`, `content`, `created_at`) VALUES (66, 217, 12, 5, 'Review content 66', '2023-08-28 22:12:38');
INSERT INTO `review` (`review_id`, `member_id`, `movie_id`, `rating`, `content`, `created_at`) VALUES (67, 167, 25, 1, 'Review content 67', '2024-01-28 15:41:25');
INSERT INTO `review` (`review_id`, `member_id`, `movie_id`, `rating`, `content`, `created_at`) VALUES (68, 210, 36, 4, 'Review content 68', '2023-08-20 05:32:29');
INSERT INTO `review` (`review_id`, `member_id`, `movie_id`, `rating`, `content`, `created_at`) VALUES (69, 167, 43, 1, 'Review content 69', '2023-04-04 23:35:13');
INSERT INTO `review` (`review_id`, `member_id`, `movie_id`, `rating`, `content`, `created_at`) VALUES (70, 148, 44, 4, 'Review content 70', '2023-09-28 15:44:35');
INSERT INTO `review` (`review_id`, `member_id`, `movie_id`, `rating`, `content`, `created_at`) VALUES (71, 228, 3, 4, 'Review content 71', '2023-10-22 10:41:50');
INSERT INTO `review` (`review_id`, `member_id`, `movie_id`, `rating`, `content`, `created_at`) VALUES (72, 2, 80, 4, 'Review content 72', '2023-01-10 00:18:39');
INSERT INTO `review` (`review_id`, `member_id`, `movie_id`, `rating`, `content`, `created_at`) VALUES (73, 58, 42, 4, 'Review content 73', '2023-03-19 09:25:28');
INSERT INTO `review` (`review_id`, `member_id`, `movie_id`, `rating`, `content`, `created_at`) VALUES (74, 220, 29, 5, 'Review content 74', '2023-12-12 11:53:30');
INSERT INTO `review` (`review_id`, `member_id`, `movie_id`, `rating`, `content`, `created_at`) VALUES (75, 137, 59, 2, 'Review content 75', '2024-01-30 20:54:52');
INSERT INTO `review` (`review_id`, `member_id`, `movie_id`, `rating`, `content`, `created_at`) VALUES (76, 237, 46, 5, 'Review content 76', '2023-03-20 06:52:32');
INSERT INTO `review` (`review_id`, `member_id`, `movie_id`, `rating`, `content`, `created_at`) VALUES (77, 198, 19, 2, 'Review content 77', '2023-06-07 06:36:40');
INSERT INTO `review` (`review_id`, `member_id`, `movie_id`, `rating`, `content`, `created_at`) VALUES (78, 26, 4, 5, 'Review content 78', '2023-11-05 01:26:11');
INSERT INTO `review` (`review_id`, `member_id`, `movie_id`, `rating`, `content`, `created_at`) VALUES (79, 200, 17, 5, 'Review content 79', '2023-06-28 02:31:18');
INSERT INTO `review` (`review_id`, `member_id`, `movie_id`, `rating`, `content`, `created_at`) VALUES (80, 84, 41, 2, 'Review content 80', '2023-12-03 07:36:08');
INSERT INTO `review` (`review_id`, `member_id`, `movie_id`, `rating`, `content`, `created_at`) VALUES (81, 52, 39, 2, 'Review content 81', '2023-08-06 09:52:10');
INSERT INTO `review` (`review_id`, `member_id`, `movie_id`, `rating`, `content`, `created_at`) VALUES (82, 60, 28, 3, 'Review content 82', '2023-01-14 04:59:57');
INSERT INTO `review` (`review_id`, `member_id`, `movie_id`, `rating`, `content`, `created_at`) VALUES (83, 225, 57, 1, 'Review content 83', '2023-07-12 00:55:32');
INSERT INTO `review` (`review_id`, `member_id`, `movie_id`, `rating`, `content`, `created_at`) VALUES (84, 114, 27, 4, 'Review content 84', '2023-01-26 16:16:04');
INSERT INTO `review` (`review_id`, `member_id`, `movie_id`, `rating`, `content`, `created_at`) VALUES (85, 113, 52, 2, 'Review content 85', '2023-04-16 13:51:13');
INSERT INTO `review` (`review_id`, `member_id`, `movie_id`, `rating`, `content`, `created_at`) VALUES (86, 152, 16, 1, 'Review content 86', '2023-03-31 18:26:54');
INSERT INTO `review` (`review_id`, `member_id`, `movie_id`, `rating`, `content`, `created_at`) VALUES (87, 234, 75, 5, 'Review content 87', '2023-03-04 05:55:49');
INSERT INTO `review` (`review_id`, `member_id`, `movie_id`, `rating`, `content`, `created_at`) VALUES (88, 194, 27, 1, 'Review content 88', '2023-09-08 22:01:18');
INSERT INTO `review` (`review_id`, `member_id`, `movie_id`, `rating`, `content`, `created_at`) VALUES (89, 92, 41, 4, 'Review content 89', '2023-04-08 07:39:28');
INSERT INTO `review` (`review_id`, `member_id`, `movie_id`, `rating`, `content`, `created_at`) VALUES (90, 24, 65, 3, 'Review content 90', '2023-09-02 09:17:40');
INSERT INTO `review` (`review_id`, `member_id`, `movie_id`, `rating`, `content`, `created_at`) VALUES (91, 131, 15, 4, 'Review content 91', '2023-01-09 00:15:51');
INSERT INTO `review` (`review_id`, `member_id`, `movie_id`, `rating`, `content`, `created_at`) VALUES (92, 98, 54, 4, 'Review content 92', '2023-02-21 12:54:48');
INSERT INTO `review` (`review_id`, `member_id`, `movie_id`, `rating`, `content`, `created_at`) VALUES (93, 93, 40, 1, 'Review content 93', '2023-08-11 23:44:19');
INSERT INTO `review` (`review_id`, `member_id`, `movie_id`, `rating`, `content`, `created_at`) VALUES (94, 77, 30, 1, 'Review content 94', '2023-11-30 23:25:55');
INSERT INTO `review` (`review_id`, `member_id`, `movie_id`, `rating`, `content`, `created_at`) VALUES (95, 208, 50, 4, 'Review content 95', '2023-01-09 10:00:07');
INSERT INTO `review` (`review_id`, `member_id`, `movie_id`, `rating`, `content`, `created_at`) VALUES (96, 187, 42, 1, 'Review content 96', '2023-03-14 09:03:56');
INSERT INTO `review` (`review_id`, `member_id`, `movie_id`, `rating`, `content`, `created_at`) VALUES (97, 46, 73, 1, 'Review content 97', '2023-03-07 18:52:56');
INSERT INTO `review` (`review_id`, `member_id`, `movie_id`, `rating`, `content`, `created_at`) VALUES (98, 40, 18, 4, 'Review content 98', '2024-01-26 01:25:10');
INSERT INTO `review` (`review_id`, `member_id`, `movie_id`, `rating`, `content`, `created_at`) VALUES (99, 16, 77, 2, 'Review content 99', '2024-01-14 10:40:15');
INSERT INTO `review` (`review_id`, `member_id`, `movie_id`, `rating`, `content`, `created_at`) VALUES (100, 96, 80, 4, 'Review content 100', '2023-03-22 15:15:50');
INSERT INTO `review` (`review_id`, `member_id`, `movie_id`, `rating`, `content`, `created_at`) VALUES (101, 45, 23, 5, 'Review content 101', '2023-03-19 06:36:44');
INSERT INTO `review` (`review_id`, `member_id`, `movie_id`, `rating`, `content`, `created_at`) VALUES (102, 94, 15, 2, 'Review content 102', '2023-01-16 18:06:55');
INSERT INTO `review` (`review_id`, `member_id`, `movie_id`, `rating`, `content`, `created_at`) VALUES (103, 53, 40, 4, 'Review content 103', '2023-11-17 13:35:13');
INSERT INTO `review` (`review_id`, `member_id`, `movie_id`, `rating`, `content`, `created_at`) VALUES (104, 233, 34, 5, 'Review content 104', '2023-06-14 01:02:12');
INSERT INTO `review` (`review_id`, `member_id`, `movie_id`, `rating`, `content`, `created_at`) VALUES (105, 201, 4, 3, 'Review content 105', '2023-01-15 17:07:49');
INSERT INTO `review` (`review_id`, `member_id`, `movie_id`, `rating`, `content`, `created_at`) VALUES (106, 9, 19, 4, 'Review content 106', '2023-01-24 19:38:30');
INSERT INTO `review` (`review_id`, `member_id`, `movie_id`, `rating`, `content`, `created_at`) VALUES (107, 97, 77, 5, 'Review content 107', '2023-03-28 05:45:31');
INSERT INTO `review` (`review_id`, `member_id`, `movie_id`, `rating`, `content`, `created_at`) VALUES (108, 26, 2, 3, 'Review content 108', '2023-04-25 03:21:14');
INSERT INTO `review` (`review_id`, `member_id`, `movie_id`, `rating`, `content`, `created_at`) VALUES (109, 108, 9, 1, 'Review content 109', '2023-09-01 16:54:34');
INSERT INTO `review` (`review_id`, `member_id`, `movie_id`, `rating`, `content`, `created_at`) VALUES (110, 107, 69, 4, 'Review content 110', '2023-03-10 21:57:51');
INSERT INTO `review` (`review_id`, `member_id`, `movie_id`, `rating`, `content`, `created_at`) VALUES (111, 208, 1, 3, 'Review content 111', '2023-09-01 17:05:36');
INSERT INTO `review` (`review_id`, `member_id`, `movie_id`, `rating`, `content`, `created_at`) VALUES (112, 231, 33, 2, 'Review content 112', '2023-06-15 23:53:52');
INSERT INTO `review` (`review_id`, `member_id`, `movie_id`, `rating`, `content`, `created_at`) VALUES (113, 139, 47, 5, 'Review content 113', '2023-12-09 03:30:35');
INSERT INTO `review` (`review_id`, `member_id`, `movie_id`, `rating`, `content`, `created_at`) VALUES (114, 123, 64, 5, 'Review content 114', '2023-04-11 04:34:53');
INSERT INTO `review` (`review_id`, `member_id`, `movie_id`, `rating`, `content`, `created_at`) VALUES (115, 57, 66, 2, 'Review content 115', '2023-03-15 08:12:43');
INSERT INTO `review` (`review_id`, `member_id`, `movie_id`, `rating`, `content`, `created_at`) VALUES (116, 169, 11, 1, 'Review content 116', '2024-01-03 14:42:11');
INSERT INTO `review` (`review_id`, `member_id`, `movie_id`, `rating`, `content`, `created_at`) VALUES (117, 73, 79, 1, 'Review content 117', '2023-05-08 08:14:11');
INSERT INTO `review` (`review_id`, `member_id`, `movie_id`, `rating`, `content`, `created_at`) VALUES (118, 65, 24, 3, 'Review content 118', '2023-06-18 16:49:34');
INSERT INTO `review` (`review_id`, `member_id`, `movie_id`, `rating`, `content`, `created_at`) VALUES (119, 172, 76, 5, 'Review content 119', '2023-09-22 21:00:50');
INSERT INTO `review` (`review_id`, `member_id`, `movie_id`, `rating`, `content`, `created_at`) VALUES (120, 227, 35, 2, 'Review content 120', '2023-06-17 15:21:55');
INSERT INTO `review` (`review_id`, `member_id`, `movie_id`, `rating`, `content`, `created_at`) VALUES (121, 96, 19, 5, 'Review content 121', '2024-01-13 01:14:45');
INSERT INTO `review` (`review_id`, `member_id`, `movie_id`, `rating`, `content`, `created_at`) VALUES (122, 192, 50, 1, 'Review content 122', '2023-04-12 06:37:57');
INSERT INTO `review` (`review_id`, `member_id`, `movie_id`, `rating`, `content`, `created_at`) VALUES (123, 4, 19, 1, 'Review content 123', '2023-05-02 05:53:38');
INSERT INTO `review` (`review_id`, `member_id`, `movie_id`, `rating`, `content`, `created_at`) VALUES (124, 102, 42, 1, 'Review content 124', '2023-10-20 17:30:16');
INSERT INTO `review` (`review_id`, `member_id`, `movie_id`, `rating`, `content`, `created_at`) VALUES (125, 124, 45, 2, 'Review content 125', '2023-11-18 21:00:54');
INSERT INTO `review` (`review_id`, `member_id`, `movie_id`, `rating`, `content`, `created_at`) VALUES (126, 104, 58, 2, 'Review content 126', '2023-08-21 22:37:16');
INSERT INTO `review` (`review_id`, `member_id`, `movie_id`, `rating`, `content`, `created_at`) VALUES (127, 68, 70, 4, 'Review content 127', '2023-03-02 10:10:09');
INSERT INTO `review` (`review_id`, `member_id`, `movie_id`, `rating`, `content`, `created_at`) VALUES (128, 168, 66, 3, 'Review content 128', '2023-06-22 06:47:01');
INSERT INTO `review` (`review_id`, `member_id`, `movie_id`, `rating`, `content`, `created_at`) VALUES (129, 66, 44, 4, 'Review content 129', '2024-01-31 19:59:05');
INSERT INTO `review` (`review_id`, `member_id`, `movie_id`, `rating`, `content`, `created_at`) VALUES (130, 117, 13, 3, 'Review content 130', '2024-01-26 18:53:55');
INSERT INTO `review` (`review_id`, `member_id`, `movie_id`, `rating`, `content`, `created_at`) VALUES (131, 68, 9, 3, 'Review content 131', '2023-08-07 23:23:06');
INSERT INTO `review` (`review_id`, `member_id`, `movie_id`, `rating`, `content`, `created_at`) VALUES (132, 7, 70, 2, 'Review content 132', '2023-02-18 08:16:09');
INSERT INTO `review` (`review_id`, `member_id`, `movie_id`, `rating`, `content`, `created_at`) VALUES (133, 250, 59, 1, 'Review content 133', '2023-03-03 20:02:30');
INSERT INTO `review` (`review_id`, `member_id`, `movie_id`, `rating`, `content`, `created_at`) VALUES (134, 183, 38, 2, 'Review content 134', '2023-06-27 11:10:43');
INSERT INTO `review` (`review_id`, `member_id`, `movie_id`, `rating`, `content`, `created_at`) VALUES (135, 116, 56, 5, 'Review content 135', '2023-02-12 18:22:35');
INSERT INTO `review` (`review_id`, `member_id`, `movie_id`, `rating`, `content`, `created_at`) VALUES (136, 47, 51, 5, 'Review content 136', '2023-04-10 05:09:34');
INSERT INTO `review` (`review_id`, `member_id`, `movie_id`, `rating`, `content`, `created_at`) VALUES (137, 216, 29, 1, 'Review content 137', '2023-04-12 12:53:11');
INSERT INTO `review` (`review_id`, `member_id`, `movie_id`, `rating`, `content`, `created_at`) VALUES (138, 135, 77, 2, 'Review content 138', '2023-10-16 19:19:01');
INSERT INTO `review` (`review_id`, `member_id`, `movie_id`, `rating`, `content`, `created_at`) VALUES (139, 135, 7, 5, 'Review content 139', '2023-07-05 19:38:27');
INSERT INTO `review` (`review_id`, `member_id`, `movie_id`, `rating`, `content`, `created_at`) VALUES (140, 59, 68, 2, 'Review content 140', '2023-07-11 05:46:47');
INSERT INTO `review` (`review_id`, `member_id`, `movie_id`, `rating`, `content`, `created_at`) VALUES (141, 26, 22, 5, 'Review content 141', '2023-04-26 05:32:09');
INSERT INTO `review` (`review_id`, `member_id`, `movie_id`, `rating`, `content`, `created_at`) VALUES (142, 139, 79, 4, 'Review content 142', '2023-04-14 10:08:13');
INSERT INTO `review` (`review_id`, `member_id`, `movie_id`, `rating`, `content`, `created_at`) VALUES (143, 13, 52, 3, 'Review content 143', '2023-07-19 18:59:46');
INSERT INTO `review` (`review_id`, `member_id`, `movie_id`, `rating`, `content`, `created_at`) VALUES (144, 249, 54, 4, 'Review content 144', '2023-08-28 11:43:14');
INSERT INTO `review` (`review_id`, `member_id`, `movie_id`, `rating`, `content`, `created_at`) VALUES (145, 35, 39, 1, 'Review content 145', '2023-02-08 09:09:02');
INSERT INTO `review` (`review_id`, `member_id`, `movie_id`, `rating`, `content`, `created_at`) VALUES (146, 182, 72, 3, 'Review content 146', '2023-04-17 22:19:22');
INSERT INTO `review` (`review_id`, `member_id`, `movie_id`, `rating`, `content`, `created_at`) VALUES (147, 153, 9, 1, 'Review content 147', '2024-01-22 14:56:28');
INSERT INTO `review` (`review_id`, `member_id`, `movie_id`, `rating`, `content`, `created_at`) VALUES (148, 36, 19, 4, 'Review content 148', '2023-03-24 08:49:40');
INSERT INTO `review` (`review_id`, `member_id`, `movie_id`, `rating`, `content`, `created_at`) VALUES (149, 101, 21, 4, 'Review content 149', '2023-07-20 21:31:58');
INSERT INTO `review` (`review_id`, `member_id`, `movie_id`, `rating`, `content`, `created_at`) VALUES (150, 50, 32, 3, 'Review content 150', '2023-02-06 08:14:22');
INSERT INTO `review` (`review_id`, `member_id`, `movie_id`, `rating`, `content`, `created_at`) VALUES (151, 247, 36, 2, 'Review content 151', '2023-07-25 04:29:43');
INSERT INTO `review` (`review_id`, `member_id`, `movie_id`, `rating`, `content`, `created_at`) VALUES (152, 186, 75, 2, 'Review content 152', '2023-04-16 16:08:34');
INSERT INTO `review` (`review_id`, `member_id`, `movie_id`, `rating`, `content`, `created_at`) VALUES (153, 37, 36, 3, 'Review content 153', '2023-01-06 23:11:00');
INSERT INTO `review` (`review_id`, `member_id`, `movie_id`, `rating`, `content`, `created_at`) VALUES (154, 31, 67, 3, 'Review content 154', '2023-09-26 03:44:09');
INSERT INTO `review` (`review_id`, `member_id`, `movie_id`, `rating`, `content`, `created_at`) VALUES (155, 198, 77, 4, 'Review content 155', '2023-04-29 15:57:25');
INSERT INTO `review` (`review_id`, `member_id`, `movie_id`, `rating`, `content`, `created_at`) VALUES (156, 77, 16, 5, 'Review content 156', '2024-01-16 22:12:38');
INSERT INTO `review` (`review_id`, `member_id`, `movie_id`, `rating`, `content`, `created_at`) VALUES (157, 117, 20, 1, 'Review content 157', '2024-01-22 12:25:44');
INSERT INTO `review` (`review_id`, `member_id`, `movie_id`, `rating`, `content`, `created_at`) VALUES (158, 225, 35, 1, 'Review content 158', '2023-07-15 09:18:02');
INSERT INTO `review` (`review_id`, `member_id`, `movie_id`, `rating`, `content`, `created_at`) VALUES (159, 29, 60, 4, 'Review content 159', '2023-10-27 06:07:59');
INSERT INTO `review` (`review_id`, `member_id`, `movie_id`, `rating`, `content`, `created_at`) VALUES (160, 225, 63, 3, 'Review content 160', '2023-04-26 19:02:09');
INSERT INTO `review` (`review_id`, `member_id`, `movie_id`, `rating`, `content`, `created_at`) VALUES (161, 27, 12, 5, 'Review content 161', '2023-11-03 13:12:00');
INSERT INTO `review` (`review_id`, `member_id`, `movie_id`, `rating`, `content`, `created_at`) VALUES (162, 62, 64, 4, 'Review content 162', '2023-08-04 02:03:45');
INSERT INTO `review` (`review_id`, `member_id`, `movie_id`, `rating`, `content`, `created_at`) VALUES (163, 164, 14, 3, 'Review content 163', '2024-01-06 10:02:38');
INSERT INTO `review` (`review_id`, `member_id`, `movie_id`, `rating`, `content`, `created_at`) VALUES (164, 232, 33, 5, 'Review content 164', '2023-06-18 15:16:43');
INSERT INTO `review` (`review_id`, `member_id`, `movie_id`, `rating`, `content`, `created_at`) VALUES (165, 171, 33, 3, 'Review content 165', '2023-02-12 00:28:14');
INSERT INTO `review` (`review_id`, `member_id`, `movie_id`, `rating`, `content`, `created_at`) VALUES (166, 26, 63, 2, 'Review content 166', '2023-10-27 18:01:17');
INSERT INTO `review` (`review_id`, `member_id`, `movie_id`, `rating`, `content`, `created_at`) VALUES (167, 57, 76, 4, 'Review content 167', '2023-12-07 09:40:32');
INSERT INTO `review` (`review_id`, `member_id`, `movie_id`, `rating`, `content`, `created_at`) VALUES (168, 27, 63, 5, 'Review content 168', '2023-11-07 20:35:36');
INSERT INTO `review` (`review_id`, `member_id`, `movie_id`, `rating`, `content`, `created_at`) VALUES (169, 97, 78, 5, 'Review content 169', '2023-12-08 13:55:46');
INSERT INTO `review` (`review_id`, `member_id`, `movie_id`, `rating`, `content`, `created_at`) VALUES (170, 11, 78, 1, 'Review content 170', '2023-10-30 23:23:57');
INSERT INTO `review` (`review_id`, `member_id`, `movie_id`, `rating`, `content`, `created_at`) VALUES (171, 245, 13, 5, 'Review content 171', '2023-02-18 04:16:37');
INSERT INTO `review` (`review_id`, `member_id`, `movie_id`, `rating`, `content`, `created_at`) VALUES (172, 248, 31, 3, 'Review content 172', '2023-10-25 21:59:02');
INSERT INTO `review` (`review_id`, `member_id`, `movie_id`, `rating`, `content`, `created_at`) VALUES (173, 108, 51, 1, 'Review content 173', '2023-06-27 23:33:35');
INSERT INTO `review` (`review_id`, `member_id`, `movie_id`, `rating`, `content`, `created_at`) VALUES (174, 202, 57, 4, 'Review content 174', '2023-10-21 19:01:59');
INSERT INTO `review` (`review_id`, `member_id`, `movie_id`, `rating`, `content`, `created_at`) VALUES (175, 10, 52, 4, 'Review content 175', '2023-12-09 00:56:00');
INSERT INTO `review` (`review_id`, `member_id`, `movie_id`, `rating`, `content`, `created_at`) VALUES (176, 56, 73, 2, 'Review content 176', '2023-01-13 22:57:23');
INSERT INTO `review` (`review_id`, `member_id`, `movie_id`, `rating`, `content`, `created_at`) VALUES (177, 243, 43, 1, 'Review content 177', '2023-05-30 15:00:20');
INSERT INTO `review` (`review_id`, `member_id`, `movie_id`, `rating`, `content`, `created_at`) VALUES (178, 206, 4, 4, 'Review content 178', '2023-05-10 13:03:20');
INSERT INTO `review` (`review_id`, `member_id`, `movie_id`, `rating`, `content`, `created_at`) VALUES (179, 210, 45, 3, 'Review content 179', '2023-05-08 10:04:18');
INSERT INTO `review` (`review_id`, `member_id`, `movie_id`, `rating`, `content`, `created_at`) VALUES (180, 115, 7, 3, 'Review content 180', '2023-08-23 23:06:45');
INSERT INTO `review` (`review_id`, `member_id`, `movie_id`, `rating`, `content`, `created_at`) VALUES (181, 68, 21, 2, 'Review content 181', '2023-10-13 19:55:32');
INSERT INTO `review` (`review_id`, `member_id`, `movie_id`, `rating`, `content`, `created_at`) VALUES (182, 166, 42, 4, 'Review content 182', '2024-01-21 12:41:23');
INSERT INTO `review` (`review_id`, `member_id`, `movie_id`, `rating`, `content`, `created_at`) VALUES (183, 200, 23, 4, 'Review content 183', '2023-02-15 12:09:07');
INSERT INTO `review` (`review_id`, `member_id`, `movie_id`, `rating`, `content`, `created_at`) VALUES (184, 91, 79, 5, 'Review content 184', '2024-01-14 08:17:08');
INSERT INTO `review` (`review_id`, `member_id`, `movie_id`, `rating`, `content`, `created_at`) VALUES (185, 82, 40, 1, 'Review content 185', '2024-01-05 03:17:33');
INSERT INTO `review` (`review_id`, `member_id`, `movie_id`, `rating`, `content`, `created_at`) VALUES (186, 164, 52, 3, 'Review content 186', '2023-11-15 18:06:08');
INSERT INTO `review` (`review_id`, `member_id`, `movie_id`, `rating`, `content`, `created_at`) VALUES (187, 164, 24, 4, 'Review content 187', '2023-04-14 09:38:12');
INSERT INTO `review` (`review_id`, `member_id`, `movie_id`, `rating`, `content`, `created_at`) VALUES (188, 220, 63, 3, 'Review content 188', '2023-06-22 15:56:19');
INSERT INTO `review` (`review_id`, `member_id`, `movie_id`, `rating`, `content`, `created_at`) VALUES (189, 230, 47, 2, 'Review content 189', '2023-03-28 11:45:04');
INSERT INTO `review` (`review_id`, `member_id`, `movie_id`, `rating`, `content`, `created_at`) VALUES (190, 5, 15, 2, 'Review content 190', '2023-10-25 11:18:21');
INSERT INTO `review` (`review_id`, `member_id`, `movie_id`, `rating`, `content`, `created_at`) VALUES (191, 233, 65, 5, 'Review content 191', '2023-06-01 20:23:09');
INSERT INTO `review` (`review_id`, `member_id`, `movie_id`, `rating`, `content`, `created_at`) VALUES (192, 138, 23, 4, 'Review content 192', '2023-11-13 02:45:52');
INSERT INTO `review` (`review_id`, `member_id`, `movie_id`, `rating`, `content`, `created_at`) VALUES (193, 51, 12, 1, 'Review content 193', '2023-12-31 21:46:17');
INSERT INTO `review` (`review_id`, `member_id`, `movie_id`, `rating`, `content`, `created_at`) VALUES (194, 235, 52, 3, 'Review content 194', '2023-03-16 12:23:05');
INSERT INTO `review` (`review_id`, `member_id`, `movie_id`, `rating`, `content`, `created_at`) VALUES (195, 137, 46, 4, 'Review content 195', '2023-03-10 14:01:34');
INSERT INTO `review` (`review_id`, `member_id`, `movie_id`, `rating`, `content`, `created_at`) VALUES (196, 27, 38, 5, 'Review content 196', '2023-10-19 02:59:35');
INSERT INTO `review` (`review_id`, `member_id`, `movie_id`, `rating`, `content`, `created_at`) VALUES (197, 83, 29, 4, 'Review content 197', '2023-01-21 08:57:11');
INSERT INTO `review` (`review_id`, `member_id`, `movie_id`, `rating`, `content`, `created_at`) VALUES (198, 141, 20, 3, 'Review content 198', '2023-01-14 18:00:14');
INSERT INTO `review` (`review_id`, `member_id`, `movie_id`, `rating`, `content`, `created_at`) VALUES (199, 58, 29, 2, 'Review content 199', '2023-04-26 16:01:58');
INSERT INTO `review` (`review_id`, `member_id`, `movie_id`, `rating`, `content`, `created_at`) VALUES (200, 166, 28, 2, 'Review content 200', '2023-01-07 10:48:21');
-- review_like
INSERT INTO `review_like` (`review_like_id`, `review_id`, `member_id`, `created_at`) VALUES (1, 63, 247, '2023-01-06 22:17:24');
INSERT INTO `review_like` (`review_like_id`, `review_id`, `member_id`, `created_at`) VALUES (2, 124, 215, '2023-04-23 15:05:32');
INSERT INTO `review_like` (`review_like_id`, `review_id`, `member_id`, `created_at`) VALUES (3, 143, 142, '2023-05-26 06:59:57');
INSERT INTO `review_like` (`review_like_id`, `review_id`, `member_id`, `created_at`) VALUES (4, 106, 48, '2023-05-13 21:08:59');
INSERT INTO `review_like` (`review_like_id`, `review_id`, `member_id`, `created_at`) VALUES (5, 103, 161, '2023-05-28 14:05:38');
INSERT INTO `review_like` (`review_like_id`, `review_id`, `member_id`, `created_at`) VALUES (6, 192, 67, '2023-06-30 13:15:06');
INSERT INTO `review_like` (`review_like_id`, `review_id`, `member_id`, `created_at`) VALUES (7, 68, 111, '2023-04-05 13:16:17');
INSERT INTO `review_like` (`review_like_id`, `review_id`, `member_id`, `created_at`) VALUES (8, 61, 82, '2023-05-19 13:00:02');
INSERT INTO `review_like` (`review_like_id`, `review_id`, `member_id`, `created_at`) VALUES (9, 20, 246, '2023-06-27 04:53:48');
INSERT INTO `review_like` (`review_like_id`, `review_id`, `member_id`, `created_at`) VALUES (10, 83, 221, '2023-06-29 08:59:21');
INSERT INTO `review_like` (`review_like_id`, `review_id`, `member_id`, `created_at`) VALUES (11, 138, 149, '2023-02-02 03:31:04');
INSERT INTO `review_like` (`review_like_id`, `review_id`, `member_id`, `created_at`) VALUES (12, 130, 182, '2023-05-02 19:29:30');
INSERT INTO `review_like` (`review_like_id`, `review_id`, `member_id`, `created_at`) VALUES (13, 81, 27, '2023-06-04 08:17:41');
INSERT INTO `review_like` (`review_like_id`, `review_id`, `member_id`, `created_at`) VALUES (14, 185, 90, '2023-07-03 23:28:56');
INSERT INTO `review_like` (`review_like_id`, `review_id`, `member_id`, `created_at`) VALUES (15, 142, 211, '2023-02-27 16:56:26');
INSERT INTO `review_like` (`review_like_id`, `review_id`, `member_id`, `created_at`) VALUES (16, 69, 148, '2023-01-14 16:45:24');
INSERT INTO `review_like` (`review_like_id`, `review_id`, `member_id`, `created_at`) VALUES (17, 159, 113, '2023-05-08 21:31:11');
INSERT INTO `review_like` (`review_like_id`, `review_id`, `member_id`, `created_at`) VALUES (18, 112, 17, '2023-02-13 00:48:18');
INSERT INTO `review_like` (`review_like_id`, `review_id`, `member_id`, `created_at`) VALUES (19, 144, 115, '2023-05-24 23:40:33');
INSERT INTO `review_like` (`review_like_id`, `review_id`, `member_id`, `created_at`) VALUES (20, 15, 230, '2023-03-30 17:21:12');
INSERT INTO `review_like` (`review_like_id`, `review_id`, `member_id`, `created_at`) VALUES (21, 181, 38, '2023-01-17 12:54:13');
INSERT INTO `review_like` (`review_like_id`, `review_id`, `member_id`, `created_at`) VALUES (22, 17, 245, '2023-07-04 10:03:07');
INSERT INTO `review_like` (`review_like_id`, `review_id`, `member_id`, `created_at`) VALUES (23, 146, 65, '2023-07-06 01:00:14');
INSERT INTO `review_like` (`review_like_id`, `review_id`, `member_id`, `created_at`) VALUES (24, 183, 154, '2023-05-06 15:41:09');
INSERT INTO `review_like` (`review_like_id`, `review_id`, `member_id`, `created_at`) VALUES (25, 181, 196, '2023-02-04 14:25:36');
INSERT INTO `review_like` (`review_like_id`, `review_id`, `member_id`, `created_at`) VALUES (26, 56, 170, '2023-04-26 11:16:49');
INSERT INTO `review_like` (`review_like_id`, `review_id`, `member_id`, `created_at`) VALUES (27, 138, 179, '2023-06-22 11:05:32');
INSERT INTO `review_like` (`review_like_id`, `review_id`, `member_id`, `created_at`) VALUES (28, 85, 60, '2023-05-26 18:29:38');
INSERT INTO `review_like` (`review_like_id`, `review_id`, `member_id`, `created_at`) VALUES (29, 105, 37, '2023-07-16 19:38:48');
INSERT INTO `review_like` (`review_like_id`, `review_id`, `member_id`, `created_at`) VALUES (30, 175, 151, '2023-03-22 00:14:48');
INSERT INTO `review_like` (`review_like_id`, `review_id`, `member_id`, `created_at`) VALUES (31, 157, 14, '2023-07-02 13:02:49');
INSERT INTO `review_like` (`review_like_id`, `review_id`, `member_id`, `created_at`) VALUES (32, 151, 31, '2023-07-18 02:35:07');
INSERT INTO `review_like` (`review_like_id`, `review_id`, `member_id`, `created_at`) VALUES (33, 158, 17, '2023-05-16 15:03:45');
INSERT INTO `review_like` (`review_like_id`, `review_id`, `member_id`, `created_at`) VALUES (34, 187, 42, '2023-07-07 07:05:09');
INSERT INTO `review_like` (`review_like_id`, `review_id`, `member_id`, `created_at`) VALUES (35, 64, 154, '2023-07-18 06:31:46');
INSERT INTO `review_like` (`review_like_id`, `review_id`, `member_id`, `created_at`) VALUES (36, 47, 8, '2023-06-16 18:01:17');
INSERT INTO `review_like` (`review_like_id`, `review_id`, `member_id`, `created_at`) VALUES (37, 187, 31, '2023-03-26 03:14:39');
INSERT INTO `review_like` (`review_like_id`, `review_id`, `member_id`, `created_at`) VALUES (38, 25, 243, '2023-04-14 20:53:55');
INSERT INTO `review_like` (`review_like_id`, `review_id`, `member_id`, `created_at`) VALUES (39, 180, 243, '2023-06-25 14:06:23');
INSERT INTO `review_like` (`review_like_id`, `review_id`, `member_id`, `created_at`) VALUES (40, 105, 98, '2023-06-28 17:16:21');
INSERT INTO `review_like` (`review_like_id`, `review_id`, `member_id`, `created_at`) VALUES (41, 36, 217, '2023-03-29 06:39:44');
INSERT INTO `review_like` (`review_like_id`, `review_id`, `member_id`, `created_at`) VALUES (42, 25, 80, '2023-04-01 06:27:33');
INSERT INTO `review_like` (`review_like_id`, `review_id`, `member_id`, `created_at`) VALUES (43, 182, 111, '2023-03-06 18:11:34');
INSERT INTO `review_like` (`review_like_id`, `review_id`, `member_id`, `created_at`) VALUES (44, 24, 48, '2023-03-08 14:36:55');
INSERT INTO `review_like` (`review_like_id`, `review_id`, `member_id`, `created_at`) VALUES (45, 52, 59, '2023-03-31 23:33:53');
INSERT INTO `review_like` (`review_like_id`, `review_id`, `member_id`, `created_at`) VALUES (46, 163, 21, '2023-03-28 16:26:48');
INSERT INTO `review_like` (`review_like_id`, `review_id`, `member_id`, `created_at`) VALUES (47, 193, 25, '2023-05-15 09:23:06');
INSERT INTO `review_like` (`review_like_id`, `review_id`, `member_id`, `created_at`) VALUES (48, 6, 226, '2023-06-05 02:13:02');
INSERT INTO `review_like` (`review_like_id`, `review_id`, `member_id`, `created_at`) VALUES (49, 143, 16, '2023-06-24 13:35:09');
INSERT INTO `review_like` (`review_like_id`, `review_id`, `member_id`, `created_at`) VALUES (50, 25, 44, '2023-01-01 19:15:52');
INSERT INTO `review_like` (`review_like_id`, `review_id`, `member_id`, `created_at`) VALUES (51, 4, 2, '2023-03-25 14:00:30');
INSERT INTO `review_like` (`review_like_id`, `review_id`, `member_id`, `created_at`) VALUES (52, 79, 8, '2023-05-26 20:30:41');
INSERT INTO `review_like` (`review_like_id`, `review_id`, `member_id`, `created_at`) VALUES (53, 96, 220, '2023-01-18 06:16:35');
INSERT INTO `review_like` (`review_like_id`, `review_id`, `member_id`, `created_at`) VALUES (54, 49, 163, '2023-06-08 18:08:20');
INSERT INTO `review_like` (`review_like_id`, `review_id`, `member_id`, `created_at`) VALUES (55, 47, 138, '2023-02-25 12:34:12');
INSERT INTO `review_like` (`review_like_id`, `review_id`, `member_id`, `created_at`) VALUES (56, 25, 224, '2023-06-24 05:37:53');
INSERT INTO `review_like` (`review_like_id`, `review_id`, `member_id`, `created_at`) VALUES (57, 154, 96, '2023-05-27 06:26:30');
INSERT INTO `review_like` (`review_like_id`, `review_id`, `member_id`, `created_at`) VALUES (58, 113, 181, '2023-07-17 06:27:44');
INSERT INTO `review_like` (`review_like_id`, `review_id`, `member_id`, `created_at`) VALUES (59, 130, 39, '2023-04-24 01:06:16');
INSERT INTO `review_like` (`review_like_id`, `review_id`, `member_id`, `created_at`) VALUES (60, 160, 10, '2023-05-18 04:22:45');
INSERT INTO `review_like` (`review_like_id`, `review_id`, `member_id`, `created_at`) VALUES (61, 80, 240, '2023-03-16 03:55:26');
INSERT INTO `review_like` (`review_like_id`, `review_id`, `member_id`, `created_at`) VALUES (62, 90, 175, '2023-02-16 21:29:06');
INSERT INTO `review_like` (`review_like_id`, `review_id`, `member_id`, `created_at`) VALUES (63, 133, 43, '2023-01-26 18:07:08');
INSERT INTO `review_like` (`review_like_id`, `review_id`, `member_id`, `created_at`) VALUES (64, 50, 155, '2023-02-09 22:19:32');
INSERT INTO `review_like` (`review_like_id`, `review_id`, `member_id`, `created_at`) VALUES (65, 87, 241, '2023-04-27 23:58:29');
INSERT INTO `review_like` (`review_like_id`, `review_id`, `member_id`, `created_at`) VALUES (66, 141, 213, '2023-04-10 16:18:31');
INSERT INTO `review_like` (`review_like_id`, `review_id`, `member_id`, `created_at`) VALUES (67, 30, 172, '2023-05-22 02:23:00');
INSERT INTO `review_like` (`review_like_id`, `review_id`, `member_id`, `created_at`) VALUES (68, 87, 64, '2023-04-04 05:08:51');
INSERT INTO `review_like` (`review_like_id`, `review_id`, `member_id`, `created_at`) VALUES (69, 62, 246, '2023-05-06 06:51:26');
INSERT INTO `review_like` (`review_like_id`, `review_id`, `member_id`, `created_at`) VALUES (70, 104, 11, '2023-04-02 02:08:03');
INSERT INTO `review_like` (`review_like_id`, `review_id`, `member_id`, `created_at`) VALUES (71, 123, 208, '2023-06-18 21:31:21');
INSERT INTO `review_like` (`review_like_id`, `review_id`, `member_id`, `created_at`) VALUES (72, 26, 218, '2023-05-14 03:18:41');
INSERT INTO `review_like` (`review_like_id`, `review_id`, `member_id`, `created_at`) VALUES (73, 170, 168, '2023-03-24 19:11:59');
INSERT INTO `review_like` (`review_like_id`, `review_id`, `member_id`, `created_at`) VALUES (74, 145, 148, '2023-06-29 19:22:00');
INSERT INTO `review_like` (`review_like_id`, `review_id`, `member_id`, `created_at`) VALUES (75, 134, 101, '2023-07-13 19:53:35');
INSERT INTO `review_like` (`review_like_id`, `review_id`, `member_id`, `created_at`) VALUES (76, 165, 52, '2023-03-14 11:39:44');
INSERT INTO `review_like` (`review_like_id`, `review_id`, `member_id`, `created_at`) VALUES (77, 35, 115, '2023-07-15 07:12:37');
INSERT INTO `review_like` (`review_like_id`, `review_id`, `member_id`, `created_at`) VALUES (78, 75, 242, '2023-06-10 15:31:18');
INSERT INTO `review_like` (`review_like_id`, `review_id`, `member_id`, `created_at`) VALUES (79, 104, 112, '2023-04-07 02:59:58');
INSERT INTO `review_like` (`review_like_id`, `review_id`, `member_id`, `created_at`) VALUES (80, 126, 7, '2023-05-06 03:47:53');
INSERT INTO `review_like` (`review_like_id`, `review_id`, `member_id`, `created_at`) VALUES (81, 83, 144, '2023-05-04 22:11:49');
INSERT INTO `review_like` (`review_like_id`, `review_id`, `member_id`, `created_at`) VALUES (82, 100, 79, '2023-05-08 10:27:23');
INSERT INTO `review_like` (`review_like_id`, `review_id`, `member_id`, `created_at`) VALUES (83, 198, 176, '2023-06-28 02:00:24');
INSERT INTO `review_like` (`review_like_id`, `review_id`, `member_id`, `created_at`) VALUES (84, 136, 213, '2023-01-11 06:50:51');
INSERT INTO `review_like` (`review_like_id`, `review_id`, `member_id`, `created_at`) VALUES (85, 23, 79, '2023-05-31 20:47:58');
INSERT INTO `review_like` (`review_like_id`, `review_id`, `member_id`, `created_at`) VALUES (86, 139, 45, '2023-06-14 11:25:11');
INSERT INTO `review_like` (`review_like_id`, `review_id`, `member_id`, `created_at`) VALUES (87, 190, 13, '2023-05-17 01:01:05');
INSERT INTO `review_like` (`review_like_id`, `review_id`, `member_id`, `created_at`) VALUES (88, 13, 248, '2023-03-19 14:00:49');
INSERT INTO `review_like` (`review_like_id`, `review_id`, `member_id`, `created_at`) VALUES (89, 49, 91, '2023-05-18 01:54:32');
INSERT INTO `review_like` (`review_like_id`, `review_id`, `member_id`, `created_at`) VALUES (90, 176, 224, '2023-04-22 18:30:33');
INSERT INTO `review_like` (`review_like_id`, `review_id`, `member_id`, `created_at`) VALUES (91, 135, 218, '2023-02-15 18:31:22');
INSERT INTO `review_like` (`review_like_id`, `review_id`, `member_id`, `created_at`) VALUES (92, 95, 175, '2023-06-28 01:37:41');
INSERT INTO `review_like` (`review_like_id`, `review_id`, `member_id`, `created_at`) VALUES (93, 55, 26, '2023-04-28 06:45:40');
INSERT INTO `review_like` (`review_like_id`, `review_id`, `member_id`, `created_at`) VALUES (94, 57, 183, '2023-03-23 02:39:23');
INSERT INTO `review_like` (`review_like_id`, `review_id`, `member_id`, `created_at`) VALUES (95, 183, 53, '2023-05-07 07:31:37');
INSERT INTO `review_like` (`review_like_id`, `review_id`, `member_id`, `created_at`) VALUES (96, 147, 164, '2023-06-06 00:34:03');
INSERT INTO `review_like` (`review_like_id`, `review_id`, `member_id`, `created_at`) VALUES (97, 12, 237, '2023-04-08 07:30:04');
INSERT INTO `review_like` (`review_like_id`, `review_id`, `member_id`, `created_at`) VALUES (98, 177, 30, '2023-03-16 00:10:21');
INSERT INTO `review_like` (`review_like_id`, `review_id`, `member_id`, `created_at`) VALUES (99, 62, 169, '2023-03-26 06:26:47');
INSERT INTO `review_like` (`review_like_id`, `review_id`, `member_id`, `created_at`) VALUES (100, 100, 212, '2023-02-28 13:32:10');
INSERT INTO `review_like` (`review_like_id`, `review_id`, `member_id`, `created_at`) VALUES (101, 103, 12, '2023-02-09 05:09:28');
INSERT INTO `review_like` (`review_like_id`, `review_id`, `member_id`, `created_at`) VALUES (102, 154, 64, '2023-06-09 09:24:00');
INSERT INTO `review_like` (`review_like_id`, `review_id`, `member_id`, `created_at`) VALUES (103, 109, 175, '2023-05-27 22:47:56');
INSERT INTO `review_like` (`review_like_id`, `review_id`, `member_id`, `created_at`) VALUES (104, 80, 53, '2023-06-17 09:55:32');
INSERT INTO `review_like` (`review_like_id`, `review_id`, `member_id`, `created_at`) VALUES (105, 105, 177, '2023-01-03 15:08:31');
INSERT INTO `review_like` (`review_like_id`, `review_id`, `member_id`, `created_at`) VALUES (106, 106, 97, '2023-03-13 06:53:57');
INSERT INTO `review_like` (`review_like_id`, `review_id`, `member_id`, `created_at`) VALUES (107, 200, 125, '2023-03-06 21:51:00');
INSERT INTO `review_like` (`review_like_id`, `review_id`, `member_id`, `created_at`) VALUES (108, 3, 161, '2023-06-27 14:23:54');
INSERT INTO `review_like` (`review_like_id`, `review_id`, `member_id`, `created_at`) VALUES (109, 11, 179, '2023-07-16 16:21:08');
INSERT INTO `review_like` (`review_like_id`, `review_id`, `member_id`, `created_at`) VALUES (110, 33, 170, '2023-06-26 08:07:05');
INSERT INTO `review_like` (`review_like_id`, `review_id`, `member_id`, `created_at`) VALUES (111, 19, 164, '2023-01-30 04:11:49');
INSERT INTO `review_like` (`review_like_id`, `review_id`, `member_id`, `created_at`) VALUES (112, 41, 231, '2023-05-06 02:25:16');
INSERT INTO `review_like` (`review_like_id`, `review_id`, `member_id`, `created_at`) VALUES (113, 84, 43, '2023-07-09 09:20:19');
INSERT INTO `review_like` (`review_like_id`, `review_id`, `member_id`, `created_at`) VALUES (114, 175, 184, '2023-06-27 14:29:53');
INSERT INTO `review_like` (`review_like_id`, `review_id`, `member_id`, `created_at`) VALUES (115, 73, 138, '2023-03-15 10:21:56');
INSERT INTO `review_like` (`review_like_id`, `review_id`, `member_id`, `created_at`) VALUES (116, 146, 67, '2023-01-28 04:20:50');
INSERT INTO `review_like` (`review_like_id`, `review_id`, `member_id`, `created_at`) VALUES (117, 102, 211, '2023-02-21 03:08:58');
INSERT INTO `review_like` (`review_like_id`, `review_id`, `member_id`, `created_at`) VALUES (118, 143, 217, '2023-05-08 07:18:37');
INSERT INTO `review_like` (`review_like_id`, `review_id`, `member_id`, `created_at`) VALUES (119, 33, 133, '2023-01-10 17:04:27');
INSERT INTO `review_like` (`review_like_id`, `review_id`, `member_id`, `created_at`) VALUES (120, 123, 28, '2023-01-29 08:19:28');
INSERT INTO `review_like` (`review_like_id`, `review_id`, `member_id`, `created_at`) VALUES (121, 10, 214, '2023-04-10 06:42:59');
INSERT INTO `review_like` (`review_like_id`, `review_id`, `member_id`, `created_at`) VALUES (122, 22, 196, '2023-06-27 02:27:14');
INSERT INTO `review_like` (`review_like_id`, `review_id`, `member_id`, `created_at`) VALUES (123, 62, 112, '2023-06-07 13:30:14');
INSERT INTO `review_like` (`review_like_id`, `review_id`, `member_id`, `created_at`) VALUES (124, 113, 190, '2023-02-06 16:05:36');
INSERT INTO `review_like` (`review_like_id`, `review_id`, `member_id`, `created_at`) VALUES (125, 153, 197, '2023-01-11 18:20:10');
INSERT INTO `review_like` (`review_like_id`, `review_id`, `member_id`, `created_at`) VALUES (126, 197, 250, '2023-02-18 07:39:41');
INSERT INTO `review_like` (`review_like_id`, `review_id`, `member_id`, `created_at`) VALUES (127, 186, 82, '2023-01-12 20:42:33');
INSERT INTO `review_like` (`review_like_id`, `review_id`, `member_id`, `created_at`) VALUES (128, 4, 243, '2023-02-09 12:25:41');
INSERT INTO `review_like` (`review_like_id`, `review_id`, `member_id`, `created_at`) VALUES (129, 65, 236, '2023-02-14 12:44:50');
INSERT INTO `review_like` (`review_like_id`, `review_id`, `member_id`, `created_at`) VALUES (130, 119, 52, '2023-06-14 02:03:16');
INSERT INTO `review_like` (`review_like_id`, `review_id`, `member_id`, `created_at`) VALUES (131, 101, 98, '2023-02-09 10:37:27');
INSERT INTO `review_like` (`review_like_id`, `review_id`, `member_id`, `created_at`) VALUES (132, 130, 17, '2023-02-27 06:41:52');
INSERT INTO `review_like` (`review_like_id`, `review_id`, `member_id`, `created_at`) VALUES (133, 161, 50, '2023-03-27 23:57:26');
INSERT INTO `review_like` (`review_like_id`, `review_id`, `member_id`, `created_at`) VALUES (134, 185, 113, '2023-01-07 16:02:21');
INSERT INTO `review_like` (`review_like_id`, `review_id`, `member_id`, `created_at`) VALUES (135, 18, 216, '2023-03-04 21:54:20');
INSERT INTO `review_like` (`review_like_id`, `review_id`, `member_id`, `created_at`) VALUES (136, 136, 74, '2023-05-23 05:51:55');
INSERT INTO `review_like` (`review_like_id`, `review_id`, `member_id`, `created_at`) VALUES (137, 37, 141, '2023-03-23 02:03:53');
INSERT INTO `review_like` (`review_like_id`, `review_id`, `member_id`, `created_at`) VALUES (138, 29, 176, '2023-01-17 14:55:29');
INSERT INTO `review_like` (`review_like_id`, `review_id`, `member_id`, `created_at`) VALUES (139, 133, 137, '2023-01-05 22:31:19');
INSERT INTO `review_like` (`review_like_id`, `review_id`, `member_id`, `created_at`) VALUES (140, 185, 44, '2023-07-05 11:42:40');
INSERT INTO `review_like` (`review_like_id`, `review_id`, `member_id`, `created_at`) VALUES (141, 95, 10, '2023-02-06 03:46:44');
INSERT INTO `review_like` (`review_like_id`, `review_id`, `member_id`, `created_at`) VALUES (142, 176, 60, '2023-01-02 13:52:46');
INSERT INTO `review_like` (`review_like_id`, `review_id`, `member_id`, `created_at`) VALUES (143, 1, 145, '2023-01-15 14:06:33');
INSERT INTO `review_like` (`review_like_id`, `review_id`, `member_id`, `created_at`) VALUES (144, 197, 146, '2023-01-31 08:10:28');
INSERT INTO `review_like` (`review_like_id`, `review_id`, `member_id`, `created_at`) VALUES (145, 196, 161, '2023-01-10 20:31:17');
INSERT INTO `review_like` (`review_like_id`, `review_id`, `member_id`, `created_at`) VALUES (146, 140, 19, '2023-01-06 23:37:27');
INSERT INTO `review_like` (`review_like_id`, `review_id`, `member_id`, `created_at`) VALUES (147, 122, 240, '2023-05-27 23:28:33');
INSERT INTO `review_like` (`review_like_id`, `review_id`, `member_id`, `created_at`) VALUES (148, 99, 73, '2023-06-25 22:25:46');
INSERT INTO `review_like` (`review_like_id`, `review_id`, `member_id`, `created_at`) VALUES (149, 100, 116, '2023-07-11 08:39:11');
INSERT INTO `review_like` (`review_like_id`, `review_id`, `member_id`, `created_at`) VALUES (150, 175, 126, '2023-06-06 09:06:13');
INSERT INTO `review_like` (`review_like_id`, `review_id`, `member_id`, `created_at`) VALUES (151, 89, 163, '2023-04-27 17:26:40');
INSERT INTO `review_like` (`review_like_id`, `review_id`, `member_id`, `created_at`) VALUES (152, 40, 117, '2023-05-18 13:06:43');
INSERT INTO `review_like` (`review_like_id`, `review_id`, `member_id`, `created_at`) VALUES (153, 58, 37, '2023-03-15 23:11:45');
INSERT INTO `review_like` (`review_like_id`, `review_id`, `member_id`, `created_at`) VALUES (154, 188, 45, '2023-04-10 09:21:53');
INSERT INTO `review_like` (`review_like_id`, `review_id`, `member_id`, `created_at`) VALUES (155, 42, 95, '2023-07-09 00:45:44');
INSERT INTO `review_like` (`review_like_id`, `review_id`, `member_id`, `created_at`) VALUES (156, 111, 207, '2023-03-18 05:14:32');
INSERT INTO `review_like` (`review_like_id`, `review_id`, `member_id`, `created_at`) VALUES (157, 11, 118, '2023-04-16 19:42:55');
INSERT INTO `review_like` (`review_like_id`, `review_id`, `member_id`, `created_at`) VALUES (158, 59, 103, '2023-02-02 22:48:36');
INSERT INTO `review_like` (`review_like_id`, `review_id`, `member_id`, `created_at`) VALUES (159, 91, 54, '2023-04-14 15:19:59');
INSERT INTO `review_like` (`review_like_id`, `review_id`, `member_id`, `created_at`) VALUES (160, 107, 118, '2023-07-07 16:28:05');
INSERT INTO `review_like` (`review_like_id`, `review_id`, `member_id`, `created_at`) VALUES (161, 114, 244, '2023-04-10 16:52:34');
INSERT INTO `review_like` (`review_like_id`, `review_id`, `member_id`, `created_at`) VALUES (162, 94, 87, '2023-03-25 14:31:22');
INSERT INTO `review_like` (`review_like_id`, `review_id`, `member_id`, `created_at`) VALUES (163, 35, 186, '2023-05-16 07:29:49');
INSERT INTO `review_like` (`review_like_id`, `review_id`, `member_id`, `created_at`) VALUES (164, 63, 56, '2023-07-02 06:57:10');
INSERT INTO `review_like` (`review_like_id`, `review_id`, `member_id`, `created_at`) VALUES (165, 146, 50, '2023-07-06 22:31:57');
INSERT INTO `review_like` (`review_like_id`, `review_id`, `member_id`, `created_at`) VALUES (166, 94, 231, '2023-04-29 19:57:34');
INSERT INTO `review_like` (`review_like_id`, `review_id`, `member_id`, `created_at`) VALUES (167, 196, 203, '2023-04-15 13:38:47');
INSERT INTO `review_like` (`review_like_id`, `review_id`, `member_id`, `created_at`) VALUES (168, 165, 79, '2023-02-24 14:18:08');
INSERT INTO `review_like` (`review_like_id`, `review_id`, `member_id`, `created_at`) VALUES (169, 37, 121, '2023-01-28 19:45:49');
INSERT INTO `review_like` (`review_like_id`, `review_id`, `member_id`, `created_at`) VALUES (170, 167, 116, '2023-03-18 22:42:15');
INSERT INTO `review_like` (`review_like_id`, `review_id`, `member_id`, `created_at`) VALUES (171, 106, 14, '2023-02-21 07:54:25');
INSERT INTO `review_like` (`review_like_id`, `review_id`, `member_id`, `created_at`) VALUES (172, 87, 142, '2023-02-10 13:59:29');
INSERT INTO `review_like` (`review_like_id`, `review_id`, `member_id`, `created_at`) VALUES (173, 133, 111, '2023-02-16 16:07:42');
INSERT INTO `review_like` (`review_like_id`, `review_id`, `member_id`, `created_at`) VALUES (174, 7, 178, '2023-02-22 14:03:09');
INSERT INTO `review_like` (`review_like_id`, `review_id`, `member_id`, `created_at`) VALUES (175, 146, 171, '2023-02-14 09:57:04');
INSERT INTO `review_like` (`review_like_id`, `review_id`, `member_id`, `created_at`) VALUES (176, 191, 175, '2023-05-25 05:40:28');
INSERT INTO `review_like` (`review_like_id`, `review_id`, `member_id`, `created_at`) VALUES (177, 165, 103, '2023-05-28 07:12:07');
INSERT INTO `review_like` (`review_like_id`, `review_id`, `member_id`, `created_at`) VALUES (178, 39, 106, '2023-03-23 17:03:37');
INSERT INTO `review_like` (`review_like_id`, `review_id`, `member_id`, `created_at`) VALUES (179, 63, 223, '2023-07-09 04:45:12');
INSERT INTO `review_like` (`review_like_id`, `review_id`, `member_id`, `created_at`) VALUES (180, 196, 239, '2023-05-05 11:30:46');
INSERT INTO `review_like` (`review_like_id`, `review_id`, `member_id`, `created_at`) VALUES (181, 157, 239, '2023-07-15 22:17:38');
INSERT INTO `review_like` (`review_like_id`, `review_id`, `member_id`, `created_at`) VALUES (182, 136, 189, '2023-06-10 01:17:07');
INSERT INTO `review_like` (`review_like_id`, `review_id`, `member_id`, `created_at`) VALUES (183, 174, 25, '2023-01-17 03:07:19');
INSERT INTO `review_like` (`review_like_id`, `review_id`, `member_id`, `created_at`) VALUES (184, 6, 3, '2023-01-14 12:04:11');
INSERT INTO `review_like` (`review_like_id`, `review_id`, `member_id`, `created_at`) VALUES (185, 24, 81, '2023-04-02 07:23:28');
INSERT INTO `review_like` (`review_like_id`, `review_id`, `member_id`, `created_at`) VALUES (186, 191, 39, '2023-02-24 11:11:52');
INSERT INTO `review_like` (`review_like_id`, `review_id`, `member_id`, `created_at`) VALUES (187, 17, 93, '2023-06-09 11:29:13');
INSERT INTO `review_like` (`review_like_id`, `review_id`, `member_id`, `created_at`) VALUES (188, 150, 232, '2023-04-25 17:17:50');
INSERT INTO `review_like` (`review_like_id`, `review_id`, `member_id`, `created_at`) VALUES (189, 87, 181, '2023-02-14 10:32:56');
INSERT INTO `review_like` (`review_like_id`, `review_id`, `member_id`, `created_at`) VALUES (190, 78, 26, '2023-05-24 05:49:06');
INSERT INTO `review_like` (`review_like_id`, `review_id`, `member_id`, `created_at`) VALUES (191, 39, 42, '2023-04-17 04:18:44');
INSERT INTO `review_like` (`review_like_id`, `review_id`, `member_id`, `created_at`) VALUES (192, 137, 234, '2023-06-08 14:54:57');
INSERT INTO `review_like` (`review_like_id`, `review_id`, `member_id`, `created_at`) VALUES (193, 41, 144, '2023-05-22 22:53:22');
INSERT INTO `review_like` (`review_like_id`, `review_id`, `member_id`, `created_at`) VALUES (194, 121, 180, '2023-03-13 09:04:48');
INSERT INTO `review_like` (`review_like_id`, `review_id`, `member_id`, `created_at`) VALUES (195, 30, 170, '2023-02-07 16:11:54');
INSERT INTO `review_like` (`review_like_id`, `review_id`, `member_id`, `created_at`) VALUES (196, 25, 194, '2023-01-11 04:56:13');
INSERT INTO `review_like` (`review_like_id`, `review_id`, `member_id`, `created_at`) VALUES (197, 98, 122, '2023-04-08 17:21:45');
INSERT INTO `review_like` (`review_like_id`, `review_id`, `member_id`, `created_at`) VALUES (198, 44, 197, '2023-01-06 21:20:31');
INSERT INTO `review_like` (`review_like_id`, `review_id`, `member_id`, `created_at`) VALUES (199, 177, 210, '2023-04-03 16:03:14');
INSERT INTO `review_like` (`review_like_id`, `review_id`, `member_id`, `created_at`) VALUES (200, 150, 147, '2023-02-16 16:17:12');
-- member_movie_preference
INSERT INTO `member_movie_preference` (`preference_id`, `member_id`, `genre_id`, `preference_score`, `created_at`) VALUES (1, 229, 1, 0.97, '2023-12-10 20:38:09');
INSERT INTO `member_movie_preference` (`preference_id`, `member_id`, `genre_id`, `preference_score`, `created_at`) VALUES (2, 89, 6, 0.99, '2023-07-09 02:30:29');
INSERT INTO `member_movie_preference` (`preference_id`, `member_id`, `genre_id`, `preference_score`, `created_at`) VALUES (3, 46, 3, 0.62, '2023-12-13 14:19:52');
INSERT INTO `member_movie_preference` (`preference_id`, `member_id`, `genre_id`, `preference_score`, `created_at`) VALUES (4, 235, 3, 0.11, '2023-12-09 07:10:38');
INSERT INTO `member_movie_preference` (`preference_id`, `member_id`, `genre_id`, `preference_score`, `created_at`) VALUES (5, 247, 6, 0.29, '2023-02-12 12:54:52');
INSERT INTO `member_movie_preference` (`preference_id`, `member_id`, `genre_id`, `preference_score`, `created_at`) VALUES (6, 155, 8, 0.02, '2023-10-30 15:12:33');
INSERT INTO `member_movie_preference` (`preference_id`, `member_id`, `genre_id`, `preference_score`, `created_at`) VALUES (7, 44, 6, 0.85, '2023-04-09 18:41:35');
INSERT INTO `member_movie_preference` (`preference_id`, `member_id`, `genre_id`, `preference_score`, `created_at`) VALUES (8, 72, 9, 0.9, '2023-01-13 17:49:34');
INSERT INTO `member_movie_preference` (`preference_id`, `member_id`, `genre_id`, `preference_score`, `created_at`) VALUES (9, 82, 3, 0.05, '2023-05-03 11:09:51');
INSERT INTO `member_movie_preference` (`preference_id`, `member_id`, `genre_id`, `preference_score`, `created_at`) VALUES (10, 68, 8, 1.0, '2023-06-22 01:28:22');
INSERT INTO `member_movie_preference` (`preference_id`, `member_id`, `genre_id`, `preference_score`, `created_at`) VALUES (11, 70, 8, 0.66, '2023-06-20 20:04:16');
INSERT INTO `member_movie_preference` (`preference_id`, `member_id`, `genre_id`, `preference_score`, `created_at`) VALUES (12, 9, 3, 0.87, '2023-11-16 00:23:19');
INSERT INTO `member_movie_preference` (`preference_id`, `member_id`, `genre_id`, `preference_score`, `created_at`) VALUES (13, 189, 10, 0.02, '2023-07-14 07:16:07');
INSERT INTO `member_movie_preference` (`preference_id`, `member_id`, `genre_id`, `preference_score`, `created_at`) VALUES (14, 232, 8, 0.38, '2023-01-19 09:50:26');
INSERT INTO `member_movie_preference` (`preference_id`, `member_id`, `genre_id`, `preference_score`, `created_at`) VALUES (15, 179, 7, 0.34, '2023-09-20 15:27:21');
INSERT INTO `member_movie_preference` (`preference_id`, `member_id`, `genre_id`, `preference_score`, `created_at`) VALUES (16, 105, 6, 0.13, '2023-06-27 09:31:26');
INSERT INTO `member_movie_preference` (`preference_id`, `member_id`, `genre_id`, `preference_score`, `created_at`) VALUES (17, 142, 4, 0.49, '2023-05-17 03:01:59');
INSERT INTO `member_movie_preference` (`preference_id`, `member_id`, `genre_id`, `preference_score`, `created_at`) VALUES (18, 234, 8, 0.92, '2023-02-13 11:36:01');
INSERT INTO `member_movie_preference` (`preference_id`, `member_id`, `genre_id`, `preference_score`, `created_at`) VALUES (19, 221, 9, 0.9, '2023-01-12 04:40:46');
INSERT INTO `member_movie_preference` (`preference_id`, `member_id`, `genre_id`, `preference_score`, `created_at`) VALUES (20, 207, 2, 0.24, '2023-04-01 13:35:40');
INSERT INTO `member_movie_preference` (`preference_id`, `member_id`, `genre_id`, `preference_score`, `created_at`) VALUES (21, 17, 3, 0.57, '2023-05-02 03:10:53');
INSERT INTO `member_movie_preference` (`preference_id`, `member_id`, `genre_id`, `preference_score`, `created_at`) VALUES (22, 222, 2, 0.01, '2023-01-07 12:25:13');
INSERT INTO `member_movie_preference` (`preference_id`, `member_id`, `genre_id`, `preference_score`, `created_at`) VALUES (23, 223, 10, 0.07, '2023-10-26 22:47:47');
INSERT INTO `member_movie_preference` (`preference_id`, `member_id`, `genre_id`, `preference_score`, `created_at`) VALUES (24, 248, 8, 0.63, '2023-06-19 03:51:11');
INSERT INTO `member_movie_preference` (`preference_id`, `member_id`, `genre_id`, `preference_score`, `created_at`) VALUES (25, 157, 2, 0.06, '2023-03-13 07:15:51');
INSERT INTO `member_movie_preference` (`preference_id`, `member_id`, `genre_id`, `preference_score`, `created_at`) VALUES (26, 236, 2, 0.19, '2024-01-03 03:20:04');
INSERT INTO `member_movie_preference` (`preference_id`, `member_id`, `genre_id`, `preference_score`, `created_at`) VALUES (27, 1, 7, 0.79, '2023-04-30 07:39:13');
INSERT INTO `member_movie_preference` (`preference_id`, `member_id`, `genre_id`, `preference_score`, `created_at`) VALUES (28, 13, 2, 0.39, '2023-11-17 19:16:20');
INSERT INTO `member_movie_preference` (`preference_id`, `member_id`, `genre_id`, `preference_score`, `created_at`) VALUES (29, 50, 8, 0.82, '2023-12-29 18:02:00');
INSERT INTO `member_movie_preference` (`preference_id`, `member_id`, `genre_id`, `preference_score`, `created_at`) VALUES (30, 155, 3, 0.47, '2024-01-10 21:32:49');
INSERT INTO `member_movie_preference` (`preference_id`, `member_id`, `genre_id`, `preference_score`, `created_at`) VALUES (31, 222, 1, 0.44, '2023-09-17 00:13:47');
INSERT INTO `member_movie_preference` (`preference_id`, `member_id`, `genre_id`, `preference_score`, `created_at`) VALUES (32, 21, 3, 0.97, '2023-05-15 05:14:20');
INSERT INTO `member_movie_preference` (`preference_id`, `member_id`, `genre_id`, `preference_score`, `created_at`) VALUES (33, 225, 9, 0.58, '2023-04-07 04:30:54');
INSERT INTO `member_movie_preference` (`preference_id`, `member_id`, `genre_id`, `preference_score`, `created_at`) VALUES (34, 180, 2, 0.19, '2023-06-14 08:17:27');
INSERT INTO `member_movie_preference` (`preference_id`, `member_id`, `genre_id`, `preference_score`, `created_at`) VALUES (35, 42, 7, 0.64, '2023-10-31 10:48:11');
INSERT INTO `member_movie_preference` (`preference_id`, `member_id`, `genre_id`, `preference_score`, `created_at`) VALUES (36, 154, 7, 0.51, '2023-05-27 07:56:47');
INSERT INTO `member_movie_preference` (`preference_id`, `member_id`, `genre_id`, `preference_score`, `created_at`) VALUES (37, 110, 5, 0.82, '2024-01-12 08:45:58');
INSERT INTO `member_movie_preference` (`preference_id`, `member_id`, `genre_id`, `preference_score`, `created_at`) VALUES (38, 136, 1, 0.65, '2023-12-16 09:09:46');
INSERT INTO `member_movie_preference` (`preference_id`, `member_id`, `genre_id`, `preference_score`, `created_at`) VALUES (39, 73, 3, 0.06, '2023-02-02 17:58:59');
INSERT INTO `member_movie_preference` (`preference_id`, `member_id`, `genre_id`, `preference_score`, `created_at`) VALUES (40, 89, 1, 0.62, '2023-08-09 02:54:39');
INSERT INTO `member_movie_preference` (`preference_id`, `member_id`, `genre_id`, `preference_score`, `created_at`) VALUES (41, 173, 8, 0.01, '2024-01-17 03:12:44');
INSERT INTO `member_movie_preference` (`preference_id`, `member_id`, `genre_id`, `preference_score`, `created_at`) VALUES (42, 82, 10, 0.77, '2023-07-05 22:02:44');
INSERT INTO `member_movie_preference` (`preference_id`, `member_id`, `genre_id`, `preference_score`, `created_at`) VALUES (43, 174, 2, 0.57, '2024-01-08 11:37:00');
INSERT INTO `member_movie_preference` (`preference_id`, `member_id`, `genre_id`, `preference_score`, `created_at`) VALUES (44, 116, 6, 0.74, '2023-09-03 13:29:14');
INSERT INTO `member_movie_preference` (`preference_id`, `member_id`, `genre_id`, `preference_score`, `created_at`) VALUES (45, 128, 5, 0.76, '2023-06-10 19:52:34');
INSERT INTO `member_movie_preference` (`preference_id`, `member_id`, `genre_id`, `preference_score`, `created_at`) VALUES (46, 191, 4, 0.23, '2023-03-29 01:33:16');
INSERT INTO `member_movie_preference` (`preference_id`, `member_id`, `genre_id`, `preference_score`, `created_at`) VALUES (47, 177, 6, 0.41, '2023-08-25 11:48:35');
INSERT INTO `member_movie_preference` (`preference_id`, `member_id`, `genre_id`, `preference_score`, `created_at`) VALUES (48, 237, 7, 0.46, '2023-08-26 16:27:47');
INSERT INTO `member_movie_preference` (`preference_id`, `member_id`, `genre_id`, `preference_score`, `created_at`) VALUES (49, 40, 3, 0.74, '2023-07-17 15:16:37');
INSERT INTO `member_movie_preference` (`preference_id`, `member_id`, `genre_id`, `preference_score`, `created_at`) VALUES (50, 244, 1, 0.87, '2023-06-12 13:53:18');
INSERT INTO `member_movie_preference` (`preference_id`, `member_id`, `genre_id`, `preference_score`, `created_at`) VALUES (51, 223, 3, 0.4, '2023-01-08 15:48:55');
INSERT INTO `member_movie_preference` (`preference_id`, `member_id`, `genre_id`, `preference_score`, `created_at`) VALUES (52, 203, 3, 0.15, '2023-04-05 07:54:01');
INSERT INTO `member_movie_preference` (`preference_id`, `member_id`, `genre_id`, `preference_score`, `created_at`) VALUES (53, 25, 1, 0.39, '2023-03-18 09:51:46');
INSERT INTO `member_movie_preference` (`preference_id`, `member_id`, `genre_id`, `preference_score`, `created_at`) VALUES (54, 87, 4, 0.02, '2023-07-20 05:45:50');
INSERT INTO `member_movie_preference` (`preference_id`, `member_id`, `genre_id`, `preference_score`, `created_at`) VALUES (55, 78, 9, 0.28, '2023-04-08 17:42:51');
INSERT INTO `member_movie_preference` (`preference_id`, `member_id`, `genre_id`, `preference_score`, `created_at`) VALUES (56, 156, 8, 0.43, '2023-03-23 17:44:36');
INSERT INTO `member_movie_preference` (`preference_id`, `member_id`, `genre_id`, `preference_score`, `created_at`) VALUES (57, 249, 1, 0.35, '2023-02-24 02:26:09');
INSERT INTO `member_movie_preference` (`preference_id`, `member_id`, `genre_id`, `preference_score`, `created_at`) VALUES (58, 244, 6, 0.71, '2023-11-08 10:32:01');
INSERT INTO `member_movie_preference` (`preference_id`, `member_id`, `genre_id`, `preference_score`, `created_at`) VALUES (59, 37, 4, 0.52, '2023-09-11 07:52:44');
INSERT INTO `member_movie_preference` (`preference_id`, `member_id`, `genre_id`, `preference_score`, `created_at`) VALUES (60, 107, 8, 0.01, '2023-06-07 22:59:33');
INSERT INTO `member_movie_preference` (`preference_id`, `member_id`, `genre_id`, `preference_score`, `created_at`) VALUES (61, 41, 6, 0.63, '2023-12-17 22:31:05');
INSERT INTO `member_movie_preference` (`preference_id`, `member_id`, `genre_id`, `preference_score`, `created_at`) VALUES (62, 110, 10, 0.12, '2023-03-08 19:17:00');
INSERT INTO `member_movie_preference` (`preference_id`, `member_id`, `genre_id`, `preference_score`, `created_at`) VALUES (63, 73, 6, 0.72, '2023-12-19 04:39:54');
INSERT INTO `member_movie_preference` (`preference_id`, `member_id`, `genre_id`, `preference_score`, `created_at`) VALUES (64, 95, 10, 0.97, '2023-02-02 00:38:41');
INSERT INTO `member_movie_preference` (`preference_id`, `member_id`, `genre_id`, `preference_score`, `created_at`) VALUES (65, 115, 6, 0.42, '2023-04-18 11:52:35');
INSERT INTO `member_movie_preference` (`preference_id`, `member_id`, `genre_id`, `preference_score`, `created_at`) VALUES (66, 177, 4, 0.91, '2023-06-10 23:04:42');
INSERT INTO `member_movie_preference` (`preference_id`, `member_id`, `genre_id`, `preference_score`, `created_at`) VALUES (67, 235, 8, 0.79, '2023-10-12 12:24:23');
INSERT INTO `member_movie_preference` (`preference_id`, `member_id`, `genre_id`, `preference_score`, `created_at`) VALUES (68, 148, 6, 0.7, '2023-03-07 11:43:03');
INSERT INTO `member_movie_preference` (`preference_id`, `member_id`, `genre_id`, `preference_score`, `created_at`) VALUES (69, 201, 10, 0.97, '2023-04-28 21:35:04');
INSERT INTO `member_movie_preference` (`preference_id`, `member_id`, `genre_id`, `preference_score`, `created_at`) VALUES (70, 157, 4, 0.81, '2023-05-08 17:47:20');
INSERT INTO `member_movie_preference` (`preference_id`, `member_id`, `genre_id`, `preference_score`, `created_at`) VALUES (71, 145, 8, 0.89, '2023-06-10 18:36:12');
INSERT INTO `member_movie_preference` (`preference_id`, `member_id`, `genre_id`, `preference_score`, `created_at`) VALUES (72, 226, 2, 0.38, '2023-03-17 22:42:17');
INSERT INTO `member_movie_preference` (`preference_id`, `member_id`, `genre_id`, `preference_score`, `created_at`) VALUES (73, 83, 2, 0.53, '2023-08-25 21:56:23');
INSERT INTO `member_movie_preference` (`preference_id`, `member_id`, `genre_id`, `preference_score`, `created_at`) VALUES (74, 231, 5, 0.07, '2023-07-19 07:02:00');
INSERT INTO `member_movie_preference` (`preference_id`, `member_id`, `genre_id`, `preference_score`, `created_at`) VALUES (75, 203, 5, 0.71, '2023-07-06 02:08:56');
INSERT INTO `member_movie_preference` (`preference_id`, `member_id`, `genre_id`, `preference_score`, `created_at`) VALUES (76, 122, 4, 0.22, '2023-01-02 11:54:48');
INSERT INTO `member_movie_preference` (`preference_id`, `member_id`, `genre_id`, `preference_score`, `created_at`) VALUES (77, 92, 10, 0.48, '2023-03-16 09:55:50');
INSERT INTO `member_movie_preference` (`preference_id`, `member_id`, `genre_id`, `preference_score`, `created_at`) VALUES (78, 245, 6, 0.48, '2023-06-10 22:01:08');
INSERT INTO `member_movie_preference` (`preference_id`, `member_id`, `genre_id`, `preference_score`, `created_at`) VALUES (79, 227, 9, 0.2, '2023-11-27 06:51:07');
INSERT INTO `member_movie_preference` (`preference_id`, `member_id`, `genre_id`, `preference_score`, `created_at`) VALUES (80, 246, 10, 0.61, '2023-06-01 02:12:18');
INSERT INTO `member_movie_preference` (`preference_id`, `member_id`, `genre_id`, `preference_score`, `created_at`) VALUES (81, 189, 4, 0.52, '2023-09-16 10:17:02');
INSERT INTO `member_movie_preference` (`preference_id`, `member_id`, `genre_id`, `preference_score`, `created_at`) VALUES (82, 64, 7, 0.42, '2023-01-06 10:51:22');
INSERT INTO `member_movie_preference` (`preference_id`, `member_id`, `genre_id`, `preference_score`, `created_at`) VALUES (83, 67, 4, 0.14, '2023-01-13 01:02:57');
INSERT INTO `member_movie_preference` (`preference_id`, `member_id`, `genre_id`, `preference_score`, `created_at`) VALUES (84, 167, 7, 0.08, '2023-08-27 05:22:28');
INSERT INTO `member_movie_preference` (`preference_id`, `member_id`, `genre_id`, `preference_score`, `created_at`) VALUES (85, 115, 7, 0.56, '2023-11-01 16:10:14');
INSERT INTO `member_movie_preference` (`preference_id`, `member_id`, `genre_id`, `preference_score`, `created_at`) VALUES (86, 195, 6, 0.11, '2023-05-21 16:36:01');
INSERT INTO `member_movie_preference` (`preference_id`, `member_id`, `genre_id`, `preference_score`, `created_at`) VALUES (87, 71, 4, 0.71, '2023-08-21 10:22:04');
INSERT INTO `member_movie_preference` (`preference_id`, `member_id`, `genre_id`, `preference_score`, `created_at`) VALUES (88, 42, 10, 0.13, '2023-01-09 04:30:41');
INSERT INTO `member_movie_preference` (`preference_id`, `member_id`, `genre_id`, `preference_score`, `created_at`) VALUES (89, 14, 6, 0.55, '2023-07-08 05:09:39');
INSERT INTO `member_movie_preference` (`preference_id`, `member_id`, `genre_id`, `preference_score`, `created_at`) VALUES (90, 81, 7, 0.55, '2023-11-18 15:48:39');
INSERT INTO `member_movie_preference` (`preference_id`, `member_id`, `genre_id`, `preference_score`, `created_at`) VALUES (91, 166, 6, 0.4, '2023-06-17 22:19:17');
INSERT INTO `member_movie_preference` (`preference_id`, `member_id`, `genre_id`, `preference_score`, `created_at`) VALUES (92, 215, 1, 0.64, '2023-06-15 20:35:36');
INSERT INTO `member_movie_preference` (`preference_id`, `member_id`, `genre_id`, `preference_score`, `created_at`) VALUES (93, 194, 10, 0.04, '2023-09-19 02:02:01');
INSERT INTO `member_movie_preference` (`preference_id`, `member_id`, `genre_id`, `preference_score`, `created_at`) VALUES (94, 186, 3, 0.5, '2023-02-04 05:05:38');
INSERT INTO `member_movie_preference` (`preference_id`, `member_id`, `genre_id`, `preference_score`, `created_at`) VALUES (95, 39, 2, 0.52, '2024-01-01 08:33:23');
INSERT INTO `member_movie_preference` (`preference_id`, `member_id`, `genre_id`, `preference_score`, `created_at`) VALUES (96, 24, 6, 0.97, '2023-06-23 02:57:17');
INSERT INTO `member_movie_preference` (`preference_id`, `member_id`, `genre_id`, `preference_score`, `created_at`) VALUES (97, 106, 6, 0.75, '2023-09-10 14:35:02');
INSERT INTO `member_movie_preference` (`preference_id`, `member_id`, `genre_id`, `preference_score`, `created_at`) VALUES (98, 140, 1, 0.52, '2023-11-25 14:25:03');
INSERT INTO `member_movie_preference` (`preference_id`, `member_id`, `genre_id`, `preference_score`, `created_at`) VALUES (99, 178, 3, 0.55, '2023-02-15 07:32:45');
INSERT INTO `member_movie_preference` (`preference_id`, `member_id`, `genre_id`, `preference_score`, `created_at`) VALUES (100, 115, 3, 0.12, '2023-05-14 08:16:45');
INSERT INTO `member_movie_preference` (`preference_id`, `member_id`, `genre_id`, `preference_score`, `created_at`) VALUES (101, 62, 1, 0.64, '2023-10-13 00:52:55');
INSERT INTO `member_movie_preference` (`preference_id`, `member_id`, `genre_id`, `preference_score`, `created_at`) VALUES (102, 14, 4, 0.48, '2023-01-22 07:58:24');
INSERT INTO `member_movie_preference` (`preference_id`, `member_id`, `genre_id`, `preference_score`, `created_at`) VALUES (103, 195, 4, 0.95, '2023-03-12 18:13:32');
INSERT INTO `member_movie_preference` (`preference_id`, `member_id`, `genre_id`, `preference_score`, `created_at`) VALUES (104, 82, 6, 0.39, '2023-11-21 14:24:39');
INSERT INTO `member_movie_preference` (`preference_id`, `member_id`, `genre_id`, `preference_score`, `created_at`) VALUES (105, 5, 9, 0.77, '2023-09-10 00:51:21');
INSERT INTO `member_movie_preference` (`preference_id`, `member_id`, `genre_id`, `preference_score`, `created_at`) VALUES (106, 172, 7, 0.55, '2023-01-21 07:17:10');
INSERT INTO `member_movie_preference` (`preference_id`, `member_id`, `genre_id`, `preference_score`, `created_at`) VALUES (107, 151, 1, 0.21, '2023-10-26 17:53:37');
INSERT INTO `member_movie_preference` (`preference_id`, `member_id`, `genre_id`, `preference_score`, `created_at`) VALUES (108, 2, 6, 0.7, '2023-10-25 13:24:09');
INSERT INTO `member_movie_preference` (`preference_id`, `member_id`, `genre_id`, `preference_score`, `created_at`) VALUES (109, 131, 3, 0.4, '2023-03-19 19:31:24');
INSERT INTO `member_movie_preference` (`preference_id`, `member_id`, `genre_id`, `preference_score`, `created_at`) VALUES (110, 2, 10, 0.28, '2023-10-12 13:37:40');
INSERT INTO `member_movie_preference` (`preference_id`, `member_id`, `genre_id`, `preference_score`, `created_at`) VALUES (111, 131, 7, 0.16, '2023-04-14 22:07:21');
INSERT INTO `member_movie_preference` (`preference_id`, `member_id`, `genre_id`, `preference_score`, `created_at`) VALUES (112, 66, 6, 0.2, '2023-05-14 14:17:43');
INSERT INTO `member_movie_preference` (`preference_id`, `member_id`, `genre_id`, `preference_score`, `created_at`) VALUES (113, 31, 5, 0.45, '2023-08-17 21:58:04');
INSERT INTO `member_movie_preference` (`preference_id`, `member_id`, `genre_id`, `preference_score`, `created_at`) VALUES (114, 248, 9, 0.77, '2023-04-15 06:43:46');
INSERT INTO `member_movie_preference` (`preference_id`, `member_id`, `genre_id`, `preference_score`, `created_at`) VALUES (115, 29, 1, 0.39, '2023-02-24 07:29:06');
INSERT INTO `member_movie_preference` (`preference_id`, `member_id`, `genre_id`, `preference_score`, `created_at`) VALUES (116, 52, 10, 0.74, '2023-06-02 07:48:14');
INSERT INTO `member_movie_preference` (`preference_id`, `member_id`, `genre_id`, `preference_score`, `created_at`) VALUES (117, 227, 10, 0.82, '2023-07-04 16:53:08');
INSERT INTO `member_movie_preference` (`preference_id`, `member_id`, `genre_id`, `preference_score`, `created_at`) VALUES (118, 14, 4, 0.57, '2023-05-10 07:53:37');
INSERT INTO `member_movie_preference` (`preference_id`, `member_id`, `genre_id`, `preference_score`, `created_at`) VALUES (119, 131, 1, 0.31, '2023-04-21 06:35:13');
INSERT INTO `member_movie_preference` (`preference_id`, `member_id`, `genre_id`, `preference_score`, `created_at`) VALUES (120, 221, 6, 0.21, '2024-01-04 14:08:50');
INSERT INTO `member_movie_preference` (`preference_id`, `member_id`, `genre_id`, `preference_score`, `created_at`) VALUES (121, 185, 6, 0.46, '2023-07-20 21:54:40');
INSERT INTO `member_movie_preference` (`preference_id`, `member_id`, `genre_id`, `preference_score`, `created_at`) VALUES (122, 193, 3, 0.92, '2023-09-03 20:25:09');
INSERT INTO `member_movie_preference` (`preference_id`, `member_id`, `genre_id`, `preference_score`, `created_at`) VALUES (123, 153, 5, 0.8, '2023-12-08 09:02:53');
INSERT INTO `member_movie_preference` (`preference_id`, `member_id`, `genre_id`, `preference_score`, `created_at`) VALUES (124, 20, 10, 0.11, '2023-01-01 01:08:09');
INSERT INTO `member_movie_preference` (`preference_id`, `member_id`, `genre_id`, `preference_score`, `created_at`) VALUES (125, 159, 1, 0.86, '2023-05-21 00:00:01');
INSERT INTO `member_movie_preference` (`preference_id`, `member_id`, `genre_id`, `preference_score`, `created_at`) VALUES (126, 78, 8, 0.38, '2023-10-18 05:48:24');
INSERT INTO `member_movie_preference` (`preference_id`, `member_id`, `genre_id`, `preference_score`, `created_at`) VALUES (127, 25, 1, 0.37, '2023-11-27 06:56:46');
INSERT INTO `member_movie_preference` (`preference_id`, `member_id`, `genre_id`, `preference_score`, `created_at`) VALUES (128, 249, 7, 0.74, '2023-07-10 02:46:14');
INSERT INTO `member_movie_preference` (`preference_id`, `member_id`, `genre_id`, `preference_score`, `created_at`) VALUES (129, 72, 7, 0.65, '2023-06-02 01:16:26');
INSERT INTO `member_movie_preference` (`preference_id`, `member_id`, `genre_id`, `preference_score`, `created_at`) VALUES (130, 231, 2, 0.3, '2023-05-15 16:38:10');
INSERT INTO `member_movie_preference` (`preference_id`, `member_id`, `genre_id`, `preference_score`, `created_at`) VALUES (131, 239, 4, 0.12, '2023-11-22 01:06:20');
INSERT INTO `member_movie_preference` (`preference_id`, `member_id`, `genre_id`, `preference_score`, `created_at`) VALUES (132, 226, 8, 0.17, '2023-02-27 03:08:04');
INSERT INTO `member_movie_preference` (`preference_id`, `member_id`, `genre_id`, `preference_score`, `created_at`) VALUES (133, 186, 4, 0.46, '2023-10-24 20:17:45');
INSERT INTO `member_movie_preference` (`preference_id`, `member_id`, `genre_id`, `preference_score`, `created_at`) VALUES (134, 70, 5, 0.02, '2023-10-16 17:27:58');
INSERT INTO `member_movie_preference` (`preference_id`, `member_id`, `genre_id`, `preference_score`, `created_at`) VALUES (135, 17, 3, 0.22, '2023-07-23 13:44:29');
INSERT INTO `member_movie_preference` (`preference_id`, `member_id`, `genre_id`, `preference_score`, `created_at`) VALUES (136, 8, 1, 0.5, '2023-08-27 15:00:57');
INSERT INTO `member_movie_preference` (`preference_id`, `member_id`, `genre_id`, `preference_score`, `created_at`) VALUES (137, 45, 1, 0.58, '2023-01-23 23:54:23');
INSERT INTO `member_movie_preference` (`preference_id`, `member_id`, `genre_id`, `preference_score`, `created_at`) VALUES (138, 17, 5, 0.71, '2024-01-04 17:26:45');
INSERT INTO `member_movie_preference` (`preference_id`, `member_id`, `genre_id`, `preference_score`, `created_at`) VALUES (139, 52, 5, 0.02, '2023-05-20 06:50:50');
INSERT INTO `member_movie_preference` (`preference_id`, `member_id`, `genre_id`, `preference_score`, `created_at`) VALUES (140, 61, 8, 0.81, '2023-11-29 01:36:23');
INSERT INTO `member_movie_preference` (`preference_id`, `member_id`, `genre_id`, `preference_score`, `created_at`) VALUES (141, 224, 10, 0.84, '2023-08-11 20:21:01');
INSERT INTO `member_movie_preference` (`preference_id`, `member_id`, `genre_id`, `preference_score`, `created_at`) VALUES (142, 244, 8, 0.79, '2024-01-02 01:43:18');
INSERT INTO `member_movie_preference` (`preference_id`, `member_id`, `genre_id`, `preference_score`, `created_at`) VALUES (143, 74, 6, 0.09, '2023-07-08 16:36:42');
INSERT INTO `member_movie_preference` (`preference_id`, `member_id`, `genre_id`, `preference_score`, `created_at`) VALUES (144, 211, 8, 0.54, '2023-07-11 23:58:44');
INSERT INTO `member_movie_preference` (`preference_id`, `member_id`, `genre_id`, `preference_score`, `created_at`) VALUES (145, 231, 6, 0.73, '2023-10-04 05:18:16');
INSERT INTO `member_movie_preference` (`preference_id`, `member_id`, `genre_id`, `preference_score`, `created_at`) VALUES (146, 83, 6, 0.41, '2023-10-25 14:37:42');
INSERT INTO `member_movie_preference` (`preference_id`, `member_id`, `genre_id`, `preference_score`, `created_at`) VALUES (147, 96, 8, 0.98, '2024-01-28 10:38:51');
INSERT INTO `member_movie_preference` (`preference_id`, `member_id`, `genre_id`, `preference_score`, `created_at`) VALUES (148, 38, 8, 0.68, '2023-07-28 13:07:09');
INSERT INTO `member_movie_preference` (`preference_id`, `member_id`, `genre_id`, `preference_score`, `created_at`) VALUES (149, 247, 7, 0.09, '2023-05-10 05:00:40');
INSERT INTO `member_movie_preference` (`preference_id`, `member_id`, `genre_id`, `preference_score`, `created_at`) VALUES (150, 86, 6, 0.65, '2023-08-19 19:37:55');
INSERT INTO `member_movie_preference` (`preference_id`, `member_id`, `genre_id`, `preference_score`, `created_at`) VALUES (151, 221, 3, 0.89, '2023-06-25 18:26:08');
INSERT INTO `member_movie_preference` (`preference_id`, `member_id`, `genre_id`, `preference_score`, `created_at`) VALUES (152, 236, 3, 0.6, '2023-10-04 23:02:08');
INSERT INTO `member_movie_preference` (`preference_id`, `member_id`, `genre_id`, `preference_score`, `created_at`) VALUES (153, 213, 3, 0.85, '2023-10-21 05:04:47');
INSERT INTO `member_movie_preference` (`preference_id`, `member_id`, `genre_id`, `preference_score`, `created_at`) VALUES (154, 209, 4, 0.82, '2023-07-22 02:58:34');
INSERT INTO `member_movie_preference` (`preference_id`, `member_id`, `genre_id`, `preference_score`, `created_at`) VALUES (155, 211, 7, 0.88, '2023-09-14 19:48:22');
INSERT INTO `member_movie_preference` (`preference_id`, `member_id`, `genre_id`, `preference_score`, `created_at`) VALUES (156, 11, 9, 0.1, '2023-01-03 09:16:26');
INSERT INTO `member_movie_preference` (`preference_id`, `member_id`, `genre_id`, `preference_score`, `created_at`) VALUES (157, 240, 9, 0.66, '2023-03-26 08:15:24');
INSERT INTO `member_movie_preference` (`preference_id`, `member_id`, `genre_id`, `preference_score`, `created_at`) VALUES (158, 176, 6, 0.49, '2023-06-16 13:35:32');
INSERT INTO `member_movie_preference` (`preference_id`, `member_id`, `genre_id`, `preference_score`, `created_at`) VALUES (159, 141, 7, 0.52, '2023-07-21 07:58:34');
INSERT INTO `member_movie_preference` (`preference_id`, `member_id`, `genre_id`, `preference_score`, `created_at`) VALUES (160, 148, 6, 0.75, '2023-12-19 03:52:29');
INSERT INTO `member_movie_preference` (`preference_id`, `member_id`, `genre_id`, `preference_score`, `created_at`) VALUES (161, 58, 8, 0.16, '2023-12-22 06:51:24');
INSERT INTO `member_movie_preference` (`preference_id`, `member_id`, `genre_id`, `preference_score`, `created_at`) VALUES (162, 184, 1, 0.89, '2023-09-16 03:55:29');
INSERT INTO `member_movie_preference` (`preference_id`, `member_id`, `genre_id`, `preference_score`, `created_at`) VALUES (163, 127, 3, 0.92, '2023-12-22 11:09:40');
INSERT INTO `member_movie_preference` (`preference_id`, `member_id`, `genre_id`, `preference_score`, `created_at`) VALUES (164, 62, 7, 0.3, '2023-04-18 19:43:56');
INSERT INTO `member_movie_preference` (`preference_id`, `member_id`, `genre_id`, `preference_score`, `created_at`) VALUES (165, 164, 2, 0.95, '2023-04-08 00:51:20');
INSERT INTO `member_movie_preference` (`preference_id`, `member_id`, `genre_id`, `preference_score`, `created_at`) VALUES (166, 5, 1, 0.3, '2023-04-17 06:45:41');
INSERT INTO `member_movie_preference` (`preference_id`, `member_id`, `genre_id`, `preference_score`, `created_at`) VALUES (167, 212, 2, 0.07, '2023-08-20 04:19:51');
INSERT INTO `member_movie_preference` (`preference_id`, `member_id`, `genre_id`, `preference_score`, `created_at`) VALUES (168, 109, 6, 0.66, '2023-01-06 21:45:23');
INSERT INTO `member_movie_preference` (`preference_id`, `member_id`, `genre_id`, `preference_score`, `created_at`) VALUES (169, 77, 6, 0.39, '2023-04-17 11:03:37');
INSERT INTO `member_movie_preference` (`preference_id`, `member_id`, `genre_id`, `preference_score`, `created_at`) VALUES (170, 110, 10, 0.59, '2023-09-02 23:07:39');
INSERT INTO `member_movie_preference` (`preference_id`, `member_id`, `genre_id`, `preference_score`, `created_at`) VALUES (171, 158, 10, 0.04, '2023-09-09 01:08:51');
INSERT INTO `member_movie_preference` (`preference_id`, `member_id`, `genre_id`, `preference_score`, `created_at`) VALUES (172, 128, 6, 0.35, '2023-05-11 17:14:35');
INSERT INTO `member_movie_preference` (`preference_id`, `member_id`, `genre_id`, `preference_score`, `created_at`) VALUES (173, 221, 7, 0.75, '2024-01-30 03:34:05');
INSERT INTO `member_movie_preference` (`preference_id`, `member_id`, `genre_id`, `preference_score`, `created_at`) VALUES (174, 109, 10, 0.62, '2023-06-29 17:51:05');
INSERT INTO `member_movie_preference` (`preference_id`, `member_id`, `genre_id`, `preference_score`, `created_at`) VALUES (175, 7, 7, 0.04, '2023-09-07 03:09:40');
INSERT INTO `member_movie_preference` (`preference_id`, `member_id`, `genre_id`, `preference_score`, `created_at`) VALUES (176, 122, 5, 0.54, '2023-02-12 08:56:03');
INSERT INTO `member_movie_preference` (`preference_id`, `member_id`, `genre_id`, `preference_score`, `created_at`) VALUES (177, 186, 2, 0.45, '2024-01-19 12:17:01');
INSERT INTO `member_movie_preference` (`preference_id`, `member_id`, `genre_id`, `preference_score`, `created_at`) VALUES (178, 62, 10, 0.98, '2023-01-18 11:45:19');
INSERT INTO `member_movie_preference` (`preference_id`, `member_id`, `genre_id`, `preference_score`, `created_at`) VALUES (179, 80, 9, 0.78, '2023-08-20 07:53:04');
INSERT INTO `member_movie_preference` (`preference_id`, `member_id`, `genre_id`, `preference_score`, `created_at`) VALUES (180, 158, 7, 0.09, '2023-12-17 04:40:27');
INSERT INTO `member_movie_preference` (`preference_id`, `member_id`, `genre_id`, `preference_score`, `created_at`) VALUES (181, 152, 1, 0.94, '2023-08-16 02:30:57');
INSERT INTO `member_movie_preference` (`preference_id`, `member_id`, `genre_id`, `preference_score`, `created_at`) VALUES (182, 129, 3, 0.46, '2023-12-23 20:34:22');
INSERT INTO `member_movie_preference` (`preference_id`, `member_id`, `genre_id`, `preference_score`, `created_at`) VALUES (183, 100, 9, 0.65, '2023-01-25 09:13:07');
INSERT INTO `member_movie_preference` (`preference_id`, `member_id`, `genre_id`, `preference_score`, `created_at`) VALUES (184, 150, 2, 0.7, '2023-09-09 06:19:55');
INSERT INTO `member_movie_preference` (`preference_id`, `member_id`, `genre_id`, `preference_score`, `created_at`) VALUES (185, 231, 8, 0.29, '2023-03-25 01:26:58');
INSERT INTO `member_movie_preference` (`preference_id`, `member_id`, `genre_id`, `preference_score`, `created_at`) VALUES (186, 75, 10, 0.33, '2023-02-26 05:38:09');
INSERT INTO `member_movie_preference` (`preference_id`, `member_id`, `genre_id`, `preference_score`, `created_at`) VALUES (187, 248, 2, 0.2, '2023-09-06 09:04:02');
INSERT INTO `member_movie_preference` (`preference_id`, `member_id`, `genre_id`, `preference_score`, `created_at`) VALUES (188, 2, 7, 0.78, '2023-12-01 06:25:51');
INSERT INTO `member_movie_preference` (`preference_id`, `member_id`, `genre_id`, `preference_score`, `created_at`) VALUES (189, 198, 7, 0.04, '2023-04-04 08:08:04');
INSERT INTO `member_movie_preference` (`preference_id`, `member_id`, `genre_id`, `preference_score`, `created_at`) VALUES (190, 88, 10, 0.85, '2023-04-28 16:11:23');
INSERT INTO `member_movie_preference` (`preference_id`, `member_id`, `genre_id`, `preference_score`, `created_at`) VALUES (191, 207, 2, 0.1, '2023-03-13 04:48:21');
INSERT INTO `member_movie_preference` (`preference_id`, `member_id`, `genre_id`, `preference_score`, `created_at`) VALUES (192, 190, 10, 0.56, '2023-08-13 18:03:50');
INSERT INTO `member_movie_preference` (`preference_id`, `member_id`, `genre_id`, `preference_score`, `created_at`) VALUES (193, 94, 7, 0.02, '2023-09-26 13:24:32');
INSERT INTO `member_movie_preference` (`preference_id`, `member_id`, `genre_id`, `preference_score`, `created_at`) VALUES (194, 163, 9, 0.11, '2023-08-31 01:13:15');
INSERT INTO `member_movie_preference` (`preference_id`, `member_id`, `genre_id`, `preference_score`, `created_at`) VALUES (195, 72, 7, 0.56, '2023-08-05 02:26:13');
INSERT INTO `member_movie_preference` (`preference_id`, `member_id`, `genre_id`, `preference_score`, `created_at`) VALUES (196, 17, 2, 0.26, '2023-12-07 13:01:16');
INSERT INTO `member_movie_preference` (`preference_id`, `member_id`, `genre_id`, `preference_score`, `created_at`) VALUES (197, 122, 7, 0.51, '2023-05-05 05:00:25');
INSERT INTO `member_movie_preference` (`preference_id`, `member_id`, `genre_id`, `preference_score`, `created_at`) VALUES (198, 31, 1, 0.16, '2023-10-20 06:48:03');
INSERT INTO `member_movie_preference` (`preference_id`, `member_id`, `genre_id`, `preference_score`, `created_at`) VALUES (199, 171, 4, 0.45, '2023-10-07 13:35:31');
INSERT INTO `member_movie_preference` (`preference_id`, `member_id`, `genre_id`, `preference_score`, `created_at`) VALUES (200, 143, 5, 0.48, '2023-12-03 06:45:15');
-- movie_similarity
INSERT INTO `movie_similarity` (`movie_id_1`, `movie_id_2`, `similarity_score`) VALUES (75, 53, 0.12);
INSERT INTO `movie_similarity` (`movie_id_1`, `movie_id_2`, `similarity_score`) VALUES (6, 30, 0.2);
INSERT INTO `movie_similarity` (`movie_id_1`, `movie_id_2`, `similarity_score`) VALUES (39, 18, 0.75);
INSERT INTO `movie_similarity` (`movie_id_1`, `movie_id_2`, `similarity_score`) VALUES (51, 2, 0.37);
INSERT INTO `movie_similarity` (`movie_id_1`, `movie_id_2`, `similarity_score`) VALUES (66, 2, 0.11);
INSERT INTO `movie_similarity` (`movie_id_1`, `movie_id_2`, `similarity_score`) VALUES (35, 75, 0.53);
INSERT INTO `movie_similarity` (`movie_id_1`, `movie_id_2`, `similarity_score`) VALUES (41, 32, 0.86);
INSERT INTO `movie_similarity` (`movie_id_1`, `movie_id_2`, `similarity_score`) VALUES (28, 25, 0.66);
INSERT INTO `movie_similarity` (`movie_id_1`, `movie_id_2`, `similarity_score`) VALUES (28, 13, 0.17);
INSERT INTO `movie_similarity` (`movie_id_1`, `movie_id_2`, `similarity_score`) VALUES (71, 70, 0.86);
INSERT INTO `movie_similarity` (`movie_id_1`, `movie_id_2`, `similarity_score`) VALUES (10, 19, 0.67);
INSERT INTO `movie_similarity` (`movie_id_1`, `movie_id_2`, `similarity_score`) VALUES (66, 19, 0.86);
INSERT INTO `movie_similarity` (`movie_id_1`, `movie_id_2`, `similarity_score`) VALUES (9, 62, 0.51);
INSERT INTO `movie_similarity` (`movie_id_1`, `movie_id_2`, `similarity_score`) VALUES (10, 73, 0.16);
INSERT INTO `movie_similarity` (`movie_id_1`, `movie_id_2`, `similarity_score`) VALUES (53, 47, 0.94);
INSERT INTO `movie_similarity` (`movie_id_1`, `movie_id_2`, `similarity_score`) VALUES (34, 53, 0.06);
INSERT INTO `movie_similarity` (`movie_id_1`, `movie_id_2`, `similarity_score`) VALUES (56, 6, 0.87);
INSERT INTO `movie_similarity` (`movie_id_1`, `movie_id_2`, `similarity_score`) VALUES (51, 4, 0.19);
INSERT INTO `movie_similarity` (`movie_id_1`, `movie_id_2`, `similarity_score`) VALUES (48, 51, 0.45);
INSERT INTO `movie_similarity` (`movie_id_1`, `movie_id_2`, `similarity_score`) VALUES (29, 17, 0.48);
INSERT INTO `movie_similarity` (`movie_id_1`, `movie_id_2`, `similarity_score`) VALUES (66, 53, 0.65);
INSERT INTO `movie_similarity` (`movie_id_1`, `movie_id_2`, `similarity_score`) VALUES (21, 31, 0.6);
INSERT INTO `movie_similarity` (`movie_id_1`, `movie_id_2`, `similarity_score`) VALUES (37, 64, 0.77);
INSERT INTO `movie_similarity` (`movie_id_1`, `movie_id_2`, `similarity_score`) VALUES (56, 77, 0.03);
INSERT INTO `movie_similarity` (`movie_id_1`, `movie_id_2`, `similarity_score`) VALUES (9, 72, 0.08);
INSERT INTO `movie_similarity` (`movie_id_1`, `movie_id_2`, `similarity_score`) VALUES (19, 6, 0.37);
INSERT INTO `movie_similarity` (`movie_id_1`, `movie_id_2`, `similarity_score`) VALUES (51, 36, 0.46);
INSERT INTO `movie_similarity` (`movie_id_1`, `movie_id_2`, `similarity_score`) VALUES (44, 39, 0.84);
INSERT INTO `movie_similarity` (`movie_id_1`, `movie_id_2`, `similarity_score`) VALUES (78, 42, 0.92);
INSERT INTO `movie_similarity` (`movie_id_1`, `movie_id_2`, `similarity_score`) VALUES (61, 66, 0.49);
INSERT INTO `movie_similarity` (`movie_id_1`, `movie_id_2`, `similarity_score`) VALUES (76, 72, 0.92);
INSERT INTO `movie_similarity` (`movie_id_1`, `movie_id_2`, `similarity_score`) VALUES (78, 77, 0.66);
INSERT INTO `movie_similarity` (`movie_id_1`, `movie_id_2`, `similarity_score`) VALUES (74, 18, 0.47);
INSERT INTO `movie_similarity` (`movie_id_1`, `movie_id_2`, `similarity_score`) VALUES (12, 63, 0.98);
INSERT INTO `movie_similarity` (`movie_id_1`, `movie_id_2`, `similarity_score`) VALUES (69, 67, 0.62);
INSERT INTO `movie_similarity` (`movie_id_1`, `movie_id_2`, `similarity_score`) VALUES (9, 33, 0.63);
INSERT INTO `movie_similarity` (`movie_id_1`, `movie_id_2`, `similarity_score`) VALUES (35, 37, 0.59);
INSERT INTO `movie_similarity` (`movie_id_1`, `movie_id_2`, `similarity_score`) VALUES (30, 41, 0.93);
INSERT INTO `movie_similarity` (`movie_id_1`, `movie_id_2`, `similarity_score`) VALUES (42, 31, 0.57);
INSERT INTO `movie_similarity` (`movie_id_1`, `movie_id_2`, `similarity_score`) VALUES (45, 40, 0.19);
INSERT INTO `movie_similarity` (`movie_id_1`, `movie_id_2`, `similarity_score`) VALUES (43, 67, 0.68);
INSERT INTO `movie_similarity` (`movie_id_1`, `movie_id_2`, `similarity_score`) VALUES (36, 34, 0.6);
INSERT INTO `movie_similarity` (`movie_id_1`, `movie_id_2`, `similarity_score`) VALUES (25, 79, 0.89);
INSERT INTO `movie_similarity` (`movie_id_1`, `movie_id_2`, `similarity_score`) VALUES (18, 38, 0.19);
INSERT INTO `movie_similarity` (`movie_id_1`, `movie_id_2`, `similarity_score`) VALUES (47, 70, 0.55);
INSERT INTO `movie_similarity` (`movie_id_1`, `movie_id_2`, `similarity_score`) VALUES (27, 60, 0.58);
INSERT INTO `movie_similarity` (`movie_id_1`, `movie_id_2`, `similarity_score`) VALUES (23, 16, 0.72);
INSERT INTO `movie_similarity` (`movie_id_1`, `movie_id_2`, `similarity_score`) VALUES (38, 32, 0.21);
INSERT INTO `movie_similarity` (`movie_id_1`, `movie_id_2`, `similarity_score`) VALUES (44, 24, 0.89);
INSERT INTO `movie_similarity` (`movie_id_1`, `movie_id_2`, `similarity_score`) VALUES (64, 48, 0.25);
INSERT INTO `movie_similarity` (`movie_id_1`, `movie_id_2`, `similarity_score`) VALUES (62, 35, 0.93);
INSERT INTO `movie_similarity` (`movie_id_1`, `movie_id_2`, `similarity_score`) VALUES (59, 69, 0.34);
INSERT INTO `movie_similarity` (`movie_id_1`, `movie_id_2`, `similarity_score`) VALUES (33, 78, 0.07);
INSERT INTO `movie_similarity` (`movie_id_1`, `movie_id_2`, `similarity_score`) VALUES (16, 49, 0.81);
INSERT INTO `movie_similarity` (`movie_id_1`, `movie_id_2`, `similarity_score`) VALUES (51, 1, 0.07);
INSERT INTO `movie_similarity` (`movie_id_1`, `movie_id_2`, `similarity_score`) VALUES (33, 64, 0.45);
INSERT INTO `movie_similarity` (`movie_id_1`, `movie_id_2`, `similarity_score`) VALUES (71, 75, 0.82);
INSERT INTO `movie_similarity` (`movie_id_1`, `movie_id_2`, `similarity_score`) VALUES (66, 73, 0.42);
INSERT INTO `movie_similarity` (`movie_id_1`, `movie_id_2`, `similarity_score`) VALUES (35, 7, 0.98);
INSERT INTO `movie_similarity` (`movie_id_1`, `movie_id_2`, `similarity_score`) VALUES (63, 77, 0.11);
INSERT INTO `movie_similarity` (`movie_id_1`, `movie_id_2`, `similarity_score`) VALUES (56, 50, 0.31);
INSERT INTO `movie_similarity` (`movie_id_1`, `movie_id_2`, `similarity_score`) VALUES (18, 24, 0.12);
INSERT INTO `movie_similarity` (`movie_id_1`, `movie_id_2`, `similarity_score`) VALUES (7, 6, 0.85);
INSERT INTO `movie_similarity` (`movie_id_1`, `movie_id_2`, `similarity_score`) VALUES (36, 14, 0.55);
INSERT INTO `movie_similarity` (`movie_id_1`, `movie_id_2`, `similarity_score`) VALUES (35, 17, 0.78);
INSERT INTO `movie_similarity` (`movie_id_1`, `movie_id_2`, `similarity_score`) VALUES (55, 27, 0.04);
INSERT INTO `movie_similarity` (`movie_id_1`, `movie_id_2`, `similarity_score`) VALUES (73, 8, 0.01);
INSERT INTO `movie_similarity` (`movie_id_1`, `movie_id_2`, `similarity_score`) VALUES (44, 80, 0.72);
INSERT INTO `movie_similarity` (`movie_id_1`, `movie_id_2`, `similarity_score`) VALUES (37, 56, 0.24);
INSERT INTO `movie_similarity` (`movie_id_1`, `movie_id_2`, `similarity_score`) VALUES (29, 80, 0.6);
INSERT INTO `movie_similarity` (`movie_id_1`, `movie_id_2`, `similarity_score`) VALUES (35, 71, 0.35);
INSERT INTO `movie_similarity` (`movie_id_1`, `movie_id_2`, `similarity_score`) VALUES (31, 20, 0.02);
INSERT INTO `movie_similarity` (`movie_id_1`, `movie_id_2`, `similarity_score`) VALUES (75, 41, 0.76);
INSERT INTO `movie_similarity` (`movie_id_1`, `movie_id_2`, `similarity_score`) VALUES (22, 50, 0.2);
INSERT INTO `movie_similarity` (`movie_id_1`, `movie_id_2`, `similarity_score`) VALUES (79, 3, 0.95);
INSERT INTO `movie_similarity` (`movie_id_1`, `movie_id_2`, `similarity_score`) VALUES (12, 74, 0.74);
INSERT INTO `movie_similarity` (`movie_id_1`, `movie_id_2`, `similarity_score`) VALUES (35, 63, 0.12);
INSERT INTO `movie_similarity` (`movie_id_1`, `movie_id_2`, `similarity_score`) VALUES (32, 53, 0.22);
INSERT INTO `movie_similarity` (`movie_id_1`, `movie_id_2`, `similarity_score`) VALUES (59, 79, 0.17);
INSERT INTO `movie_similarity` (`movie_id_1`, `movie_id_2`, `similarity_score`) VALUES (23, 29, 0.28);
INSERT INTO `movie_similarity` (`movie_id_1`, `movie_id_2`, `similarity_score`) VALUES (1, 31, 0.67);
INSERT INTO `movie_similarity` (`movie_id_1`, `movie_id_2`, `similarity_score`) VALUES (56, 75, 0.86);
INSERT INTO `movie_similarity` (`movie_id_1`, `movie_id_2`, `similarity_score`) VALUES (50, 58, 0.21);
INSERT INTO `movie_similarity` (`movie_id_1`, `movie_id_2`, `similarity_score`) VALUES (13, 11, 0.41);
INSERT INTO `movie_similarity` (`movie_id_1`, `movie_id_2`, `similarity_score`) VALUES (20, 50, 0.85);
INSERT INTO `movie_similarity` (`movie_id_1`, `movie_id_2`, `similarity_score`) VALUES (49, 3, 0.54);
INSERT INTO `movie_similarity` (`movie_id_1`, `movie_id_2`, `similarity_score`) VALUES (35, 27, 0.88);
INSERT INTO `movie_similarity` (`movie_id_1`, `movie_id_2`, `similarity_score`) VALUES (63, 56, 0.79);
INSERT INTO `movie_similarity` (`movie_id_1`, `movie_id_2`, `similarity_score`) VALUES (68, 44, 0.32);
INSERT INTO `movie_similarity` (`movie_id_1`, `movie_id_2`, `similarity_score`) VALUES (64, 65, 0.62);
INSERT INTO `movie_similarity` (`movie_id_1`, `movie_id_2`, `similarity_score`) VALUES (57, 78, 0.21);
INSERT INTO `movie_similarity` (`movie_id_1`, `movie_id_2`, `similarity_score`) VALUES (19, 10, 0.6);
INSERT INTO `movie_similarity` (`movie_id_1`, `movie_id_2`, `similarity_score`) VALUES (49, 22, 0.79);
INSERT INTO `movie_similarity` (`movie_id_1`, `movie_id_2`, `similarity_score`) VALUES (27, 28, 0.31);
INSERT INTO `movie_similarity` (`movie_id_1`, `movie_id_2`, `similarity_score`) VALUES (52, 36, 0.25);
INSERT INTO `movie_similarity` (`movie_id_1`, `movie_id_2`, `similarity_score`) VALUES (38, 30, 0.38);
INSERT INTO `movie_similarity` (`movie_id_1`, `movie_id_2`, `similarity_score`) VALUES (61, 4, 0.69);
INSERT INTO `movie_similarity` (`movie_id_1`, `movie_id_2`, `similarity_score`) VALUES (73, 32, 0.65);
INSERT INTO `movie_similarity` (`movie_id_1`, `movie_id_2`, `similarity_score`) VALUES (9, 58, 0.71);
INSERT INTO `movie_similarity` (`movie_id_1`, `movie_id_2`, `similarity_score`) VALUES (3, 50, 0.57);
INSERT INTO `movie_similarity` (`movie_id_1`, `movie_id_2`, `similarity_score`) VALUES (47, 49, 0.02);
INSERT INTO `movie_similarity` (`movie_id_1`, `movie_id_2`, `similarity_score`) VALUES (56, 58, 0.91);
INSERT INTO `movie_similarity` (`movie_id_1`, `movie_id_2`, `similarity_score`) VALUES (12, 56, 0.25);
INSERT INTO `movie_similarity` (`movie_id_1`, `movie_id_2`, `similarity_score`) VALUES (30, 35, 0.37);
INSERT INTO `movie_similarity` (`movie_id_1`, `movie_id_2`, `similarity_score`) VALUES (34, 62, 0.16);
INSERT INTO `movie_similarity` (`movie_id_1`, `movie_id_2`, `similarity_score`) VALUES (29, 75, 0.65);
INSERT INTO `movie_similarity` (`movie_id_1`, `movie_id_2`, `similarity_score`) VALUES (77, 68, 0.81);
INSERT INTO `movie_similarity` (`movie_id_1`, `movie_id_2`, `similarity_score`) VALUES (5, 49, 0.36);
INSERT INTO `movie_similarity` (`movie_id_1`, `movie_id_2`, `similarity_score`) VALUES (30, 12, 0.71);
INSERT INTO `movie_similarity` (`movie_id_1`, `movie_id_2`, `similarity_score`) VALUES (21, 12, 0.62);
INSERT INTO `movie_similarity` (`movie_id_1`, `movie_id_2`, `similarity_score`) VALUES (71, 7, 0.25);
INSERT INTO `movie_similarity` (`movie_id_1`, `movie_id_2`, `similarity_score`) VALUES (68, 33, 0.45);
INSERT INTO `movie_similarity` (`movie_id_1`, `movie_id_2`, `similarity_score`) VALUES (38, 19, 0.86);
INSERT INTO `movie_similarity` (`movie_id_1`, `movie_id_2`, `similarity_score`) VALUES (36, 24, 0.23);
INSERT INTO `movie_similarity` (`movie_id_1`, `movie_id_2`, `similarity_score`) VALUES (40, 22, 0.52);
INSERT INTO `movie_similarity` (`movie_id_1`, `movie_id_2`, `similarity_score`) VALUES (80, 7, 0.57);
INSERT INTO `movie_similarity` (`movie_id_1`, `movie_id_2`, `similarity_score`) VALUES (23, 37, 0.55);
INSERT INTO `movie_similarity` (`movie_id_1`, `movie_id_2`, `similarity_score`) VALUES (55, 22, 0.24);
INSERT INTO `movie_similarity` (`movie_id_1`, `movie_id_2`, `similarity_score`) VALUES (26, 78, 0.71);
INSERT INTO `movie_similarity` (`movie_id_1`, `movie_id_2`, `similarity_score`) VALUES (9, 13, 0.27);
INSERT INTO `movie_similarity` (`movie_id_1`, `movie_id_2`, `similarity_score`) VALUES (23, 69, 0.12);
INSERT INTO `movie_similarity` (`movie_id_1`, `movie_id_2`, `similarity_score`) VALUES (60, 71, 0.76);
INSERT INTO `movie_similarity` (`movie_id_1`, `movie_id_2`, `similarity_score`) VALUES (23, 20, 0.53);
INSERT INTO `movie_similarity` (`movie_id_1`, `movie_id_2`, `similarity_score`) VALUES (24, 32, 0.79);
INSERT INTO `movie_similarity` (`movie_id_1`, `movie_id_2`, `similarity_score`) VALUES (42, 22, 0.77);
INSERT INTO `movie_similarity` (`movie_id_1`, `movie_id_2`, `similarity_score`) VALUES (66, 3, 0.5);
INSERT INTO `movie_similarity` (`movie_id_1`, `movie_id_2`, `similarity_score`) VALUES (8, 51, 0.13);
INSERT INTO `movie_similarity` (`movie_id_1`, `movie_id_2`, `similarity_score`) VALUES (7, 61, 0.16);
INSERT INTO `movie_similarity` (`movie_id_1`, `movie_id_2`, `similarity_score`) VALUES (17, 31, 0.86);
INSERT INTO `movie_similarity` (`movie_id_1`, `movie_id_2`, `similarity_score`) VALUES (48, 74, 0.78);
INSERT INTO `movie_similarity` (`movie_id_1`, `movie_id_2`, `similarity_score`) VALUES (60, 32, 0.45);
INSERT INTO `movie_similarity` (`movie_id_1`, `movie_id_2`, `similarity_score`) VALUES (15, 32, 0.16);
INSERT INTO `movie_similarity` (`movie_id_1`, `movie_id_2`, `similarity_score`) VALUES (78, 6, 0.07);
INSERT INTO `movie_similarity` (`movie_id_1`, `movie_id_2`, `similarity_score`) VALUES (49, 18, 0.0);
INSERT INTO `movie_similarity` (`movie_id_1`, `movie_id_2`, `similarity_score`) VALUES (59, 68, 0.8);
INSERT INTO `movie_similarity` (`movie_id_1`, `movie_id_2`, `similarity_score`) VALUES (51, 71, 0.54);
INSERT INTO `movie_similarity` (`movie_id_1`, `movie_id_2`, `similarity_score`) VALUES (52, 68, 0.47);
INSERT INTO `movie_similarity` (`movie_id_1`, `movie_id_2`, `similarity_score`) VALUES (67, 46, 0.79);
INSERT INTO `movie_similarity` (`movie_id_1`, `movie_id_2`, `similarity_score`) VALUES (74, 52, 0.75);
INSERT INTO `movie_similarity` (`movie_id_1`, `movie_id_2`, `similarity_score`) VALUES (68, 53, 0.17);
INSERT INTO `movie_similarity` (`movie_id_1`, `movie_id_2`, `similarity_score`) VALUES (64, 17, 0.8);
INSERT INTO `movie_similarity` (`movie_id_1`, `movie_id_2`, `similarity_score`) VALUES (27, 10, 0.6);
INSERT INTO `movie_similarity` (`movie_id_1`, `movie_id_2`, `similarity_score`) VALUES (48, 39, 0.12);
INSERT INTO `movie_similarity` (`movie_id_1`, `movie_id_2`, `similarity_score`) VALUES (53, 49, 0.38);
INSERT INTO `movie_similarity` (`movie_id_1`, `movie_id_2`, `similarity_score`) VALUES (48, 4, 0.31);
INSERT INTO `movie_similarity` (`movie_id_1`, `movie_id_2`, `similarity_score`) VALUES (26, 3, 0.22);
INSERT INTO `movie_similarity` (`movie_id_1`, `movie_id_2`, `similarity_score`) VALUES (19, 58, 0.87);
INSERT INTO `movie_similarity` (`movie_id_1`, `movie_id_2`, `similarity_score`) VALUES (18, 39, 0.4);
INSERT INTO `movie_similarity` (`movie_id_1`, `movie_id_2`, `similarity_score`) VALUES (19, 3, 0.9);
INSERT INTO `movie_similarity` (`movie_id_1`, `movie_id_2`, `similarity_score`) VALUES (57, 33, 0.49);
-- recommendation
INSERT INTO `recommendation` (`recommendation_id`, `member_id`, `movie_id`, `rank_score`, `generated_at`) VALUES (1, 120, 60, 0.37, '2023-02-22 16:52:05');
INSERT INTO `recommendation` (`recommendation_id`, `member_id`, `movie_id`, `rank_score`, `generated_at`) VALUES (2, 34, 54, 0.96, '2023-03-04 05:17:55');
INSERT INTO `recommendation` (`recommendation_id`, `member_id`, `movie_id`, `rank_score`, `generated_at`) VALUES (3, 230, 13, 0.3, '2023-01-14 12:45:47');
INSERT INTO `recommendation` (`recommendation_id`, `member_id`, `movie_id`, `rank_score`, `generated_at`) VALUES (4, 120, 50, 0.89, '2023-04-21 02:50:39');
INSERT INTO `recommendation` (`recommendation_id`, `member_id`, `movie_id`, `rank_score`, `generated_at`) VALUES (5, 154, 38, 0.35, '2023-05-12 20:05:00');
INSERT INTO `recommendation` (`recommendation_id`, `member_id`, `movie_id`, `rank_score`, `generated_at`) VALUES (6, 123, 6, 0.93, '2023-05-03 02:28:00');
INSERT INTO `recommendation` (`recommendation_id`, `member_id`, `movie_id`, `rank_score`, `generated_at`) VALUES (7, 91, 43, 0.19, '2023-05-10 06:02:30');
INSERT INTO `recommendation` (`recommendation_id`, `member_id`, `movie_id`, `rank_score`, `generated_at`) VALUES (8, 3, 13, 0.15, '2023-07-02 20:26:48');
INSERT INTO `recommendation` (`recommendation_id`, `member_id`, `movie_id`, `rank_score`, `generated_at`) VALUES (9, 70, 8, 0.02, '2023-02-25 22:57:43');
INSERT INTO `recommendation` (`recommendation_id`, `member_id`, `movie_id`, `rank_score`, `generated_at`) VALUES (10, 134, 48, 0.02, '2023-04-14 12:09:43');
INSERT INTO `recommendation` (`recommendation_id`, `member_id`, `movie_id`, `rank_score`, `generated_at`) VALUES (11, 205, 79, 0.46, '2023-06-09 11:53:20');
INSERT INTO `recommendation` (`recommendation_id`, `member_id`, `movie_id`, `rank_score`, `generated_at`) VALUES (12, 73, 48, 0.05, '2023-05-13 21:19:18');
INSERT INTO `recommendation` (`recommendation_id`, `member_id`, `movie_id`, `rank_score`, `generated_at`) VALUES (13, 32, 57, 0.76, '2023-04-21 18:42:47');
INSERT INTO `recommendation` (`recommendation_id`, `member_id`, `movie_id`, `rank_score`, `generated_at`) VALUES (14, 10, 71, 0.73, '2023-05-25 18:25:15');
INSERT INTO `recommendation` (`recommendation_id`, `member_id`, `movie_id`, `rank_score`, `generated_at`) VALUES (15, 18, 20, 0.93, '2023-04-07 12:01:13');
INSERT INTO `recommendation` (`recommendation_id`, `member_id`, `movie_id`, `rank_score`, `generated_at`) VALUES (16, 170, 57, 0.73, '2023-06-12 09:43:30');
INSERT INTO `recommendation` (`recommendation_id`, `member_id`, `movie_id`, `rank_score`, `generated_at`) VALUES (17, 37, 19, 0.76, '2023-02-20 03:23:34');
INSERT INTO `recommendation` (`recommendation_id`, `member_id`, `movie_id`, `rank_score`, `generated_at`) VALUES (18, 158, 50, 0.28, '2023-02-26 01:31:30');
INSERT INTO `recommendation` (`recommendation_id`, `member_id`, `movie_id`, `rank_score`, `generated_at`) VALUES (19, 12, 39, 0.01, '2023-02-04 07:04:52');
INSERT INTO `recommendation` (`recommendation_id`, `member_id`, `movie_id`, `rank_score`, `generated_at`) VALUES (20, 108, 73, 0.19, '2023-02-08 15:32:36');
INSERT INTO `recommendation` (`recommendation_id`, `member_id`, `movie_id`, `rank_score`, `generated_at`) VALUES (21, 141, 73, 0.26, '2023-02-23 00:01:14');
INSERT INTO `recommendation` (`recommendation_id`, `member_id`, `movie_id`, `rank_score`, `generated_at`) VALUES (22, 17, 21, 0.86, '2023-03-09 17:34:23');
INSERT INTO `recommendation` (`recommendation_id`, `member_id`, `movie_id`, `rank_score`, `generated_at`) VALUES (23, 202, 9, 0.22, '2023-02-12 17:58:01');
INSERT INTO `recommendation` (`recommendation_id`, `member_id`, `movie_id`, `rank_score`, `generated_at`) VALUES (24, 30, 11, 0.67, '2023-03-29 22:27:24');
INSERT INTO `recommendation` (`recommendation_id`, `member_id`, `movie_id`, `rank_score`, `generated_at`) VALUES (25, 187, 48, 0.85, '2023-03-08 21:00:34');
INSERT INTO `recommendation` (`recommendation_id`, `member_id`, `movie_id`, `rank_score`, `generated_at`) VALUES (26, 143, 71, 0.89, '2023-07-09 12:02:12');
INSERT INTO `recommendation` (`recommendation_id`, `member_id`, `movie_id`, `rank_score`, `generated_at`) VALUES (27, 162, 42, 0.53, '2023-06-20 21:28:23');
INSERT INTO `recommendation` (`recommendation_id`, `member_id`, `movie_id`, `rank_score`, `generated_at`) VALUES (28, 134, 36, 0.81, '2023-07-19 08:55:51');
INSERT INTO `recommendation` (`recommendation_id`, `member_id`, `movie_id`, `rank_score`, `generated_at`) VALUES (29, 58, 3, 0.43, '2023-03-11 11:56:51');
INSERT INTO `recommendation` (`recommendation_id`, `member_id`, `movie_id`, `rank_score`, `generated_at`) VALUES (30, 241, 66, 0.3, '2023-07-05 14:44:06');
INSERT INTO `recommendation` (`recommendation_id`, `member_id`, `movie_id`, `rank_score`, `generated_at`) VALUES (31, 14, 76, 0.3, '2023-03-07 03:52:38');
INSERT INTO `recommendation` (`recommendation_id`, `member_id`, `movie_id`, `rank_score`, `generated_at`) VALUES (32, 211, 19, 0.56, '2023-07-20 07:58:18');
INSERT INTO `recommendation` (`recommendation_id`, `member_id`, `movie_id`, `rank_score`, `generated_at`) VALUES (33, 226, 32, 0.46, '2023-02-09 03:35:23');
INSERT INTO `recommendation` (`recommendation_id`, `member_id`, `movie_id`, `rank_score`, `generated_at`) VALUES (34, 179, 70, 0.51, '2023-04-16 14:33:29');
INSERT INTO `recommendation` (`recommendation_id`, `member_id`, `movie_id`, `rank_score`, `generated_at`) VALUES (35, 108, 73, 0.33, '2023-01-21 08:49:44');
INSERT INTO `recommendation` (`recommendation_id`, `member_id`, `movie_id`, `rank_score`, `generated_at`) VALUES (36, 42, 80, 0.48, '2023-06-19 02:24:52');
INSERT INTO `recommendation` (`recommendation_id`, `member_id`, `movie_id`, `rank_score`, `generated_at`) VALUES (37, 199, 41, 0.93, '2023-01-15 15:51:38');
INSERT INTO `recommendation` (`recommendation_id`, `member_id`, `movie_id`, `rank_score`, `generated_at`) VALUES (38, 104, 56, 0.15, '2023-05-02 01:06:50');
INSERT INTO `recommendation` (`recommendation_id`, `member_id`, `movie_id`, `rank_score`, `generated_at`) VALUES (39, 86, 48, 0.12, '2023-03-02 17:42:49');
INSERT INTO `recommendation` (`recommendation_id`, `member_id`, `movie_id`, `rank_score`, `generated_at`) VALUES (40, 226, 63, 0.93, '2023-04-12 21:25:25');
INSERT INTO `recommendation` (`recommendation_id`, `member_id`, `movie_id`, `rank_score`, `generated_at`) VALUES (41, 55, 52, 0.43, '2023-03-02 10:25:47');
INSERT INTO `recommendation` (`recommendation_id`, `member_id`, `movie_id`, `rank_score`, `generated_at`) VALUES (42, 63, 79, 0.8, '2023-03-28 05:47:45');
INSERT INTO `recommendation` (`recommendation_id`, `member_id`, `movie_id`, `rank_score`, `generated_at`) VALUES (43, 154, 42, 0.59, '2023-01-22 03:39:53');
INSERT INTO `recommendation` (`recommendation_id`, `member_id`, `movie_id`, `rank_score`, `generated_at`) VALUES (44, 22, 11, 0.8, '2023-01-03 05:27:46');
INSERT INTO `recommendation` (`recommendation_id`, `member_id`, `movie_id`, `rank_score`, `generated_at`) VALUES (45, 139, 55, 0.49, '2023-01-24 23:35:30');
INSERT INTO `recommendation` (`recommendation_id`, `member_id`, `movie_id`, `rank_score`, `generated_at`) VALUES (46, 39, 7, 0.0, '2023-02-15 01:11:24');
INSERT INTO `recommendation` (`recommendation_id`, `member_id`, `movie_id`, `rank_score`, `generated_at`) VALUES (47, 35, 38, 0.98, '2023-04-04 13:00:25');
INSERT INTO `recommendation` (`recommendation_id`, `member_id`, `movie_id`, `rank_score`, `generated_at`) VALUES (48, 171, 74, 0.09, '2023-02-12 11:16:41');
INSERT INTO `recommendation` (`recommendation_id`, `member_id`, `movie_id`, `rank_score`, `generated_at`) VALUES (49, 85, 13, 0.04, '2023-05-30 02:59:53');
INSERT INTO `recommendation` (`recommendation_id`, `member_id`, `movie_id`, `rank_score`, `generated_at`) VALUES (50, 11, 79, 0.0, '2023-02-19 06:11:13');
INSERT INTO `recommendation` (`recommendation_id`, `member_id`, `movie_id`, `rank_score`, `generated_at`) VALUES (51, 230, 51, 0.82, '2023-05-06 03:54:55');
INSERT INTO `recommendation` (`recommendation_id`, `member_id`, `movie_id`, `rank_score`, `generated_at`) VALUES (52, 69, 76, 0.29, '2023-05-15 02:36:35');
INSERT INTO `recommendation` (`recommendation_id`, `member_id`, `movie_id`, `rank_score`, `generated_at`) VALUES (53, 213, 79, 0.28, '2023-01-17 16:49:59');
INSERT INTO `recommendation` (`recommendation_id`, `member_id`, `movie_id`, `rank_score`, `generated_at`) VALUES (54, 156, 34, 0.16, '2023-07-18 18:44:47');
INSERT INTO `recommendation` (`recommendation_id`, `member_id`, `movie_id`, `rank_score`, `generated_at`) VALUES (55, 25, 64, 0.61, '2023-06-26 10:19:44');
INSERT INTO `recommendation` (`recommendation_id`, `member_id`, `movie_id`, `rank_score`, `generated_at`) VALUES (56, 9, 51, 0.85, '2023-06-20 05:55:39');
INSERT INTO `recommendation` (`recommendation_id`, `member_id`, `movie_id`, `rank_score`, `generated_at`) VALUES (57, 178, 61, 0.81, '2023-04-02 18:31:39');
INSERT INTO `recommendation` (`recommendation_id`, `member_id`, `movie_id`, `rank_score`, `generated_at`) VALUES (58, 79, 38, 0.65, '2023-04-13 15:13:04');
INSERT INTO `recommendation` (`recommendation_id`, `member_id`, `movie_id`, `rank_score`, `generated_at`) VALUES (59, 207, 31, 0.79, '2023-03-21 11:53:29');
INSERT INTO `recommendation` (`recommendation_id`, `member_id`, `movie_id`, `rank_score`, `generated_at`) VALUES (60, 54, 31, 0.46, '2023-06-30 05:39:04');
INSERT INTO `recommendation` (`recommendation_id`, `member_id`, `movie_id`, `rank_score`, `generated_at`) VALUES (61, 10, 11, 0.06, '2023-01-31 05:22:36');
INSERT INTO `recommendation` (`recommendation_id`, `member_id`, `movie_id`, `rank_score`, `generated_at`) VALUES (62, 28, 58, 0.13, '2023-07-05 02:40:26');
INSERT INTO `recommendation` (`recommendation_id`, `member_id`, `movie_id`, `rank_score`, `generated_at`) VALUES (63, 73, 43, 0.69, '2023-05-29 08:42:39');
INSERT INTO `recommendation` (`recommendation_id`, `member_id`, `movie_id`, `rank_score`, `generated_at`) VALUES (64, 184, 62, 0.44, '2023-02-01 23:27:31');
INSERT INTO `recommendation` (`recommendation_id`, `member_id`, `movie_id`, `rank_score`, `generated_at`) VALUES (65, 172, 71, 0.73, '2023-03-19 07:38:15');
INSERT INTO `recommendation` (`recommendation_id`, `member_id`, `movie_id`, `rank_score`, `generated_at`) VALUES (66, 230, 61, 0.66, '2023-04-04 05:41:56');
INSERT INTO `recommendation` (`recommendation_id`, `member_id`, `movie_id`, `rank_score`, `generated_at`) VALUES (67, 101, 25, 0.35, '2023-01-13 01:08:32');
INSERT INTO `recommendation` (`recommendation_id`, `member_id`, `movie_id`, `rank_score`, `generated_at`) VALUES (68, 216, 33, 0.39, '2023-05-08 16:52:32');
INSERT INTO `recommendation` (`recommendation_id`, `member_id`, `movie_id`, `rank_score`, `generated_at`) VALUES (69, 169, 51, 0.78, '2023-03-24 16:22:11');
INSERT INTO `recommendation` (`recommendation_id`, `member_id`, `movie_id`, `rank_score`, `generated_at`) VALUES (70, 35, 42, 0.75, '2023-07-01 15:22:38');
INSERT INTO `recommendation` (`recommendation_id`, `member_id`, `movie_id`, `rank_score`, `generated_at`) VALUES (71, 169, 41, 0.96, '2023-07-12 20:37:41');
INSERT INTO `recommendation` (`recommendation_id`, `member_id`, `movie_id`, `rank_score`, `generated_at`) VALUES (72, 223, 24, 0.01, '2023-07-20 05:58:39');
INSERT INTO `recommendation` (`recommendation_id`, `member_id`, `movie_id`, `rank_score`, `generated_at`) VALUES (73, 245, 33, 0.42, '2023-05-05 12:10:50');
INSERT INTO `recommendation` (`recommendation_id`, `member_id`, `movie_id`, `rank_score`, `generated_at`) VALUES (74, 38, 6, 0.88, '2023-03-03 18:40:11');
INSERT INTO `recommendation` (`recommendation_id`, `member_id`, `movie_id`, `rank_score`, `generated_at`) VALUES (75, 155, 64, 0.96, '2023-02-21 06:34:20');
INSERT INTO `recommendation` (`recommendation_id`, `member_id`, `movie_id`, `rank_score`, `generated_at`) VALUES (76, 107, 5, 0.77, '2023-06-11 13:08:01');
INSERT INTO `recommendation` (`recommendation_id`, `member_id`, `movie_id`, `rank_score`, `generated_at`) VALUES (77, 183, 44, 0.8, '2023-04-06 12:16:34');
INSERT INTO `recommendation` (`recommendation_id`, `member_id`, `movie_id`, `rank_score`, `generated_at`) VALUES (78, 1, 14, 0.48, '2023-05-09 07:20:38');
INSERT INTO `recommendation` (`recommendation_id`, `member_id`, `movie_id`, `rank_score`, `generated_at`) VALUES (79, 55, 19, 0.33, '2023-06-18 18:23:08');
INSERT INTO `recommendation` (`recommendation_id`, `member_id`, `movie_id`, `rank_score`, `generated_at`) VALUES (80, 71, 68, 0.39, '2023-05-16 21:29:56');
INSERT INTO `recommendation` (`recommendation_id`, `member_id`, `movie_id`, `rank_score`, `generated_at`) VALUES (81, 157, 79, 0.2, '2023-07-17 01:26:07');
INSERT INTO `recommendation` (`recommendation_id`, `member_id`, `movie_id`, `rank_score`, `generated_at`) VALUES (82, 117, 76, 0.55, '2023-05-18 16:37:06');
INSERT INTO `recommendation` (`recommendation_id`, `member_id`, `movie_id`, `rank_score`, `generated_at`) VALUES (83, 12, 37, 0.33, '2023-04-15 21:27:23');
INSERT INTO `recommendation` (`recommendation_id`, `member_id`, `movie_id`, `rank_score`, `generated_at`) VALUES (84, 161, 9, 0.47, '2023-04-17 16:52:37');
INSERT INTO `recommendation` (`recommendation_id`, `member_id`, `movie_id`, `rank_score`, `generated_at`) VALUES (85, 235, 78, 0.57, '2023-03-22 21:30:49');
INSERT INTO `recommendation` (`recommendation_id`, `member_id`, `movie_id`, `rank_score`, `generated_at`) VALUES (86, 58, 58, 0.26, '2023-06-16 01:24:33');
INSERT INTO `recommendation` (`recommendation_id`, `member_id`, `movie_id`, `rank_score`, `generated_at`) VALUES (87, 210, 30, 0.67, '2023-05-29 09:15:10');
INSERT INTO `recommendation` (`recommendation_id`, `member_id`, `movie_id`, `rank_score`, `generated_at`) VALUES (88, 102, 34, 0.0, '2023-02-28 01:28:34');
INSERT INTO `recommendation` (`recommendation_id`, `member_id`, `movie_id`, `rank_score`, `generated_at`) VALUES (89, 57, 58, 0.24, '2023-01-01 15:39:22');
INSERT INTO `recommendation` (`recommendation_id`, `member_id`, `movie_id`, `rank_score`, `generated_at`) VALUES (90, 13, 10, 0.8, '2023-03-12 19:29:17');
INSERT INTO `recommendation` (`recommendation_id`, `member_id`, `movie_id`, `rank_score`, `generated_at`) VALUES (91, 209, 70, 0.94, '2023-01-05 18:16:05');
INSERT INTO `recommendation` (`recommendation_id`, `member_id`, `movie_id`, `rank_score`, `generated_at`) VALUES (92, 223, 40, 0.77, '2023-06-19 01:51:50');
INSERT INTO `recommendation` (`recommendation_id`, `member_id`, `movie_id`, `rank_score`, `generated_at`) VALUES (93, 128, 75, 0.21, '2023-06-19 20:06:38');
INSERT INTO `recommendation` (`recommendation_id`, `member_id`, `movie_id`, `rank_score`, `generated_at`) VALUES (94, 74, 15, 0.86, '2023-04-10 20:24:59');
INSERT INTO `recommendation` (`recommendation_id`, `member_id`, `movie_id`, `rank_score`, `generated_at`) VALUES (95, 186, 43, 0.18, '2023-06-17 07:17:28');
INSERT INTO `recommendation` (`recommendation_id`, `member_id`, `movie_id`, `rank_score`, `generated_at`) VALUES (96, 4, 55, 0.08, '2023-06-15 08:56:30');
INSERT INTO `recommendation` (`recommendation_id`, `member_id`, `movie_id`, `rank_score`, `generated_at`) VALUES (97, 243, 62, 0.02, '2023-02-03 09:24:01');
INSERT INTO `recommendation` (`recommendation_id`, `member_id`, `movie_id`, `rank_score`, `generated_at`) VALUES (98, 44, 38, 0.67, '2023-04-17 05:53:35');
INSERT INTO `recommendation` (`recommendation_id`, `member_id`, `movie_id`, `rank_score`, `generated_at`) VALUES (99, 232, 55, 0.2, '2023-02-11 13:09:33');
INSERT INTO `recommendation` (`recommendation_id`, `member_id`, `movie_id`, `rank_score`, `generated_at`) VALUES (100, 25, 37, 0.31, '2023-05-19 19:58:36');
INSERT INTO `recommendation` (`recommendation_id`, `member_id`, `movie_id`, `rank_score`, `generated_at`) VALUES (101, 164, 9, 0.08, '2023-02-09 04:25:17');
INSERT INTO `recommendation` (`recommendation_id`, `member_id`, `movie_id`, `rank_score`, `generated_at`) VALUES (102, 219, 1, 0.95, '2023-01-17 09:49:56');
INSERT INTO `recommendation` (`recommendation_id`, `member_id`, `movie_id`, `rank_score`, `generated_at`) VALUES (103, 248, 23, 0.11, '2023-04-26 12:17:20');
INSERT INTO `recommendation` (`recommendation_id`, `member_id`, `movie_id`, `rank_score`, `generated_at`) VALUES (104, 32, 65, 0.77, '2023-07-19 19:27:50');
INSERT INTO `recommendation` (`recommendation_id`, `member_id`, `movie_id`, `rank_score`, `generated_at`) VALUES (105, 120, 66, 0.12, '2023-06-21 22:22:06');
INSERT INTO `recommendation` (`recommendation_id`, `member_id`, `movie_id`, `rank_score`, `generated_at`) VALUES (106, 72, 11, 0.36, '2023-01-24 12:51:39');
INSERT INTO `recommendation` (`recommendation_id`, `member_id`, `movie_id`, `rank_score`, `generated_at`) VALUES (107, 46, 50, 0.81, '2023-05-20 09:06:44');
INSERT INTO `recommendation` (`recommendation_id`, `member_id`, `movie_id`, `rank_score`, `generated_at`) VALUES (108, 186, 3, 0.91, '2023-06-08 03:08:47');
INSERT INTO `recommendation` (`recommendation_id`, `member_id`, `movie_id`, `rank_score`, `generated_at`) VALUES (109, 17, 21, 0.15, '2023-02-11 19:00:30');
INSERT INTO `recommendation` (`recommendation_id`, `member_id`, `movie_id`, `rank_score`, `generated_at`) VALUES (110, 209, 69, 0.19, '2023-07-13 22:59:41');
INSERT INTO `recommendation` (`recommendation_id`, `member_id`, `movie_id`, `rank_score`, `generated_at`) VALUES (111, 90, 4, 0.34, '2023-04-10 15:44:35');
INSERT INTO `recommendation` (`recommendation_id`, `member_id`, `movie_id`, `rank_score`, `generated_at`) VALUES (112, 27, 66, 0.78, '2023-04-14 07:43:54');
INSERT INTO `recommendation` (`recommendation_id`, `member_id`, `movie_id`, `rank_score`, `generated_at`) VALUES (113, 43, 25, 0.62, '2023-05-04 21:20:54');
INSERT INTO `recommendation` (`recommendation_id`, `member_id`, `movie_id`, `rank_score`, `generated_at`) VALUES (114, 192, 9, 0.98, '2023-07-10 08:15:20');
INSERT INTO `recommendation` (`recommendation_id`, `member_id`, `movie_id`, `rank_score`, `generated_at`) VALUES (115, 214, 64, 0.56, '2023-04-28 14:06:00');
INSERT INTO `recommendation` (`recommendation_id`, `member_id`, `movie_id`, `rank_score`, `generated_at`) VALUES (116, 83, 48, 0.2, '2023-01-11 01:19:28');
INSERT INTO `recommendation` (`recommendation_id`, `member_id`, `movie_id`, `rank_score`, `generated_at`) VALUES (117, 116, 25, 0.0, '2023-04-01 00:37:24');
INSERT INTO `recommendation` (`recommendation_id`, `member_id`, `movie_id`, `rank_score`, `generated_at`) VALUES (118, 171, 48, 0.65, '2023-04-17 00:16:14');
INSERT INTO `recommendation` (`recommendation_id`, `member_id`, `movie_id`, `rank_score`, `generated_at`) VALUES (119, 249, 41, 0.86, '2023-01-22 04:52:54');
INSERT INTO `recommendation` (`recommendation_id`, `member_id`, `movie_id`, `rank_score`, `generated_at`) VALUES (120, 216, 13, 0.59, '2023-05-24 04:14:29');
INSERT INTO `recommendation` (`recommendation_id`, `member_id`, `movie_id`, `rank_score`, `generated_at`) VALUES (121, 152, 18, 0.47, '2023-05-22 20:04:59');
INSERT INTO `recommendation` (`recommendation_id`, `member_id`, `movie_id`, `rank_score`, `generated_at`) VALUES (122, 186, 44, 0.12, '2023-01-09 23:13:54');
INSERT INTO `recommendation` (`recommendation_id`, `member_id`, `movie_id`, `rank_score`, `generated_at`) VALUES (123, 82, 32, 0.31, '2023-04-19 10:41:03');
INSERT INTO `recommendation` (`recommendation_id`, `member_id`, `movie_id`, `rank_score`, `generated_at`) VALUES (124, 10, 14, 0.05, '2023-03-18 04:59:06');
INSERT INTO `recommendation` (`recommendation_id`, `member_id`, `movie_id`, `rank_score`, `generated_at`) VALUES (125, 179, 34, 0.82, '2023-02-09 10:13:07');
INSERT INTO `recommendation` (`recommendation_id`, `member_id`, `movie_id`, `rank_score`, `generated_at`) VALUES (126, 88, 53, 0.98, '2023-05-16 13:14:42');
INSERT INTO `recommendation` (`recommendation_id`, `member_id`, `movie_id`, `rank_score`, `generated_at`) VALUES (127, 20, 64, 0.31, '2023-03-18 14:48:49');
INSERT INTO `recommendation` (`recommendation_id`, `member_id`, `movie_id`, `rank_score`, `generated_at`) VALUES (128, 6, 4, 0.98, '2023-03-25 06:43:38');
INSERT INTO `recommendation` (`recommendation_id`, `member_id`, `movie_id`, `rank_score`, `generated_at`) VALUES (129, 183, 12, 0.87, '2023-05-15 21:57:04');
INSERT INTO `recommendation` (`recommendation_id`, `member_id`, `movie_id`, `rank_score`, `generated_at`) VALUES (130, 154, 13, 0.36, '2023-01-25 09:37:09');
INSERT INTO `recommendation` (`recommendation_id`, `member_id`, `movie_id`, `rank_score`, `generated_at`) VALUES (131, 197, 43, 0.32, '2023-02-01 06:38:56');
INSERT INTO `recommendation` (`recommendation_id`, `member_id`, `movie_id`, `rank_score`, `generated_at`) VALUES (132, 148, 28, 0.58, '2023-01-21 08:25:45');
INSERT INTO `recommendation` (`recommendation_id`, `member_id`, `movie_id`, `rank_score`, `generated_at`) VALUES (133, 13, 36, 0.31, '2023-07-14 20:01:56');
INSERT INTO `recommendation` (`recommendation_id`, `member_id`, `movie_id`, `rank_score`, `generated_at`) VALUES (134, 194, 70, 0.91, '2023-01-21 19:59:10');
INSERT INTO `recommendation` (`recommendation_id`, `member_id`, `movie_id`, `rank_score`, `generated_at`) VALUES (135, 240, 74, 0.87, '2023-05-20 10:49:15');
INSERT INTO `recommendation` (`recommendation_id`, `member_id`, `movie_id`, `rank_score`, `generated_at`) VALUES (136, 233, 71, 0.66, '2023-01-26 14:41:47');
INSERT INTO `recommendation` (`recommendation_id`, `member_id`, `movie_id`, `rank_score`, `generated_at`) VALUES (137, 193, 6, 0.31, '2023-04-18 03:23:05');
INSERT INTO `recommendation` (`recommendation_id`, `member_id`, `movie_id`, `rank_score`, `generated_at`) VALUES (138, 169, 43, 0.27, '2023-01-14 04:59:02');
INSERT INTO `recommendation` (`recommendation_id`, `member_id`, `movie_id`, `rank_score`, `generated_at`) VALUES (139, 18, 13, 0.95, '2023-05-31 00:08:45');
INSERT INTO `recommendation` (`recommendation_id`, `member_id`, `movie_id`, `rank_score`, `generated_at`) VALUES (140, 28, 62, 0.04, '2023-04-03 14:46:53');
INSERT INTO `recommendation` (`recommendation_id`, `member_id`, `movie_id`, `rank_score`, `generated_at`) VALUES (141, 139, 14, 0.26, '2023-06-01 20:25:56');
INSERT INTO `recommendation` (`recommendation_id`, `member_id`, `movie_id`, `rank_score`, `generated_at`) VALUES (142, 230, 32, 0.08, '2023-02-13 06:44:25');
INSERT INTO `recommendation` (`recommendation_id`, `member_id`, `movie_id`, `rank_score`, `generated_at`) VALUES (143, 167, 73, 0.7, '2023-01-27 22:58:05');
INSERT INTO `recommendation` (`recommendation_id`, `member_id`, `movie_id`, `rank_score`, `generated_at`) VALUES (144, 208, 3, 0.47, '2023-07-06 04:36:41');
INSERT INTO `recommendation` (`recommendation_id`, `member_id`, `movie_id`, `rank_score`, `generated_at`) VALUES (145, 44, 66, 0.24, '2023-04-15 00:11:32');
INSERT INTO `recommendation` (`recommendation_id`, `member_id`, `movie_id`, `rank_score`, `generated_at`) VALUES (146, 175, 67, 0.88, '2023-05-28 06:49:42');
INSERT INTO `recommendation` (`recommendation_id`, `member_id`, `movie_id`, `rank_score`, `generated_at`) VALUES (147, 127, 71, 0.24, '2023-04-21 07:40:57');
INSERT INTO `recommendation` (`recommendation_id`, `member_id`, `movie_id`, `rank_score`, `generated_at`) VALUES (148, 157, 50, 0.19, '2023-05-16 10:39:25');
INSERT INTO `recommendation` (`recommendation_id`, `member_id`, `movie_id`, `rank_score`, `generated_at`) VALUES (149, 89, 18, 0.4, '2023-06-01 14:59:01');
INSERT INTO `recommendation` (`recommendation_id`, `member_id`, `movie_id`, `rank_score`, `generated_at`) VALUES (150, 234, 75, 0.29, '2023-03-05 22:26:30');
INSERT INTO `recommendation` (`recommendation_id`, `member_id`, `movie_id`, `rank_score`, `generated_at`) VALUES (151, 220, 16, 0.71, '2023-03-07 23:36:18');
INSERT INTO `recommendation` (`recommendation_id`, `member_id`, `movie_id`, `rank_score`, `generated_at`) VALUES (152, 155, 64, 0.0, '2023-01-30 14:45:55');
INSERT INTO `recommendation` (`recommendation_id`, `member_id`, `movie_id`, `rank_score`, `generated_at`) VALUES (153, 152, 25, 0.75, '2023-06-26 04:40:02');
INSERT INTO `recommendation` (`recommendation_id`, `member_id`, `movie_id`, `rank_score`, `generated_at`) VALUES (154, 148, 24, 0.81, '2023-05-29 04:22:05');
INSERT INTO `recommendation` (`recommendation_id`, `member_id`, `movie_id`, `rank_score`, `generated_at`) VALUES (155, 248, 32, 0.13, '2023-01-11 08:24:18');
INSERT INTO `recommendation` (`recommendation_id`, `member_id`, `movie_id`, `rank_score`, `generated_at`) VALUES (156, 64, 6, 0.73, '2023-06-25 14:22:16');
INSERT INTO `recommendation` (`recommendation_id`, `member_id`, `movie_id`, `rank_score`, `generated_at`) VALUES (157, 35, 28, 0.28, '2023-01-29 20:55:10');
INSERT INTO `recommendation` (`recommendation_id`, `member_id`, `movie_id`, `rank_score`, `generated_at`) VALUES (158, 1, 27, 0.72, '2023-06-28 00:30:03');
INSERT INTO `recommendation` (`recommendation_id`, `member_id`, `movie_id`, `rank_score`, `generated_at`) VALUES (159, 106, 14, 0.34, '2023-04-25 05:15:24');
INSERT INTO `recommendation` (`recommendation_id`, `member_id`, `movie_id`, `rank_score`, `generated_at`) VALUES (160, 38, 16, 0.87, '2023-03-25 14:58:07');
INSERT INTO `recommendation` (`recommendation_id`, `member_id`, `movie_id`, `rank_score`, `generated_at`) VALUES (161, 97, 67, 0.68, '2023-04-24 07:20:17');
INSERT INTO `recommendation` (`recommendation_id`, `member_id`, `movie_id`, `rank_score`, `generated_at`) VALUES (162, 220, 19, 0.21, '2023-04-01 06:50:41');
INSERT INTO `recommendation` (`recommendation_id`, `member_id`, `movie_id`, `rank_score`, `generated_at`) VALUES (163, 223, 32, 0.49, '2023-03-12 15:55:37');
INSERT INTO `recommendation` (`recommendation_id`, `member_id`, `movie_id`, `rank_score`, `generated_at`) VALUES (164, 13, 33, 0.0, '2023-04-29 05:46:28');
INSERT INTO `recommendation` (`recommendation_id`, `member_id`, `movie_id`, `rank_score`, `generated_at`) VALUES (165, 16, 8, 0.75, '2023-05-15 10:31:29');
INSERT INTO `recommendation` (`recommendation_id`, `member_id`, `movie_id`, `rank_score`, `generated_at`) VALUES (166, 53, 53, 0.11, '2023-03-15 05:07:21');
INSERT INTO `recommendation` (`recommendation_id`, `member_id`, `movie_id`, `rank_score`, `generated_at`) VALUES (167, 73, 36, 0.18, '2023-07-16 00:30:04');
INSERT INTO `recommendation` (`recommendation_id`, `member_id`, `movie_id`, `rank_score`, `generated_at`) VALUES (168, 122, 68, 0.07, '2023-04-27 12:39:52');
INSERT INTO `recommendation` (`recommendation_id`, `member_id`, `movie_id`, `rank_score`, `generated_at`) VALUES (169, 78, 29, 0.45, '2023-06-26 10:02:05');
INSERT INTO `recommendation` (`recommendation_id`, `member_id`, `movie_id`, `rank_score`, `generated_at`) VALUES (170, 215, 62, 0.96, '2023-03-11 05:50:31');
INSERT INTO `recommendation` (`recommendation_id`, `member_id`, `movie_id`, `rank_score`, `generated_at`) VALUES (171, 123, 29, 0.44, '2023-02-04 00:37:27');
INSERT INTO `recommendation` (`recommendation_id`, `member_id`, `movie_id`, `rank_score`, `generated_at`) VALUES (172, 200, 31, 0.65, '2023-04-09 07:58:08');
INSERT INTO `recommendation` (`recommendation_id`, `member_id`, `movie_id`, `rank_score`, `generated_at`) VALUES (173, 243, 71, 0.51, '2023-02-07 03:59:54');
INSERT INTO `recommendation` (`recommendation_id`, `member_id`, `movie_id`, `rank_score`, `generated_at`) VALUES (174, 69, 48, 0.52, '2023-06-26 03:35:54');
INSERT INTO `recommendation` (`recommendation_id`, `member_id`, `movie_id`, `rank_score`, `generated_at`) VALUES (175, 70, 67, 0.8, '2023-07-11 14:41:55');
INSERT INTO `recommendation` (`recommendation_id`, `member_id`, `movie_id`, `rank_score`, `generated_at`) VALUES (176, 6, 9, 0.57, '2023-01-28 08:46:57');
INSERT INTO `recommendation` (`recommendation_id`, `member_id`, `movie_id`, `rank_score`, `generated_at`) VALUES (177, 231, 37, 0.25, '2023-03-04 20:14:30');
INSERT INTO `recommendation` (`recommendation_id`, `member_id`, `movie_id`, `rank_score`, `generated_at`) VALUES (178, 220, 79, 0.57, '2023-05-16 06:39:39');
INSERT INTO `recommendation` (`recommendation_id`, `member_id`, `movie_id`, `rank_score`, `generated_at`) VALUES (179, 161, 64, 0.98, '2023-01-01 05:25:42');
INSERT INTO `recommendation` (`recommendation_id`, `member_id`, `movie_id`, `rank_score`, `generated_at`) VALUES (180, 246, 3, 0.33, '2023-06-26 20:09:57');
INSERT INTO `recommendation` (`recommendation_id`, `member_id`, `movie_id`, `rank_score`, `generated_at`) VALUES (181, 108, 73, 0.34, '2023-05-04 07:02:31');
INSERT INTO `recommendation` (`recommendation_id`, `member_id`, `movie_id`, `rank_score`, `generated_at`) VALUES (182, 48, 14, 0.73, '2023-07-04 15:28:05');
INSERT INTO `recommendation` (`recommendation_id`, `member_id`, `movie_id`, `rank_score`, `generated_at`) VALUES (183, 65, 35, 0.59, '2023-06-10 14:38:04');
INSERT INTO `recommendation` (`recommendation_id`, `member_id`, `movie_id`, `rank_score`, `generated_at`) VALUES (184, 172, 78, 0.57, '2023-04-02 03:29:54');
INSERT INTO `recommendation` (`recommendation_id`, `member_id`, `movie_id`, `rank_score`, `generated_at`) VALUES (185, 98, 61, 0.62, '2023-03-04 11:49:21');
INSERT INTO `recommendation` (`recommendation_id`, `member_id`, `movie_id`, `rank_score`, `generated_at`) VALUES (186, 12, 44, 0.36, '2023-07-14 08:46:50');
INSERT INTO `recommendation` (`recommendation_id`, `member_id`, `movie_id`, `rank_score`, `generated_at`) VALUES (187, 137, 43, 0.49, '2023-04-21 20:28:39');
INSERT INTO `recommendation` (`recommendation_id`, `member_id`, `movie_id`, `rank_score`, `generated_at`) VALUES (188, 5, 10, 0.1, '2023-02-05 08:25:17');
INSERT INTO `recommendation` (`recommendation_id`, `member_id`, `movie_id`, `rank_score`, `generated_at`) VALUES (189, 106, 6, 0.2, '2023-04-16 19:28:40');
INSERT INTO `recommendation` (`recommendation_id`, `member_id`, `movie_id`, `rank_score`, `generated_at`) VALUES (190, 190, 10, 0.1, '2023-05-21 16:03:59');
INSERT INTO `recommendation` (`recommendation_id`, `member_id`, `movie_id`, `rank_score`, `generated_at`) VALUES (191, 184, 18, 0.22, '2023-02-24 07:57:15');
INSERT INTO `recommendation` (`recommendation_id`, `member_id`, `movie_id`, `rank_score`, `generated_at`) VALUES (192, 95, 13, 0.04, '2023-01-03 21:23:24');
INSERT INTO `recommendation` (`recommendation_id`, `member_id`, `movie_id`, `rank_score`, `generated_at`) VALUES (193, 105, 16, 0.99, '2023-06-14 21:25:52');
INSERT INTO `recommendation` (`recommendation_id`, `member_id`, `movie_id`, `rank_score`, `generated_at`) VALUES (194, 228, 58, 0.89, '2023-01-24 12:24:31');
INSERT INTO `recommendation` (`recommendation_id`, `member_id`, `movie_id`, `rank_score`, `generated_at`) VALUES (195, 237, 31, 0.61, '2023-01-24 09:06:49');
INSERT INTO `recommendation` (`recommendation_id`, `member_id`, `movie_id`, `rank_score`, `generated_at`) VALUES (196, 203, 77, 0.54, '2023-06-11 08:46:55');
INSERT INTO `recommendation` (`recommendation_id`, `member_id`, `movie_id`, `rank_score`, `generated_at`) VALUES (197, 12, 61, 0.69, '2023-05-19 06:04:53');
INSERT INTO `recommendation` (`recommendation_id`, `member_id`, `movie_id`, `rank_score`, `generated_at`) VALUES (198, 169, 1, 0.93, '2023-05-06 07:52:38');
INSERT INTO `recommendation` (`recommendation_id`, `member_id`, `movie_id`, `rank_score`, `generated_at`) VALUES (199, 204, 53, 0.89, '2023-01-26 03:13:47');
INSERT INTO `recommendation` (`recommendation_id`, `member_id`, `movie_id`, `rank_score`, `generated_at`) VALUES (200, 129, 75, 0.23, '2023-05-28 10:06:34');
INSERT INTO `recommendation` (`recommendation_id`, `member_id`, `movie_id`, `rank_score`, `generated_at`) VALUES (201, 1, 55, 0.7, '2023-04-02 16:28:11');
INSERT INTO `recommendation` (`recommendation_id`, `member_id`, `movie_id`, `rank_score`, `generated_at`) VALUES (202, 143, 22, 0.03, '2023-01-25 22:50:09');
INSERT INTO `recommendation` (`recommendation_id`, `member_id`, `movie_id`, `rank_score`, `generated_at`) VALUES (203, 147, 3, 0.67, '2023-02-19 06:15:53');
INSERT INTO `recommendation` (`recommendation_id`, `member_id`, `movie_id`, `rank_score`, `generated_at`) VALUES (204, 211, 21, 0.23, '2023-01-12 06:31:53');
INSERT INTO `recommendation` (`recommendation_id`, `member_id`, `movie_id`, `rank_score`, `generated_at`) VALUES (205, 51, 27, 0.2, '2023-03-17 16:46:45');
INSERT INTO `recommendation` (`recommendation_id`, `member_id`, `movie_id`, `rank_score`, `generated_at`) VALUES (206, 16, 58, 0.23, '2023-02-04 01:08:47');
INSERT INTO `recommendation` (`recommendation_id`, `member_id`, `movie_id`, `rank_score`, `generated_at`) VALUES (207, 31, 27, 0.37, '2023-07-13 10:54:28');
INSERT INTO `recommendation` (`recommendation_id`, `member_id`, `movie_id`, `rank_score`, `generated_at`) VALUES (208, 214, 56, 0.15, '2023-01-17 05:47:29');
INSERT INTO `recommendation` (`recommendation_id`, `member_id`, `movie_id`, `rank_score`, `generated_at`) VALUES (209, 122, 49, 0.01, '2023-04-06 01:16:44');
INSERT INTO `recommendation` (`recommendation_id`, `member_id`, `movie_id`, `rank_score`, `generated_at`) VALUES (210, 137, 23, 0.68, '2023-04-18 03:57:04');
INSERT INTO `recommendation` (`recommendation_id`, `member_id`, `movie_id`, `rank_score`, `generated_at`) VALUES (211, 22, 21, 0.21, '2023-02-09 15:06:41');
INSERT INTO `recommendation` (`recommendation_id`, `member_id`, `movie_id`, `rank_score`, `generated_at`) VALUES (212, 28, 56, 0.23, '2023-02-12 09:41:23');
INSERT INTO `recommendation` (`recommendation_id`, `member_id`, `movie_id`, `rank_score`, `generated_at`) VALUES (213, 183, 67, 0.71, '2023-06-23 19:19:41');
INSERT INTO `recommendation` (`recommendation_id`, `member_id`, `movie_id`, `rank_score`, `generated_at`) VALUES (214, 244, 76, 0.9, '2023-05-30 12:01:00');
INSERT INTO `recommendation` (`recommendation_id`, `member_id`, `movie_id`, `rank_score`, `generated_at`) VALUES (215, 227, 58, 0.16, '2023-06-02 19:24:01');
INSERT INTO `recommendation` (`recommendation_id`, `member_id`, `movie_id`, `rank_score`, `generated_at`) VALUES (216, 170, 73, 0.22, '2023-04-25 15:28:10');
INSERT INTO `recommendation` (`recommendation_id`, `member_id`, `movie_id`, `rank_score`, `generated_at`) VALUES (217, 45, 79, 0.84, '2023-04-24 10:09:52');
INSERT INTO `recommendation` (`recommendation_id`, `member_id`, `movie_id`, `rank_score`, `generated_at`) VALUES (218, 81, 34, 0.61, '2023-07-07 00:43:45');
INSERT INTO `recommendation` (`recommendation_id`, `member_id`, `movie_id`, `rank_score`, `generated_at`) VALUES (219, 51, 52, 0.3, '2023-07-17 19:29:42');
INSERT INTO `recommendation` (`recommendation_id`, `member_id`, `movie_id`, `rank_score`, `generated_at`) VALUES (220, 120, 12, 0.87, '2023-01-30 04:36:57');
INSERT INTO `recommendation` (`recommendation_id`, `member_id`, `movie_id`, `rank_score`, `generated_at`) VALUES (221, 231, 7, 0.23, '2023-06-29 19:25:32');
INSERT INTO `recommendation` (`recommendation_id`, `member_id`, `movie_id`, `rank_score`, `generated_at`) VALUES (222, 244, 15, 0.56, '2023-04-12 23:39:11');
INSERT INTO `recommendation` (`recommendation_id`, `member_id`, `movie_id`, `rank_score`, `generated_at`) VALUES (223, 149, 18, 0.05, '2023-02-16 19:37:31');
INSERT INTO `recommendation` (`recommendation_id`, `member_id`, `movie_id`, `rank_score`, `generated_at`) VALUES (224, 225, 30, 0.8, '2023-03-03 01:50:52');
INSERT INTO `recommendation` (`recommendation_id`, `member_id`, `movie_id`, `rank_score`, `generated_at`) VALUES (225, 131, 78, 0.54, '2023-01-19 08:47:33');
INSERT INTO `recommendation` (`recommendation_id`, `member_id`, `movie_id`, `rank_score`, `generated_at`) VALUES (226, 138, 71, 0.08, '2023-05-15 19:34:19');
INSERT INTO `recommendation` (`recommendation_id`, `member_id`, `movie_id`, `rank_score`, `generated_at`) VALUES (227, 24, 34, 0.26, '2023-05-21 04:57:29');
INSERT INTO `recommendation` (`recommendation_id`, `member_id`, `movie_id`, `rank_score`, `generated_at`) VALUES (228, 212, 23, 0.04, '2023-05-06 07:28:29');
INSERT INTO `recommendation` (`recommendation_id`, `member_id`, `movie_id`, `rank_score`, `generated_at`) VALUES (229, 36, 29, 0.7, '2023-01-23 18:51:29');
INSERT INTO `recommendation` (`recommendation_id`, `member_id`, `movie_id`, `rank_score`, `generated_at`) VALUES (230, 38, 80, 0.44, '2023-04-19 23:04:40');
INSERT INTO `recommendation` (`recommendation_id`, `member_id`, `movie_id`, `rank_score`, `generated_at`) VALUES (231, 140, 11, 0.74, '2023-03-24 16:46:50');
INSERT INTO `recommendation` (`recommendation_id`, `member_id`, `movie_id`, `rank_score`, `generated_at`) VALUES (232, 43, 36, 0.99, '2023-03-28 01:05:26');
INSERT INTO `recommendation` (`recommendation_id`, `member_id`, `movie_id`, `rank_score`, `generated_at`) VALUES (233, 9, 2, 0.78, '2023-07-18 00:52:52');
INSERT INTO `recommendation` (`recommendation_id`, `member_id`, `movie_id`, `rank_score`, `generated_at`) VALUES (234, 221, 4, 0.08, '2023-02-12 23:11:38');
INSERT INTO `recommendation` (`recommendation_id`, `member_id`, `movie_id`, `rank_score`, `generated_at`) VALUES (235, 150, 11, 0.08, '2023-02-18 17:30:16');
INSERT INTO `recommendation` (`recommendation_id`, `member_id`, `movie_id`, `rank_score`, `generated_at`) VALUES (236, 244, 13, 0.44, '2023-05-18 23:34:35');
INSERT INTO `recommendation` (`recommendation_id`, `member_id`, `movie_id`, `rank_score`, `generated_at`) VALUES (237, 96, 8, 0.79, '2023-07-11 22:01:21');
INSERT INTO `recommendation` (`recommendation_id`, `member_id`, `movie_id`, `rank_score`, `generated_at`) VALUES (238, 7, 20, 0.99, '2023-03-22 13:48:02');
INSERT INTO `recommendation` (`recommendation_id`, `member_id`, `movie_id`, `rank_score`, `generated_at`) VALUES (239, 173, 15, 0.79, '2023-05-10 23:30:21');
INSERT INTO `recommendation` (`recommendation_id`, `member_id`, `movie_id`, `rank_score`, `generated_at`) VALUES (240, 75, 38, 0.26, '2023-01-22 19:52:15');
INSERT INTO `recommendation` (`recommendation_id`, `member_id`, `movie_id`, `rank_score`, `generated_at`) VALUES (241, 209, 19, 0.6, '2023-05-28 19:39:40');
INSERT INTO `recommendation` (`recommendation_id`, `member_id`, `movie_id`, `rank_score`, `generated_at`) VALUES (242, 123, 37, 0.49, '2023-07-16 02:47:20');
INSERT INTO `recommendation` (`recommendation_id`, `member_id`, `movie_id`, `rank_score`, `generated_at`) VALUES (243, 39, 23, 0.82, '2023-03-15 18:15:21');
INSERT INTO `recommendation` (`recommendation_id`, `member_id`, `movie_id`, `rank_score`, `generated_at`) VALUES (244, 160, 6, 0.31, '2023-05-01 01:28:13');
INSERT INTO `recommendation` (`recommendation_id`, `member_id`, `movie_id`, `rank_score`, `generated_at`) VALUES (245, 130, 56, 0.47, '2023-01-12 21:48:59');
INSERT INTO `recommendation` (`recommendation_id`, `member_id`, `movie_id`, `rank_score`, `generated_at`) VALUES (246, 13, 1, 0.66, '2023-03-04 13:45:31');
INSERT INTO `recommendation` (`recommendation_id`, `member_id`, `movie_id`, `rank_score`, `generated_at`) VALUES (247, 89, 44, 0.09, '2023-07-05 18:46:58');
INSERT INTO `recommendation` (`recommendation_id`, `member_id`, `movie_id`, `rank_score`, `generated_at`) VALUES (248, 71, 68, 0.15, '2023-04-07 20:29:53');
INSERT INTO `recommendation` (`recommendation_id`, `member_id`, `movie_id`, `rank_score`, `generated_at`) VALUES (249, 32, 31, 0.41, '2023-03-10 18:37:47');
INSERT INTO `recommendation` (`recommendation_id`, `member_id`, `movie_id`, `rank_score`, `generated_at`) VALUES (250, 59, 42, 0.37, '2023-01-13 13:19:59');
-- member_role
INSERT INTO `member_role` (`member_id`, `role`) VALUES (1, 'USER');
INSERT INTO `member_role` (`member_id`, `role`) VALUES (2, 'USER');
INSERT INTO `member_role` (`member_id`, `role`) VALUES (3, 'USER');
INSERT INTO `member_role` (`member_id`, `role`) VALUES (4, 'USER');
INSERT INTO `member_role` (`member_id`, `role`) VALUES (5, 'USER');
INSERT INTO `member_role` (`member_id`, `role`) VALUES (6, 'USER');
INSERT INTO `member_role` (`member_id`, `role`) VALUES (7, 'USER');
INSERT INTO `member_role` (`member_id`, `role`) VALUES (8, 'USER');
INSERT INTO `member_role` (`member_id`, `role`) VALUES (9, 'USER');
INSERT INTO `member_role` (`member_id`, `role`) VALUES (10, 'USER');
INSERT INTO `member_role` (`member_id`, `role`) VALUES (11, 'USER');
INSERT INTO `member_role` (`member_id`, `role`) VALUES (12, 'USER');
INSERT INTO `member_role` (`member_id`, `role`) VALUES (13, 'USER');
INSERT INTO `member_role` (`member_id`, `role`) VALUES (14, 'USER');
INSERT INTO `member_role` (`member_id`, `role`) VALUES (15, 'USER');
INSERT INTO `member_role` (`member_id`, `role`) VALUES (16, 'USER');
INSERT INTO `member_role` (`member_id`, `role`) VALUES (17, 'USER');
INSERT INTO `member_role` (`member_id`, `role`) VALUES (18, 'USER');
INSERT INTO `member_role` (`member_id`, `role`) VALUES (19, 'USER');
INSERT INTO `member_role` (`member_id`, `role`) VALUES (20, 'USER');
INSERT INTO `member_role` (`member_id`, `role`) VALUES (21, 'USER');
INSERT INTO `member_role` (`member_id`, `role`) VALUES (22, 'USER');
INSERT INTO `member_role` (`member_id`, `role`) VALUES (23, 'USER');
INSERT INTO `member_role` (`member_id`, `role`) VALUES (24, 'USER');
INSERT INTO `member_role` (`member_id`, `role`) VALUES (25, 'USER');
INSERT INTO `member_role` (`member_id`, `role`) VALUES (26, 'USER');
INSERT INTO `member_role` (`member_id`, `role`) VALUES (27, 'USER');
INSERT INTO `member_role` (`member_id`, `role`) VALUES (28, 'USER');
INSERT INTO `member_role` (`member_id`, `role`) VALUES (29, 'USER');
INSERT INTO `member_role` (`member_id`, `role`) VALUES (30, 'USER');
INSERT INTO `member_role` (`member_id`, `role`) VALUES (31, 'USER');
INSERT INTO `member_role` (`member_id`, `role`) VALUES (32, 'USER');
INSERT INTO `member_role` (`member_id`, `role`) VALUES (33, 'USER');
INSERT INTO `member_role` (`member_id`, `role`) VALUES (34, 'USER');
INSERT INTO `member_role` (`member_id`, `role`) VALUES (35, 'USER');
INSERT INTO `member_role` (`member_id`, `role`) VALUES (36, 'USER');
INSERT INTO `member_role` (`member_id`, `role`) VALUES (37, 'USER');
INSERT INTO `member_role` (`member_id`, `role`) VALUES (38, 'USER');
INSERT INTO `member_role` (`member_id`, `role`) VALUES (39, 'USER');
INSERT INTO `member_role` (`member_id`, `role`) VALUES (40, 'USER');
INSERT INTO `member_role` (`member_id`, `role`) VALUES (41, 'USER');
INSERT INTO `member_role` (`member_id`, `role`) VALUES (42, 'USER');
INSERT INTO `member_role` (`member_id`, `role`) VALUES (43, 'USER');
INSERT INTO `member_role` (`member_id`, `role`) VALUES (44, 'USER');
INSERT INTO `member_role` (`member_id`, `role`) VALUES (45, 'USER');
INSERT INTO `member_role` (`member_id`, `role`) VALUES (46, 'USER');
INSERT INTO `member_role` (`member_id`, `role`) VALUES (47, 'USER');
INSERT INTO `member_role` (`member_id`, `role`) VALUES (48, 'USER');
INSERT INTO `member_role` (`member_id`, `role`) VALUES (49, 'USER');
INSERT INTO `member_role` (`member_id`, `role`) VALUES (50, 'USER');
INSERT INTO `member_role` (`member_id`, `role`) VALUES (51, 'USER');
INSERT INTO `member_role` (`member_id`, `role`) VALUES (52, 'USER');
INSERT INTO `member_role` (`member_id`, `role`) VALUES (53, 'USER');
INSERT INTO `member_role` (`member_id`, `role`) VALUES (54, 'USER');
INSERT INTO `member_role` (`member_id`, `role`) VALUES (55, 'USER');
INSERT INTO `member_role` (`member_id`, `role`) VALUES (56, 'USER');
INSERT INTO `member_role` (`member_id`, `role`) VALUES (57, 'USER');
INSERT INTO `member_role` (`member_id`, `role`) VALUES (58, 'USER');
INSERT INTO `member_role` (`member_id`, `role`) VALUES (59, 'USER');
INSERT INTO `member_role` (`member_id`, `role`) VALUES (60, 'USER');
INSERT INTO `member_role` (`member_id`, `role`) VALUES (61, 'USER');
INSERT INTO `member_role` (`member_id`, `role`) VALUES (62, 'USER');
INSERT INTO `member_role` (`member_id`, `role`) VALUES (63, 'USER');
INSERT INTO `member_role` (`member_id`, `role`) VALUES (64, 'USER');
INSERT INTO `member_role` (`member_id`, `role`) VALUES (65, 'USER');
INSERT INTO `member_role` (`member_id`, `role`) VALUES (66, 'USER');
INSERT INTO `member_role` (`member_id`, `role`) VALUES (67, 'USER');
INSERT INTO `member_role` (`member_id`, `role`) VALUES (68, 'USER');
INSERT INTO `member_role` (`member_id`, `role`) VALUES (69, 'USER');
INSERT INTO `member_role` (`member_id`, `role`) VALUES (70, 'USER');
INSERT INTO `member_role` (`member_id`, `role`) VALUES (71, 'USER');
INSERT INTO `member_role` (`member_id`, `role`) VALUES (72, 'USER');
INSERT INTO `member_role` (`member_id`, `role`) VALUES (73, 'USER');
INSERT INTO `member_role` (`member_id`, `role`) VALUES (74, 'USER');
INSERT INTO `member_role` (`member_id`, `role`) VALUES (75, 'USER');
INSERT INTO `member_role` (`member_id`, `role`) VALUES (76, 'USER');
INSERT INTO `member_role` (`member_id`, `role`) VALUES (77, 'USER');
INSERT INTO `member_role` (`member_id`, `role`) VALUES (78, 'USER');
INSERT INTO `member_role` (`member_id`, `role`) VALUES (79, 'USER');
INSERT INTO `member_role` (`member_id`, `role`) VALUES (80, 'USER');
INSERT INTO `member_role` (`member_id`, `role`) VALUES (81, 'USER');
INSERT INTO `member_role` (`member_id`, `role`) VALUES (82, 'USER');
INSERT INTO `member_role` (`member_id`, `role`) VALUES (83, 'USER');
INSERT INTO `member_role` (`member_id`, `role`) VALUES (84, 'USER');
INSERT INTO `member_role` (`member_id`, `role`) VALUES (85, 'USER');
INSERT INTO `member_role` (`member_id`, `role`) VALUES (86, 'USER');
INSERT INTO `member_role` (`member_id`, `role`) VALUES (87, 'USER');
INSERT INTO `member_role` (`member_id`, `role`) VALUES (88, 'USER');
INSERT INTO `member_role` (`member_id`, `role`) VALUES (89, 'USER');
INSERT INTO `member_role` (`member_id`, `role`) VALUES (90, 'USER');
INSERT INTO `member_role` (`member_id`, `role`) VALUES (91, 'USER');
INSERT INTO `member_role` (`member_id`, `role`) VALUES (92, 'USER');
INSERT INTO `member_role` (`member_id`, `role`) VALUES (93, 'USER');
INSERT INTO `member_role` (`member_id`, `role`) VALUES (94, 'USER');
INSERT INTO `member_role` (`member_id`, `role`) VALUES (95, 'USER');
INSERT INTO `member_role` (`member_id`, `role`) VALUES (96, 'USER');
INSERT INTO `member_role` (`member_id`, `role`) VALUES (97, 'USER');
INSERT INTO `member_role` (`member_id`, `role`) VALUES (98, 'USER');
INSERT INTO `member_role` (`member_id`, `role`) VALUES (99, 'USER');
INSERT INTO `member_role` (`member_id`, `role`) VALUES (100, 'USER');
INSERT INTO `member_role` (`member_id`, `role`) VALUES (101, 'USER');
INSERT INTO `member_role` (`member_id`, `role`) VALUES (102, 'USER');
INSERT INTO `member_role` (`member_id`, `role`) VALUES (103, 'USER');
INSERT INTO `member_role` (`member_id`, `role`) VALUES (104, 'USER');
INSERT INTO `member_role` (`member_id`, `role`) VALUES (105, 'USER');
INSERT INTO `member_role` (`member_id`, `role`) VALUES (106, 'USER');
INSERT INTO `member_role` (`member_id`, `role`) VALUES (107, 'USER');
INSERT INTO `member_role` (`member_id`, `role`) VALUES (108, 'USER');
INSERT INTO `member_role` (`member_id`, `role`) VALUES (109, 'USER');
INSERT INTO `member_role` (`member_id`, `role`) VALUES (110, 'USER');
INSERT INTO `member_role` (`member_id`, `role`) VALUES (111, 'USER');
INSERT INTO `member_role` (`member_id`, `role`) VALUES (112, 'USER');
INSERT INTO `member_role` (`member_id`, `role`) VALUES (113, 'USER');
INSERT INTO `member_role` (`member_id`, `role`) VALUES (114, 'USER');
INSERT INTO `member_role` (`member_id`, `role`) VALUES (115, 'USER');
INSERT INTO `member_role` (`member_id`, `role`) VALUES (116, 'USER');
INSERT INTO `member_role` (`member_id`, `role`) VALUES (117, 'USER');
INSERT INTO `member_role` (`member_id`, `role`) VALUES (118, 'USER');
INSERT INTO `member_role` (`member_id`, `role`) VALUES (119, 'USER');
INSERT INTO `member_role` (`member_id`, `role`) VALUES (120, 'USER');
INSERT INTO `member_role` (`member_id`, `role`) VALUES (121, 'USER');
INSERT INTO `member_role` (`member_id`, `role`) VALUES (122, 'USER');
INSERT INTO `member_role` (`member_id`, `role`) VALUES (123, 'USER');
INSERT INTO `member_role` (`member_id`, `role`) VALUES (124, 'USER');
INSERT INTO `member_role` (`member_id`, `role`) VALUES (125, 'USER');
INSERT INTO `member_role` (`member_id`, `role`) VALUES (126, 'USER');
INSERT INTO `member_role` (`member_id`, `role`) VALUES (127, 'USER');
INSERT INTO `member_role` (`member_id`, `role`) VALUES (128, 'USER');
INSERT INTO `member_role` (`member_id`, `role`) VALUES (129, 'USER');
INSERT INTO `member_role` (`member_id`, `role`) VALUES (130, 'USER');
INSERT INTO `member_role` (`member_id`, `role`) VALUES (131, 'USER');
INSERT INTO `member_role` (`member_id`, `role`) VALUES (132, 'USER');
INSERT INTO `member_role` (`member_id`, `role`) VALUES (133, 'USER');
INSERT INTO `member_role` (`member_id`, `role`) VALUES (134, 'USER');
INSERT INTO `member_role` (`member_id`, `role`) VALUES (135, 'USER');
INSERT INTO `member_role` (`member_id`, `role`) VALUES (136, 'USER');
INSERT INTO `member_role` (`member_id`, `role`) VALUES (137, 'USER');
INSERT INTO `member_role` (`member_id`, `role`) VALUES (138, 'USER');
INSERT INTO `member_role` (`member_id`, `role`) VALUES (139, 'USER');
INSERT INTO `member_role` (`member_id`, `role`) VALUES (140, 'USER');
INSERT INTO `member_role` (`member_id`, `role`) VALUES (141, 'USER');
INSERT INTO `member_role` (`member_id`, `role`) VALUES (142, 'USER');
INSERT INTO `member_role` (`member_id`, `role`) VALUES (143, 'USER');
INSERT INTO `member_role` (`member_id`, `role`) VALUES (144, 'USER');
INSERT INTO `member_role` (`member_id`, `role`) VALUES (145, 'USER');
INSERT INTO `member_role` (`member_id`, `role`) VALUES (146, 'USER');
INSERT INTO `member_role` (`member_id`, `role`) VALUES (147, 'USER');
INSERT INTO `member_role` (`member_id`, `role`) VALUES (148, 'USER');
INSERT INTO `member_role` (`member_id`, `role`) VALUES (149, 'USER');
INSERT INTO `member_role` (`member_id`, `role`) VALUES (150, 'USER');
INSERT INTO `member_role` (`member_id`, `role`) VALUES (151, 'USER');
INSERT INTO `member_role` (`member_id`, `role`) VALUES (152, 'USER');
INSERT INTO `member_role` (`member_id`, `role`) VALUES (153, 'USER');
INSERT INTO `member_role` (`member_id`, `role`) VALUES (154, 'USER');
INSERT INTO `member_role` (`member_id`, `role`) VALUES (155, 'USER');
INSERT INTO `member_role` (`member_id`, `role`) VALUES (156, 'USER');
INSERT INTO `member_role` (`member_id`, `role`) VALUES (157, 'USER');
INSERT INTO `member_role` (`member_id`, `role`) VALUES (158, 'USER');
INSERT INTO `member_role` (`member_id`, `role`) VALUES (159, 'USER');
INSERT INTO `member_role` (`member_id`, `role`) VALUES (160, 'USER');
INSERT INTO `member_role` (`member_id`, `role`) VALUES (161, 'USER');
INSERT INTO `member_role` (`member_id`, `role`) VALUES (162, 'USER');
INSERT INTO `member_role` (`member_id`, `role`) VALUES (163, 'USER');
INSERT INTO `member_role` (`member_id`, `role`) VALUES (164, 'USER');
INSERT INTO `member_role` (`member_id`, `role`) VALUES (165, 'USER');
INSERT INTO `member_role` (`member_id`, `role`) VALUES (166, 'USER');
INSERT INTO `member_role` (`member_id`, `role`) VALUES (167, 'USER');
INSERT INTO `member_role` (`member_id`, `role`) VALUES (168, 'USER');
INSERT INTO `member_role` (`member_id`, `role`) VALUES (169, 'USER');
INSERT INTO `member_role` (`member_id`, `role`) VALUES (170, 'USER');
INSERT INTO `member_role` (`member_id`, `role`) VALUES (171, 'USER');
INSERT INTO `member_role` (`member_id`, `role`) VALUES (172, 'USER');
INSERT INTO `member_role` (`member_id`, `role`) VALUES (173, 'USER');
INSERT INTO `member_role` (`member_id`, `role`) VALUES (174, 'USER');
INSERT INTO `member_role` (`member_id`, `role`) VALUES (175, 'USER');
INSERT INTO `member_role` (`member_id`, `role`) VALUES (176, 'USER');
INSERT INTO `member_role` (`member_id`, `role`) VALUES (177, 'USER');
INSERT INTO `member_role` (`member_id`, `role`) VALUES (178, 'USER');
INSERT INTO `member_role` (`member_id`, `role`) VALUES (179, 'USER');
INSERT INTO `member_role` (`member_id`, `role`) VALUES (180, 'USER');
INSERT INTO `member_role` (`member_id`, `role`) VALUES (181, 'USER');
INSERT INTO `member_role` (`member_id`, `role`) VALUES (182, 'USER');
INSERT INTO `member_role` (`member_id`, `role`) VALUES (183, 'USER');
INSERT INTO `member_role` (`member_id`, `role`) VALUES (184, 'USER');
INSERT INTO `member_role` (`member_id`, `role`) VALUES (185, 'USER');
INSERT INTO `member_role` (`member_id`, `role`) VALUES (186, 'USER');
INSERT INTO `member_role` (`member_id`, `role`) VALUES (187, 'USER');
INSERT INTO `member_role` (`member_id`, `role`) VALUES (188, 'USER');
INSERT INTO `member_role` (`member_id`, `role`) VALUES (189, 'USER');
INSERT INTO `member_role` (`member_id`, `role`) VALUES (190, 'USER');
INSERT INTO `member_role` (`member_id`, `role`) VALUES (191, 'USER');
INSERT INTO `member_role` (`member_id`, `role`) VALUES (192, 'USER');
INSERT INTO `member_role` (`member_id`, `role`) VALUES (193, 'USER');
INSERT INTO `member_role` (`member_id`, `role`) VALUES (194, 'USER');
INSERT INTO `member_role` (`member_id`, `role`) VALUES (195, 'USER');
INSERT INTO `member_role` (`member_id`, `role`) VALUES (196, 'USER');
INSERT INTO `member_role` (`member_id`, `role`) VALUES (197, 'USER');
INSERT INTO `member_role` (`member_id`, `role`) VALUES (198, 'USER');
INSERT INTO `member_role` (`member_id`, `role`) VALUES (199, 'USER');
INSERT INTO `member_role` (`member_id`, `role`) VALUES (200, 'USER');
INSERT INTO `member_role` (`member_id`, `role`) VALUES (201, 'USER');
INSERT INTO `member_role` (`member_id`, `role`) VALUES (202, 'USER');
INSERT INTO `member_role` (`member_id`, `role`) VALUES (203, 'USER');
INSERT INTO `member_role` (`member_id`, `role`) VALUES (204, 'USER');
INSERT INTO `member_role` (`member_id`, `role`) VALUES (205, 'USER');
INSERT INTO `member_role` (`member_id`, `role`) VALUES (206, 'USER');
INSERT INTO `member_role` (`member_id`, `role`) VALUES (207, 'USER');
INSERT INTO `member_role` (`member_id`, `role`) VALUES (208, 'USER');
INSERT INTO `member_role` (`member_id`, `role`) VALUES (209, 'USER');
INSERT INTO `member_role` (`member_id`, `role`) VALUES (210, 'USER');
INSERT INTO `member_role` (`member_id`, `role`) VALUES (211, 'USER');
INSERT INTO `member_role` (`member_id`, `role`) VALUES (212, 'USER');
INSERT INTO `member_role` (`member_id`, `role`) VALUES (213, 'USER');
INSERT INTO `member_role` (`member_id`, `role`) VALUES (214, 'USER');
INSERT INTO `member_role` (`member_id`, `role`) VALUES (215, 'USER');
INSERT INTO `member_role` (`member_id`, `role`) VALUES (216, 'USER');
INSERT INTO `member_role` (`member_id`, `role`) VALUES (217, 'USER');
INSERT INTO `member_role` (`member_id`, `role`) VALUES (218, 'USER');
INSERT INTO `member_role` (`member_id`, `role`) VALUES (219, 'USER');
INSERT INTO `member_role` (`member_id`, `role`) VALUES (220, 'USER');
INSERT INTO `member_role` (`member_id`, `role`) VALUES (221, 'USER');
INSERT INTO `member_role` (`member_id`, `role`) VALUES (222, 'USER');
INSERT INTO `member_role` (`member_id`, `role`) VALUES (223, 'USER');
INSERT INTO `member_role` (`member_id`, `role`) VALUES (224, 'USER');
INSERT INTO `member_role` (`member_id`, `role`) VALUES (225, 'USER');
INSERT INTO `member_role` (`member_id`, `role`) VALUES (226, 'USER');
INSERT INTO `member_role` (`member_id`, `role`) VALUES (227, 'USER');
INSERT INTO `member_role` (`member_id`, `role`) VALUES (228, 'USER');
INSERT INTO `member_role` (`member_id`, `role`) VALUES (229, 'USER');
INSERT INTO `member_role` (`member_id`, `role`) VALUES (230, 'USER');
INSERT INTO `member_role` (`member_id`, `role`) VALUES (231, 'USER');
INSERT INTO `member_role` (`member_id`, `role`) VALUES (232, 'USER');
INSERT INTO `member_role` (`member_id`, `role`) VALUES (233, 'USER');
INSERT INTO `member_role` (`member_id`, `role`) VALUES (234, 'USER');
INSERT INTO `member_role` (`member_id`, `role`) VALUES (235, 'USER');
INSERT INTO `member_role` (`member_id`, `role`) VALUES (236, 'USER');
INSERT INTO `member_role` (`member_id`, `role`) VALUES (237, 'USER');
INSERT INTO `member_role` (`member_id`, `role`) VALUES (238, 'USER');
INSERT INTO `member_role` (`member_id`, `role`) VALUES (239, 'USER');
INSERT INTO `member_role` (`member_id`, `role`) VALUES (240, 'USER');
INSERT INTO `member_role` (`member_id`, `role`) VALUES (241, 'USER');
INSERT INTO `member_role` (`member_id`, `role`) VALUES (242, 'USER');
INSERT INTO `member_role` (`member_id`, `role`) VALUES (243, 'USER');
INSERT INTO `member_role` (`member_id`, `role`) VALUES (244, 'USER');
INSERT INTO `member_role` (`member_id`, `role`) VALUES (245, 'USER');
INSERT INTO `member_role` (`member_id`, `role`) VALUES (246, 'USER');
INSERT INTO `member_role` (`member_id`, `role`) VALUES (247, 'USER');
INSERT INTO `member_role` (`member_id`, `role`) VALUES (248, 'USER');
INSERT INTO `member_role` (`member_id`, `role`) VALUES (249, 'USER');
INSERT INTO `member_role` (`member_id`, `role`) VALUES (250, 'USER');
-- member_login_history
INSERT INTO `member_login_history` (`login_id`, `member_id`, `login_time`, `ip_addr`, `device_info`) VALUES (1, 80, '2023-03-29 21:00:05', '192.168.192.187', 'Android');
INSERT INTO `member_login_history` (`login_id`, `member_id`, `login_time`, `ip_addr`, `device_info`) VALUES (2, 142, '2024-01-01 01:26:01', '192.168.240.14', 'Tablet');
INSERT INTO `member_login_history` (`login_id`, `member_id`, `login_time`, `ip_addr`, `device_info`) VALUES (3, 54, '2023-05-04 14:56:03', '192.168.235.159', 'Web');
INSERT INTO `member_login_history` (`login_id`, `member_id`, `login_time`, `ip_addr`, `device_info`) VALUES (4, 202, '2023-01-09 22:44:01', '192.168.94.33', 'Android');
INSERT INTO `member_login_history` (`login_id`, `member_id`, `login_time`, `ip_addr`, `device_info`) VALUES (5, 16, '2023-05-18 01:42:38', '192.168.62.222', 'Tablet');
INSERT INTO `member_login_history` (`login_id`, `member_id`, `login_time`, `ip_addr`, `device_info`) VALUES (6, 65, '2023-09-28 04:31:27', '192.168.2.67', 'Web');
INSERT INTO `member_login_history` (`login_id`, `member_id`, `login_time`, `ip_addr`, `device_info`) VALUES (7, 247, '2023-11-26 06:27:38', '192.168.242.128', 'iOS');
INSERT INTO `member_login_history` (`login_id`, `member_id`, `login_time`, `ip_addr`, `device_info`) VALUES (8, 133, '2023-04-10 13:45:56', '192.168.96.136', 'Android');
INSERT INTO `member_login_history` (`login_id`, `member_id`, `login_time`, `ip_addr`, `device_info`) VALUES (9, 103, '2023-05-18 08:49:09', '192.168.79.173', 'Android');
INSERT INTO `member_login_history` (`login_id`, `member_id`, `login_time`, `ip_addr`, `device_info`) VALUES (10, 37, '2023-12-23 14:33:59', '192.168.151.186', 'iOS');
INSERT INTO `member_login_history` (`login_id`, `member_id`, `login_time`, `ip_addr`, `device_info`) VALUES (11, 134, '2023-10-20 23:29:25', '192.168.157.105', 'Web');
INSERT INTO `member_login_history` (`login_id`, `member_id`, `login_time`, `ip_addr`, `device_info`) VALUES (12, 41, '2023-01-11 08:50:13', '192.168.214.194', 'iOS');
INSERT INTO `member_login_history` (`login_id`, `member_id`, `login_time`, `ip_addr`, `device_info`) VALUES (13, 95, '2024-01-05 19:14:08', '192.168.220.55', 'Android');
INSERT INTO `member_login_history` (`login_id`, `member_id`, `login_time`, `ip_addr`, `device_info`) VALUES (14, 80, '2024-02-03 09:10:10', '192.168.42.119', 'Android');
INSERT INTO `member_login_history` (`login_id`, `member_id`, `login_time`, `ip_addr`, `device_info`) VALUES (15, 211, '2023-07-19 10:37:03', '192.168.199.41', 'Web');
INSERT INTO `member_login_history` (`login_id`, `member_id`, `login_time`, `ip_addr`, `device_info`) VALUES (16, 243, '2024-01-20 13:36:17', '192.168.148.222', 'Android');
INSERT INTO `member_login_history` (`login_id`, `member_id`, `login_time`, `ip_addr`, `device_info`) VALUES (17, 48, '2023-07-26 08:20:25', '192.168.188.88', 'iOS');
INSERT INTO `member_login_history` (`login_id`, `member_id`, `login_time`, `ip_addr`, `device_info`) VALUES (18, 76, '2023-04-09 00:50:49', '192.168.43.121', 'Tablet');
INSERT INTO `member_login_history` (`login_id`, `member_id`, `login_time`, `ip_addr`, `device_info`) VALUES (19, 79, '2023-07-30 10:11:12', '192.168.148.132', 'Android');
INSERT INTO `member_login_history` (`login_id`, `member_id`, `login_time`, `ip_addr`, `device_info`) VALUES (20, 198, '2023-04-26 03:58:02', '192.168.188.62', 'iOS');
INSERT INTO `member_login_history` (`login_id`, `member_id`, `login_time`, `ip_addr`, `device_info`) VALUES (21, 213, '2023-05-22 12:04:17', '192.168.68.120', 'Android');
INSERT INTO `member_login_history` (`login_id`, `member_id`, `login_time`, `ip_addr`, `device_info`) VALUES (22, 173, '2023-12-19 12:22:35', '192.168.19.75', 'Android');
INSERT INTO `member_login_history` (`login_id`, `member_id`, `login_time`, `ip_addr`, `device_info`) VALUES (23, 219, '2023-05-30 08:41:42', '192.168.104.235', 'iOS');
INSERT INTO `member_login_history` (`login_id`, `member_id`, `login_time`, `ip_addr`, `device_info`) VALUES (24, 54, '2024-01-27 12:55:38', '192.168.99.213', 'Web');
INSERT INTO `member_login_history` (`login_id`, `member_id`, `login_time`, `ip_addr`, `device_info`) VALUES (25, 151, '2023-06-11 04:26:54', '192.168.202.187', 'iOS');
INSERT INTO `member_login_history` (`login_id`, `member_id`, `login_time`, `ip_addr`, `device_info`) VALUES (26, 207, '2023-03-14 03:43:12', '192.168.46.25', 'Tablet');
INSERT INTO `member_login_history` (`login_id`, `member_id`, `login_time`, `ip_addr`, `device_info`) VALUES (27, 135, '2023-08-27 04:30:23', '192.168.24.156', 'iOS');
INSERT INTO `member_login_history` (`login_id`, `member_id`, `login_time`, `ip_addr`, `device_info`) VALUES (28, 62, '2023-10-31 03:19:42', '192.168.101.127', 'iOS');
INSERT INTO `member_login_history` (`login_id`, `member_id`, `login_time`, `ip_addr`, `device_info`) VALUES (29, 35, '2023-07-27 23:26:54', '192.168.165.58', 'Android');
INSERT INTO `member_login_history` (`login_id`, `member_id`, `login_time`, `ip_addr`, `device_info`) VALUES (30, 226, '2023-07-28 01:15:55', '192.168.39.245', 'Android');
INSERT INTO `member_login_history` (`login_id`, `member_id`, `login_time`, `ip_addr`, `device_info`) VALUES (31, 236, '2024-01-20 22:16:39', '192.168.254.195', 'Web');
INSERT INTO `member_login_history` (`login_id`, `member_id`, `login_time`, `ip_addr`, `device_info`) VALUES (32, 100, '2023-02-18 16:48:37', '192.168.208.200', 'Android');
INSERT INTO `member_login_history` (`login_id`, `member_id`, `login_time`, `ip_addr`, `device_info`) VALUES (33, 3, '2023-04-05 07:35:55', '192.168.13.208', 'Android');
INSERT INTO `member_login_history` (`login_id`, `member_id`, `login_time`, `ip_addr`, `device_info`) VALUES (34, 151, '2023-02-24 12:10:55', '192.168.212.29', 'iOS');
INSERT INTO `member_login_history` (`login_id`, `member_id`, `login_time`, `ip_addr`, `device_info`) VALUES (35, 215, '2023-11-02 19:04:24', '192.168.6.63', 'Tablet');
INSERT INTO `member_login_history` (`login_id`, `member_id`, `login_time`, `ip_addr`, `device_info`) VALUES (36, 86, '2023-08-30 23:11:11', '192.168.254.68', 'Web');
INSERT INTO `member_login_history` (`login_id`, `member_id`, `login_time`, `ip_addr`, `device_info`) VALUES (37, 211, '2023-11-02 04:21:29', '192.168.212.235', 'Android');
INSERT INTO `member_login_history` (`login_id`, `member_id`, `login_time`, `ip_addr`, `device_info`) VALUES (38, 226, '2023-11-14 07:46:50', '192.168.200.95', 'Web');
INSERT INTO `member_login_history` (`login_id`, `member_id`, `login_time`, `ip_addr`, `device_info`) VALUES (39, 35, '2023-01-30 02:46:34', '192.168.159.155', 'Android');
INSERT INTO `member_login_history` (`login_id`, `member_id`, `login_time`, `ip_addr`, `device_info`) VALUES (40, 207, '2023-03-05 19:08:58', '192.168.146.28', 'Web');
INSERT INTO `member_login_history` (`login_id`, `member_id`, `login_time`, `ip_addr`, `device_info`) VALUES (41, 58, '2023-04-29 14:27:15', '192.168.244.88', 'Android');
INSERT INTO `member_login_history` (`login_id`, `member_id`, `login_time`, `ip_addr`, `device_info`) VALUES (42, 151, '2023-03-13 14:49:42', '192.168.99.44', 'iOS');
INSERT INTO `member_login_history` (`login_id`, `member_id`, `login_time`, `ip_addr`, `device_info`) VALUES (43, 242, '2023-04-21 22:05:04', '192.168.75.19', 'iOS');
INSERT INTO `member_login_history` (`login_id`, `member_id`, `login_time`, `ip_addr`, `device_info`) VALUES (44, 116, '2023-05-21 12:12:14', '192.168.172.108', 'Android');
INSERT INTO `member_login_history` (`login_id`, `member_id`, `login_time`, `ip_addr`, `device_info`) VALUES (45, 24, '2023-05-11 01:19:41', '192.168.150.34', 'Tablet');
INSERT INTO `member_login_history` (`login_id`, `member_id`, `login_time`, `ip_addr`, `device_info`) VALUES (46, 241, '2024-01-18 01:33:36', '192.168.187.162', 'Android');
INSERT INTO `member_login_history` (`login_id`, `member_id`, `login_time`, `ip_addr`, `device_info`) VALUES (47, 200, '2023-06-22 08:39:09', '192.168.252.240', 'Tablet');
INSERT INTO `member_login_history` (`login_id`, `member_id`, `login_time`, `ip_addr`, `device_info`) VALUES (48, 110, '2023-08-11 01:41:16', '192.168.49.30', 'iOS');
INSERT INTO `member_login_history` (`login_id`, `member_id`, `login_time`, `ip_addr`, `device_info`) VALUES (49, 110, '2024-02-04 00:39:15', '192.168.21.242', 'iOS');
INSERT INTO `member_login_history` (`login_id`, `member_id`, `login_time`, `ip_addr`, `device_info`) VALUES (50, 224, '2023-01-29 18:56:31', '192.168.104.93', 'Tablet');
INSERT INTO `member_login_history` (`login_id`, `member_id`, `login_time`, `ip_addr`, `device_info`) VALUES (51, 102, '2023-11-08 03:13:04', '192.168.13.99', 'iOS');
INSERT INTO `member_login_history` (`login_id`, `member_id`, `login_time`, `ip_addr`, `device_info`) VALUES (52, 176, '2023-08-22 02:38:46', '192.168.164.241', 'iOS');
INSERT INTO `member_login_history` (`login_id`, `member_id`, `login_time`, `ip_addr`, `device_info`) VALUES (53, 26, '2023-03-31 07:57:32', '192.168.130.230', 'Web');
INSERT INTO `member_login_history` (`login_id`, `member_id`, `login_time`, `ip_addr`, `device_info`) VALUES (54, 92, '2023-01-27 15:38:53', '192.168.93.112', 'Android');
INSERT INTO `member_login_history` (`login_id`, `member_id`, `login_time`, `ip_addr`, `device_info`) VALUES (55, 125, '2023-11-17 17:40:05', '192.168.217.196', 'iOS');
INSERT INTO `member_login_history` (`login_id`, `member_id`, `login_time`, `ip_addr`, `device_info`) VALUES (56, 160, '2023-04-18 19:05:46', '192.168.135.75', 'Android');
INSERT INTO `member_login_history` (`login_id`, `member_id`, `login_time`, `ip_addr`, `device_info`) VALUES (57, 30, '2023-05-04 11:04:06', '192.168.2.204', 'Tablet');
INSERT INTO `member_login_history` (`login_id`, `member_id`, `login_time`, `ip_addr`, `device_info`) VALUES (58, 200, '2023-04-10 12:28:26', '192.168.152.61', 'Tablet');
INSERT INTO `member_login_history` (`login_id`, `member_id`, `login_time`, `ip_addr`, `device_info`) VALUES (59, 221, '2023-12-08 20:02:07', '192.168.69.105', 'Android');
INSERT INTO `member_login_history` (`login_id`, `member_id`, `login_time`, `ip_addr`, `device_info`) VALUES (60, 55, '2023-04-30 23:29:19', '192.168.191.158', 'Android');
INSERT INTO `member_login_history` (`login_id`, `member_id`, `login_time`, `ip_addr`, `device_info`) VALUES (61, 14, '2023-02-22 13:29:30', '192.168.231.177', 'Android');
INSERT INTO `member_login_history` (`login_id`, `member_id`, `login_time`, `ip_addr`, `device_info`) VALUES (62, 156, '2023-01-25 18:28:25', '192.168.188.145', 'Android');
INSERT INTO `member_login_history` (`login_id`, `member_id`, `login_time`, `ip_addr`, `device_info`) VALUES (63, 206, '2023-05-29 10:24:15', '192.168.93.240', 'Android');
INSERT INTO `member_login_history` (`login_id`, `member_id`, `login_time`, `ip_addr`, `device_info`) VALUES (64, 183, '2023-08-20 09:17:35', '192.168.84.104', 'Tablet');
INSERT INTO `member_login_history` (`login_id`, `member_id`, `login_time`, `ip_addr`, `device_info`) VALUES (65, 197, '2023-11-16 20:51:06', '192.168.192.223', 'Web');
INSERT INTO `member_login_history` (`login_id`, `member_id`, `login_time`, `ip_addr`, `device_info`) VALUES (66, 213, '2023-10-10 23:21:55', '192.168.233.23', 'Web');
INSERT INTO `member_login_history` (`login_id`, `member_id`, `login_time`, `ip_addr`, `device_info`) VALUES (67, 38, '2023-10-02 13:19:56', '192.168.196.164', 'iOS');
INSERT INTO `member_login_history` (`login_id`, `member_id`, `login_time`, `ip_addr`, `device_info`) VALUES (68, 38, '2023-06-19 20:35:00', '192.168.52.76', 'Android');
INSERT INTO `member_login_history` (`login_id`, `member_id`, `login_time`, `ip_addr`, `device_info`) VALUES (69, 198, '2023-09-14 11:16:19', '192.168.99.245', 'iOS');
INSERT INTO `member_login_history` (`login_id`, `member_id`, `login_time`, `ip_addr`, `device_info`) VALUES (70, 228, '2023-04-08 03:56:42', '192.168.94.215', 'iOS');
INSERT INTO `member_login_history` (`login_id`, `member_id`, `login_time`, `ip_addr`, `device_info`) VALUES (71, 76, '2024-02-04 05:08:39', '192.168.220.104', 'Android');
INSERT INTO `member_login_history` (`login_id`, `member_id`, `login_time`, `ip_addr`, `device_info`) VALUES (72, 105, '2023-11-15 00:50:09', '192.168.242.40', 'Tablet');
INSERT INTO `member_login_history` (`login_id`, `member_id`, `login_time`, `ip_addr`, `device_info`) VALUES (73, 164, '2023-03-02 16:38:43', '192.168.213.249', 'Android');
INSERT INTO `member_login_history` (`login_id`, `member_id`, `login_time`, `ip_addr`, `device_info`) VALUES (74, 165, '2023-08-15 06:19:55', '192.168.110.80', 'iOS');
INSERT INTO `member_login_history` (`login_id`, `member_id`, `login_time`, `ip_addr`, `device_info`) VALUES (75, 134, '2023-11-07 08:01:27', '192.168.166.172', 'Web');
INSERT INTO `member_login_history` (`login_id`, `member_id`, `login_time`, `ip_addr`, `device_info`) VALUES (76, 167, '2023-05-05 18:56:24', '192.168.70.169', 'Android');
INSERT INTO `member_login_history` (`login_id`, `member_id`, `login_time`, `ip_addr`, `device_info`) VALUES (77, 215, '2023-05-26 00:06:42', '192.168.176.246', 'Tablet');
INSERT INTO `member_login_history` (`login_id`, `member_id`, `login_time`, `ip_addr`, `device_info`) VALUES (78, 228, '2023-12-06 04:17:20', '192.168.72.231', 'Tablet');
INSERT INTO `member_login_history` (`login_id`, `member_id`, `login_time`, `ip_addr`, `device_info`) VALUES (79, 88, '2023-01-16 19:59:51', '192.168.75.104', 'Web');
INSERT INTO `member_login_history` (`login_id`, `member_id`, `login_time`, `ip_addr`, `device_info`) VALUES (80, 140, '2023-12-13 05:20:16', '192.168.222.170', 'Web');
INSERT INTO `member_login_history` (`login_id`, `member_id`, `login_time`, `ip_addr`, `device_info`) VALUES (81, 24, '2023-10-09 13:55:26', '192.168.193.89', 'Tablet');
INSERT INTO `member_login_history` (`login_id`, `member_id`, `login_time`, `ip_addr`, `device_info`) VALUES (82, 162, '2023-02-07 07:53:14', '192.168.7.144', 'Tablet');
INSERT INTO `member_login_history` (`login_id`, `member_id`, `login_time`, `ip_addr`, `device_info`) VALUES (83, 208, '2023-08-07 03:34:38', '192.168.74.197', 'iOS');
INSERT INTO `member_login_history` (`login_id`, `member_id`, `login_time`, `ip_addr`, `device_info`) VALUES (84, 207, '2023-09-28 11:25:16', '192.168.172.252', 'Android');
INSERT INTO `member_login_history` (`login_id`, `member_id`, `login_time`, `ip_addr`, `device_info`) VALUES (85, 65, '2023-04-09 09:43:22', '192.168.204.139', 'iOS');
INSERT INTO `member_login_history` (`login_id`, `member_id`, `login_time`, `ip_addr`, `device_info`) VALUES (86, 62, '2023-10-28 11:18:49', '192.168.139.161', 'Android');
INSERT INTO `member_login_history` (`login_id`, `member_id`, `login_time`, `ip_addr`, `device_info`) VALUES (87, 219, '2023-01-16 05:58:47', '192.168.244.193', 'iOS');
INSERT INTO `member_login_history` (`login_id`, `member_id`, `login_time`, `ip_addr`, `device_info`) VALUES (88, 1, '2023-01-04 18:42:37', '192.168.222.154', 'Tablet');
INSERT INTO `member_login_history` (`login_id`, `member_id`, `login_time`, `ip_addr`, `device_info`) VALUES (89, 233, '2023-07-19 02:16:45', '192.168.28.30', 'Tablet');
INSERT INTO `member_login_history` (`login_id`, `member_id`, `login_time`, `ip_addr`, `device_info`) VALUES (90, 129, '2023-04-14 02:43:57', '192.168.41.172', 'iOS');
INSERT INTO `member_login_history` (`login_id`, `member_id`, `login_time`, `ip_addr`, `device_info`) VALUES (91, 209, '2023-11-10 12:11:28', '192.168.13.13', 'Android');
INSERT INTO `member_login_history` (`login_id`, `member_id`, `login_time`, `ip_addr`, `device_info`) VALUES (92, 97, '2023-09-28 02:02:18', '192.168.142.21', 'Web');
INSERT INTO `member_login_history` (`login_id`, `member_id`, `login_time`, `ip_addr`, `device_info`) VALUES (93, 162, '2023-11-07 02:39:49', '192.168.164.14', 'Tablet');
INSERT INTO `member_login_history` (`login_id`, `member_id`, `login_time`, `ip_addr`, `device_info`) VALUES (94, 105, '2024-02-01 06:27:04', '192.168.100.224', 'Tablet');
INSERT INTO `member_login_history` (`login_id`, `member_id`, `login_time`, `ip_addr`, `device_info`) VALUES (95, 165, '2023-07-30 22:49:39', '192.168.73.13', 'Web');
INSERT INTO `member_login_history` (`login_id`, `member_id`, `login_time`, `ip_addr`, `device_info`) VALUES (96, 57, '2023-11-23 10:11:13', '192.168.138.5', 'Tablet');
INSERT INTO `member_login_history` (`login_id`, `member_id`, `login_time`, `ip_addr`, `device_info`) VALUES (97, 113, '2023-08-15 21:48:10', '192.168.144.101', 'iOS');
INSERT INTO `member_login_history` (`login_id`, `member_id`, `login_time`, `ip_addr`, `device_info`) VALUES (98, 15, '2024-01-01 16:20:54', '192.168.71.186', 'Tablet');
INSERT INTO `member_login_history` (`login_id`, `member_id`, `login_time`, `ip_addr`, `device_info`) VALUES (99, 196, '2023-07-30 04:44:03', '192.168.70.89', 'Android');
INSERT INTO `member_login_history` (`login_id`, `member_id`, `login_time`, `ip_addr`, `device_info`) VALUES (100, 143, '2023-02-17 17:54:59', '192.168.242.237', 'Tablet');
INSERT INTO `member_login_history` (`login_id`, `member_id`, `login_time`, `ip_addr`, `device_info`) VALUES (101, 237, '2023-01-25 05:51:38', '192.168.34.197', 'Web');
INSERT INTO `member_login_history` (`login_id`, `member_id`, `login_time`, `ip_addr`, `device_info`) VALUES (102, 6, '2023-07-23 19:04:39', '192.168.134.18', 'iOS');
INSERT INTO `member_login_history` (`login_id`, `member_id`, `login_time`, `ip_addr`, `device_info`) VALUES (103, 51, '2023-04-14 16:31:29', '192.168.118.23', 'iOS');
INSERT INTO `member_login_history` (`login_id`, `member_id`, `login_time`, `ip_addr`, `device_info`) VALUES (104, 245, '2023-06-10 13:01:47', '192.168.87.52', 'Web');
INSERT INTO `member_login_history` (`login_id`, `member_id`, `login_time`, `ip_addr`, `device_info`) VALUES (105, 235, '2023-07-25 03:57:29', '192.168.239.140', 'Android');
INSERT INTO `member_login_history` (`login_id`, `member_id`, `login_time`, `ip_addr`, `device_info`) VALUES (106, 119, '2023-01-06 07:27:38', '192.168.84.174', 'Android');
INSERT INTO `member_login_history` (`login_id`, `member_id`, `login_time`, `ip_addr`, `device_info`) VALUES (107, 21, '2023-11-05 05:56:54', '192.168.0.98', 'Android');
INSERT INTO `member_login_history` (`login_id`, `member_id`, `login_time`, `ip_addr`, `device_info`) VALUES (108, 57, '2024-01-20 15:21:39', '192.168.121.212', 'Web');
INSERT INTO `member_login_history` (`login_id`, `member_id`, `login_time`, `ip_addr`, `device_info`) VALUES (109, 34, '2023-08-28 18:02:58', '192.168.176.97', 'Android');
INSERT INTO `member_login_history` (`login_id`, `member_id`, `login_time`, `ip_addr`, `device_info`) VALUES (110, 49, '2023-04-22 16:17:33', '192.168.38.229', 'Web');
INSERT INTO `member_login_history` (`login_id`, `member_id`, `login_time`, `ip_addr`, `device_info`) VALUES (111, 79, '2023-05-16 21:34:27', '192.168.25.186', 'iOS');
INSERT INTO `member_login_history` (`login_id`, `member_id`, `login_time`, `ip_addr`, `device_info`) VALUES (112, 222, '2023-10-24 11:45:39', '192.168.24.37', 'Tablet');
INSERT INTO `member_login_history` (`login_id`, `member_id`, `login_time`, `ip_addr`, `device_info`) VALUES (113, 76, '2023-09-19 01:33:56', '192.168.48.111', 'Web');
INSERT INTO `member_login_history` (`login_id`, `member_id`, `login_time`, `ip_addr`, `device_info`) VALUES (114, 73, '2023-01-28 08:36:39', '192.168.231.53', 'Web');
INSERT INTO `member_login_history` (`login_id`, `member_id`, `login_time`, `ip_addr`, `device_info`) VALUES (115, 213, '2023-02-22 14:30:13', '192.168.240.137', 'Android');
INSERT INTO `member_login_history` (`login_id`, `member_id`, `login_time`, `ip_addr`, `device_info`) VALUES (116, 238, '2023-03-14 16:51:53', '192.168.255.171', 'iOS');
INSERT INTO `member_login_history` (`login_id`, `member_id`, `login_time`, `ip_addr`, `device_info`) VALUES (117, 235, '2023-04-06 02:44:13', '192.168.7.214', 'iOS');
INSERT INTO `member_login_history` (`login_id`, `member_id`, `login_time`, `ip_addr`, `device_info`) VALUES (118, 164, '2023-02-17 17:53:51', '192.168.93.27', 'iOS');
INSERT INTO `member_login_history` (`login_id`, `member_id`, `login_time`, `ip_addr`, `device_info`) VALUES (119, 67, '2023-09-23 15:17:12', '192.168.87.147', 'Web');
INSERT INTO `member_login_history` (`login_id`, `member_id`, `login_time`, `ip_addr`, `device_info`) VALUES (120, 189, '2023-09-09 22:04:54', '192.168.224.60', 'Tablet');
INSERT INTO `member_login_history` (`login_id`, `member_id`, `login_time`, `ip_addr`, `device_info`) VALUES (121, 222, '2023-04-29 19:38:14', '192.168.124.225', 'Android');
INSERT INTO `member_login_history` (`login_id`, `member_id`, `login_time`, `ip_addr`, `device_info`) VALUES (122, 218, '2023-09-21 06:27:08', '192.168.163.105', 'Android');
INSERT INTO `member_login_history` (`login_id`, `member_id`, `login_time`, `ip_addr`, `device_info`) VALUES (123, 87, '2023-04-28 20:50:28', '192.168.230.246', 'Android');
INSERT INTO `member_login_history` (`login_id`, `member_id`, `login_time`, `ip_addr`, `device_info`) VALUES (124, 127, '2023-12-26 21:25:50', '192.168.219.104', 'Android');
INSERT INTO `member_login_history` (`login_id`, `member_id`, `login_time`, `ip_addr`, `device_info`) VALUES (125, 117, '2023-09-02 02:13:27', '192.168.206.221', 'Tablet');
INSERT INTO `member_login_history` (`login_id`, `member_id`, `login_time`, `ip_addr`, `device_info`) VALUES (126, 61, '2023-07-27 18:52:11', '192.168.75.221', 'Android');
INSERT INTO `member_login_history` (`login_id`, `member_id`, `login_time`, `ip_addr`, `device_info`) VALUES (127, 94, '2024-01-27 00:04:55', '192.168.192.139', 'iOS');
INSERT INTO `member_login_history` (`login_id`, `member_id`, `login_time`, `ip_addr`, `device_info`) VALUES (128, 22, '2023-12-04 06:13:25', '192.168.92.58', 'Web');
INSERT INTO `member_login_history` (`login_id`, `member_id`, `login_time`, `ip_addr`, `device_info`) VALUES (129, 84, '2023-12-12 05:47:48', '192.168.44.254', 'Tablet');
INSERT INTO `member_login_history` (`login_id`, `member_id`, `login_time`, `ip_addr`, `device_info`) VALUES (130, 174, '2023-12-04 13:19:37', '192.168.7.199', 'Web');
INSERT INTO `member_login_history` (`login_id`, `member_id`, `login_time`, `ip_addr`, `device_info`) VALUES (131, 139, '2023-08-18 03:49:09', '192.168.135.104', 'iOS');
INSERT INTO `member_login_history` (`login_id`, `member_id`, `login_time`, `ip_addr`, `device_info`) VALUES (132, 188, '2023-02-07 19:02:09', '192.168.89.19', 'iOS');
INSERT INTO `member_login_history` (`login_id`, `member_id`, `login_time`, `ip_addr`, `device_info`) VALUES (133, 84, '2023-10-18 14:29:17', '192.168.233.194', 'Android');
INSERT INTO `member_login_history` (`login_id`, `member_id`, `login_time`, `ip_addr`, `device_info`) VALUES (134, 143, '2023-10-30 19:27:06', '192.168.137.61', 'Tablet');
INSERT INTO `member_login_history` (`login_id`, `member_id`, `login_time`, `ip_addr`, `device_info`) VALUES (135, 160, '2023-11-08 19:43:42', '192.168.147.201', 'Android');
INSERT INTO `member_login_history` (`login_id`, `member_id`, `login_time`, `ip_addr`, `device_info`) VALUES (136, 244, '2023-03-23 04:37:09', '192.168.19.218', 'Web');
INSERT INTO `member_login_history` (`login_id`, `member_id`, `login_time`, `ip_addr`, `device_info`) VALUES (137, 205, '2023-01-18 22:02:00', '192.168.117.170', 'Tablet');
INSERT INTO `member_login_history` (`login_id`, `member_id`, `login_time`, `ip_addr`, `device_info`) VALUES (138, 250, '2024-01-04 21:46:50', '192.168.128.130', 'Web');
INSERT INTO `member_login_history` (`login_id`, `member_id`, `login_time`, `ip_addr`, `device_info`) VALUES (139, 166, '2023-03-08 10:51:17', '192.168.172.217', 'Android');
INSERT INTO `member_login_history` (`login_id`, `member_id`, `login_time`, `ip_addr`, `device_info`) VALUES (140, 166, '2023-02-13 10:19:27', '192.168.177.116', 'Tablet');
INSERT INTO `member_login_history` (`login_id`, `member_id`, `login_time`, `ip_addr`, `device_info`) VALUES (141, 247, '2024-01-20 01:18:12', '192.168.225.24', 'Web');
INSERT INTO `member_login_history` (`login_id`, `member_id`, `login_time`, `ip_addr`, `device_info`) VALUES (142, 237, '2023-04-02 08:33:58', '192.168.205.115', 'Tablet');
INSERT INTO `member_login_history` (`login_id`, `member_id`, `login_time`, `ip_addr`, `device_info`) VALUES (143, 123, '2023-04-11 19:38:03', '192.168.95.7', 'Tablet');
INSERT INTO `member_login_history` (`login_id`, `member_id`, `login_time`, `ip_addr`, `device_info`) VALUES (144, 71, '2023-07-14 02:50:22', '192.168.32.185', 'Tablet');
INSERT INTO `member_login_history` (`login_id`, `member_id`, `login_time`, `ip_addr`, `device_info`) VALUES (145, 127, '2023-11-09 19:22:36', '192.168.252.99', 'iOS');
INSERT INTO `member_login_history` (`login_id`, `member_id`, `login_time`, `ip_addr`, `device_info`) VALUES (146, 220, '2023-11-16 20:55:13', '192.168.223.130', 'Tablet');
INSERT INTO `member_login_history` (`login_id`, `member_id`, `login_time`, `ip_addr`, `device_info`) VALUES (147, 184, '2023-03-20 04:42:52', '192.168.163.133', 'iOS');
INSERT INTO `member_login_history` (`login_id`, `member_id`, `login_time`, `ip_addr`, `device_info`) VALUES (148, 127, '2024-01-19 01:23:24', '192.168.162.175', 'Android');
INSERT INTO `member_login_history` (`login_id`, `member_id`, `login_time`, `ip_addr`, `device_info`) VALUES (149, 103, '2023-11-26 06:46:50', '192.168.121.95', 'Android');
INSERT INTO `member_login_history` (`login_id`, `member_id`, `login_time`, `ip_addr`, `device_info`) VALUES (150, 179, '2023-05-18 01:05:18', '192.168.184.194', 'Tablet');
INSERT INTO `member_login_history` (`login_id`, `member_id`, `login_time`, `ip_addr`, `device_info`) VALUES (151, 98, '2024-01-08 22:33:24', '192.168.169.176', 'Tablet');
INSERT INTO `member_login_history` (`login_id`, `member_id`, `login_time`, `ip_addr`, `device_info`) VALUES (152, 146, '2023-01-20 01:06:55', '192.168.63.43', 'Web');
INSERT INTO `member_login_history` (`login_id`, `member_id`, `login_time`, `ip_addr`, `device_info`) VALUES (153, 231, '2023-10-05 06:24:16', '192.168.175.219', 'Web');
INSERT INTO `member_login_history` (`login_id`, `member_id`, `login_time`, `ip_addr`, `device_info`) VALUES (154, 69, '2023-05-09 06:38:47', '192.168.201.118', 'Tablet');
INSERT INTO `member_login_history` (`login_id`, `member_id`, `login_time`, `ip_addr`, `device_info`) VALUES (155, 51, '2023-03-13 12:51:11', '192.168.150.48', 'iOS');
INSERT INTO `member_login_history` (`login_id`, `member_id`, `login_time`, `ip_addr`, `device_info`) VALUES (156, 163, '2023-03-10 19:23:42', '192.168.137.203', 'Tablet');
INSERT INTO `member_login_history` (`login_id`, `member_id`, `login_time`, `ip_addr`, `device_info`) VALUES (157, 213, '2023-04-24 07:05:02', '192.168.52.88', 'Tablet');
INSERT INTO `member_login_history` (`login_id`, `member_id`, `login_time`, `ip_addr`, `device_info`) VALUES (158, 43, '2023-05-14 02:53:54', '192.168.167.48', 'Web');
INSERT INTO `member_login_history` (`login_id`, `member_id`, `login_time`, `ip_addr`, `device_info`) VALUES (159, 185, '2023-09-05 06:28:37', '192.168.175.100', 'iOS');
INSERT INTO `member_login_history` (`login_id`, `member_id`, `login_time`, `ip_addr`, `device_info`) VALUES (160, 248, '2023-10-22 06:15:25', '192.168.206.243', 'iOS');
INSERT INTO `member_login_history` (`login_id`, `member_id`, `login_time`, `ip_addr`, `device_info`) VALUES (161, 223, '2023-12-22 08:05:33', '192.168.175.136', 'Web');
INSERT INTO `member_login_history` (`login_id`, `member_id`, `login_time`, `ip_addr`, `device_info`) VALUES (162, 27, '2023-04-25 18:22:03', '192.168.54.144', 'Tablet');
INSERT INTO `member_login_history` (`login_id`, `member_id`, `login_time`, `ip_addr`, `device_info`) VALUES (163, 95, '2023-07-07 00:56:03', '192.168.250.133', 'Web');
INSERT INTO `member_login_history` (`login_id`, `member_id`, `login_time`, `ip_addr`, `device_info`) VALUES (164, 245, '2023-07-17 20:20:27', '192.168.166.5', 'Web');
INSERT INTO `member_login_history` (`login_id`, `member_id`, `login_time`, `ip_addr`, `device_info`) VALUES (165, 194, '2023-09-07 10:27:37', '192.168.133.58', 'Android');
INSERT INTO `member_login_history` (`login_id`, `member_id`, `login_time`, `ip_addr`, `device_info`) VALUES (166, 50, '2023-06-06 22:52:09', '192.168.61.225', 'Android');
INSERT INTO `member_login_history` (`login_id`, `member_id`, `login_time`, `ip_addr`, `device_info`) VALUES (167, 238, '2023-02-27 17:31:14', '192.168.247.43', 'Android');
INSERT INTO `member_login_history` (`login_id`, `member_id`, `login_time`, `ip_addr`, `device_info`) VALUES (168, 51, '2023-09-25 12:08:47', '192.168.120.69', 'Android');
INSERT INTO `member_login_history` (`login_id`, `member_id`, `login_time`, `ip_addr`, `device_info`) VALUES (169, 23, '2023-07-06 07:39:09', '192.168.201.79', 'Android');
INSERT INTO `member_login_history` (`login_id`, `member_id`, `login_time`, `ip_addr`, `device_info`) VALUES (170, 84, '2023-05-31 16:31:04', '192.168.55.84', 'Web');
INSERT INTO `member_login_history` (`login_id`, `member_id`, `login_time`, `ip_addr`, `device_info`) VALUES (171, 52, '2023-02-24 07:53:09', '192.168.88.94', 'iOS');
INSERT INTO `member_login_history` (`login_id`, `member_id`, `login_time`, `ip_addr`, `device_info`) VALUES (172, 210, '2023-08-03 17:19:31', '192.168.49.61', 'Tablet');
INSERT INTO `member_login_history` (`login_id`, `member_id`, `login_time`, `ip_addr`, `device_info`) VALUES (173, 115, '2023-06-12 01:40:02', '192.168.8.246', 'Web');
INSERT INTO `member_login_history` (`login_id`, `member_id`, `login_time`, `ip_addr`, `device_info`) VALUES (174, 244, '2023-03-18 23:25:20', '192.168.55.73', 'Android');
INSERT INTO `member_login_history` (`login_id`, `member_id`, `login_time`, `ip_addr`, `device_info`) VALUES (175, 10, '2024-02-02 12:53:01', '192.168.90.117', 'Tablet');
INSERT INTO `member_login_history` (`login_id`, `member_id`, `login_time`, `ip_addr`, `device_info`) VALUES (176, 158, '2023-09-28 04:26:32', '192.168.242.144', 'Android');
INSERT INTO `member_login_history` (`login_id`, `member_id`, `login_time`, `ip_addr`, `device_info`) VALUES (177, 155, '2024-01-11 04:47:33', '192.168.244.2', 'Web');
INSERT INTO `member_login_history` (`login_id`, `member_id`, `login_time`, `ip_addr`, `device_info`) VALUES (178, 93, '2023-03-08 08:33:23', '192.168.178.103', 'iOS');
INSERT INTO `member_login_history` (`login_id`, `member_id`, `login_time`, `ip_addr`, `device_info`) VALUES (179, 228, '2023-03-12 12:02:50', '192.168.219.107', 'Android');
INSERT INTO `member_login_history` (`login_id`, `member_id`, `login_time`, `ip_addr`, `device_info`) VALUES (180, 245, '2023-06-16 21:14:49', '192.168.212.203', 'Tablet');
INSERT INTO `member_login_history` (`login_id`, `member_id`, `login_time`, `ip_addr`, `device_info`) VALUES (181, 138, '2023-08-15 10:10:39', '192.168.152.221', 'iOS');
INSERT INTO `member_login_history` (`login_id`, `member_id`, `login_time`, `ip_addr`, `device_info`) VALUES (182, 36, '2023-09-10 12:18:07', '192.168.172.252', 'Web');
INSERT INTO `member_login_history` (`login_id`, `member_id`, `login_time`, `ip_addr`, `device_info`) VALUES (183, 139, '2023-11-20 12:21:43', '192.168.216.247', 'Web');
INSERT INTO `member_login_history` (`login_id`, `member_id`, `login_time`, `ip_addr`, `device_info`) VALUES (184, 204, '2023-06-12 22:20:32', '192.168.147.46', 'iOS');
INSERT INTO `member_login_history` (`login_id`, `member_id`, `login_time`, `ip_addr`, `device_info`) VALUES (185, 78, '2023-11-11 04:19:12', '192.168.42.208', 'Tablet');
INSERT INTO `member_login_history` (`login_id`, `member_id`, `login_time`, `ip_addr`, `device_info`) VALUES (186, 86, '2023-01-14 04:57:22', '192.168.3.226', 'Android');
INSERT INTO `member_login_history` (`login_id`, `member_id`, `login_time`, `ip_addr`, `device_info`) VALUES (187, 11, '2023-03-21 11:10:18', '192.168.190.164', 'iOS');
INSERT INTO `member_login_history` (`login_id`, `member_id`, `login_time`, `ip_addr`, `device_info`) VALUES (188, 151, '2023-11-28 08:27:00', '192.168.37.246', 'iOS');
INSERT INTO `member_login_history` (`login_id`, `member_id`, `login_time`, `ip_addr`, `device_info`) VALUES (189, 34, '2023-11-26 04:12:49', '192.168.166.223', 'Web');
INSERT INTO `member_login_history` (`login_id`, `member_id`, `login_time`, `ip_addr`, `device_info`) VALUES (190, 18, '2023-04-17 00:12:10', '192.168.165.88', 'Tablet');
INSERT INTO `member_login_history` (`login_id`, `member_id`, `login_time`, `ip_addr`, `device_info`) VALUES (191, 9, '2023-09-25 07:25:50', '192.168.217.143', 'iOS');
INSERT INTO `member_login_history` (`login_id`, `member_id`, `login_time`, `ip_addr`, `device_info`) VALUES (192, 175, '2023-02-21 10:20:12', '192.168.155.73', 'Tablet');
INSERT INTO `member_login_history` (`login_id`, `member_id`, `login_time`, `ip_addr`, `device_info`) VALUES (193, 99, '2023-10-28 22:34:19', '192.168.251.37', 'Tablet');
INSERT INTO `member_login_history` (`login_id`, `member_id`, `login_time`, `ip_addr`, `device_info`) VALUES (194, 247, '2023-12-20 08:05:09', '192.168.216.115', 'Tablet');
INSERT INTO `member_login_history` (`login_id`, `member_id`, `login_time`, `ip_addr`, `device_info`) VALUES (195, 185, '2023-05-30 23:24:58', '192.168.211.39', 'Android');
INSERT INTO `member_login_history` (`login_id`, `member_id`, `login_time`, `ip_addr`, `device_info`) VALUES (196, 34, '2023-07-07 18:45:43', '192.168.85.236', 'Web');
INSERT INTO `member_login_history` (`login_id`, `member_id`, `login_time`, `ip_addr`, `device_info`) VALUES (197, 74, '2023-04-18 02:32:01', '192.168.111.207', 'iOS');
INSERT INTO `member_login_history` (`login_id`, `member_id`, `login_time`, `ip_addr`, `device_info`) VALUES (198, 182, '2023-10-06 03:51:15', '192.168.68.49', 'Android');
INSERT INTO `member_login_history` (`login_id`, `member_id`, `login_time`, `ip_addr`, `device_info`) VALUES (199, 33, '2023-04-13 22:05:05', '192.168.73.225', 'Android');
INSERT INTO `member_login_history` (`login_id`, `member_id`, `login_time`, `ip_addr`, `device_info`) VALUES (200, 161, '2023-06-06 22:43:17', '192.168.47.16', 'Tablet');
INSERT INTO `member_login_history` (`login_id`, `member_id`, `login_time`, `ip_addr`, `device_info`) VALUES (201, 190, '2023-01-05 03:16:16', '192.168.125.107', 'Web');
INSERT INTO `member_login_history` (`login_id`, `member_id`, `login_time`, `ip_addr`, `device_info`) VALUES (202, 126, '2023-03-23 07:25:33', '192.168.237.89', 'Android');
INSERT INTO `member_login_history` (`login_id`, `member_id`, `login_time`, `ip_addr`, `device_info`) VALUES (203, 137, '2023-03-26 17:10:21', '192.168.206.133', 'Android');
INSERT INTO `member_login_history` (`login_id`, `member_id`, `login_time`, `ip_addr`, `device_info`) VALUES (204, 171, '2023-08-22 06:26:32', '192.168.92.231', 'Web');
INSERT INTO `member_login_history` (`login_id`, `member_id`, `login_time`, `ip_addr`, `device_info`) VALUES (205, 123, '2023-08-26 11:40:54', '192.168.133.192', 'Web');
INSERT INTO `member_login_history` (`login_id`, `member_id`, `login_time`, `ip_addr`, `device_info`) VALUES (206, 144, '2023-11-18 09:40:16', '192.168.247.35', 'Tablet');
INSERT INTO `member_login_history` (`login_id`, `member_id`, `login_time`, `ip_addr`, `device_info`) VALUES (207, 40, '2023-10-20 01:11:25', '192.168.166.37', 'Android');
INSERT INTO `member_login_history` (`login_id`, `member_id`, `login_time`, `ip_addr`, `device_info`) VALUES (208, 131, '2024-02-02 16:30:50', '192.168.195.231', 'iOS');
INSERT INTO `member_login_history` (`login_id`, `member_id`, `login_time`, `ip_addr`, `device_info`) VALUES (209, 187, '2023-02-22 14:17:25', '192.168.27.141', 'iOS');
INSERT INTO `member_login_history` (`login_id`, `member_id`, `login_time`, `ip_addr`, `device_info`) VALUES (210, 184, '2023-08-14 04:24:10', '192.168.240.45', 'Android');
INSERT INTO `member_login_history` (`login_id`, `member_id`, `login_time`, `ip_addr`, `device_info`) VALUES (211, 118, '2023-12-18 07:49:49', '192.168.101.114', 'iOS');
INSERT INTO `member_login_history` (`login_id`, `member_id`, `login_time`, `ip_addr`, `device_info`) VALUES (212, 238, '2023-10-17 23:51:44', '192.168.95.245', 'Android');
INSERT INTO `member_login_history` (`login_id`, `member_id`, `login_time`, `ip_addr`, `device_info`) VALUES (213, 84, '2023-04-04 06:16:55', '192.168.79.148', 'iOS');
INSERT INTO `member_login_history` (`login_id`, `member_id`, `login_time`, `ip_addr`, `device_info`) VALUES (214, 190, '2023-07-30 06:13:58', '192.168.51.188', 'Tablet');
INSERT INTO `member_login_history` (`login_id`, `member_id`, `login_time`, `ip_addr`, `device_info`) VALUES (215, 205, '2023-06-17 23:55:46', '192.168.38.164', 'Web');
INSERT INTO `member_login_history` (`login_id`, `member_id`, `login_time`, `ip_addr`, `device_info`) VALUES (216, 61, '2023-10-11 20:02:55', '192.168.73.61', 'iOS');
INSERT INTO `member_login_history` (`login_id`, `member_id`, `login_time`, `ip_addr`, `device_info`) VALUES (217, 84, '2023-12-01 13:14:29', '192.168.125.203', 'iOS');
INSERT INTO `member_login_history` (`login_id`, `member_id`, `login_time`, `ip_addr`, `device_info`) VALUES (218, 82, '2023-10-12 11:12:58', '192.168.136.107', 'Android');
INSERT INTO `member_login_history` (`login_id`, `member_id`, `login_time`, `ip_addr`, `device_info`) VALUES (219, 126, '2024-01-07 23:28:09', '192.168.237.189', 'Tablet');
INSERT INTO `member_login_history` (`login_id`, `member_id`, `login_time`, `ip_addr`, `device_info`) VALUES (220, 57, '2023-03-24 14:18:42', '192.168.148.64', 'Android');
INSERT INTO `member_login_history` (`login_id`, `member_id`, `login_time`, `ip_addr`, `device_info`) VALUES (221, 147, '2023-06-20 09:30:14', '192.168.129.148', 'Tablet');
INSERT INTO `member_login_history` (`login_id`, `member_id`, `login_time`, `ip_addr`, `device_info`) VALUES (222, 157, '2024-01-02 04:14:27', '192.168.92.229', 'Tablet');
INSERT INTO `member_login_history` (`login_id`, `member_id`, `login_time`, `ip_addr`, `device_info`) VALUES (223, 155, '2023-10-26 15:58:33', '192.168.1.48', 'iOS');
INSERT INTO `member_login_history` (`login_id`, `member_id`, `login_time`, `ip_addr`, `device_info`) VALUES (224, 113, '2023-02-05 05:54:05', '192.168.28.85', 'iOS');
INSERT INTO `member_login_history` (`login_id`, `member_id`, `login_time`, `ip_addr`, `device_info`) VALUES (225, 171, '2023-11-02 17:03:28', '192.168.254.185', 'Android');
INSERT INTO `member_login_history` (`login_id`, `member_id`, `login_time`, `ip_addr`, `device_info`) VALUES (226, 55, '2023-09-09 11:54:04', '192.168.70.149', 'iOS');
INSERT INTO `member_login_history` (`login_id`, `member_id`, `login_time`, `ip_addr`, `device_info`) VALUES (227, 34, '2023-03-18 01:01:20', '192.168.50.35', 'Web');
INSERT INTO `member_login_history` (`login_id`, `member_id`, `login_time`, `ip_addr`, `device_info`) VALUES (228, 102, '2024-01-09 01:58:35', '192.168.96.45', 'Android');
INSERT INTO `member_login_history` (`login_id`, `member_id`, `login_time`, `ip_addr`, `device_info`) VALUES (229, 227, '2023-01-23 09:39:34', '192.168.250.156', 'Tablet');
INSERT INTO `member_login_history` (`login_id`, `member_id`, `login_time`, `ip_addr`, `device_info`) VALUES (230, 133, '2023-09-15 18:25:11', '192.168.224.90', 'iOS');
INSERT INTO `member_login_history` (`login_id`, `member_id`, `login_time`, `ip_addr`, `device_info`) VALUES (231, 178, '2024-01-14 13:33:04', '192.168.182.48', 'iOS');
INSERT INTO `member_login_history` (`login_id`, `member_id`, `login_time`, `ip_addr`, `device_info`) VALUES (232, 164, '2023-10-01 14:21:27', '192.168.31.205', 'Android');
INSERT INTO `member_login_history` (`login_id`, `member_id`, `login_time`, `ip_addr`, `device_info`) VALUES (233, 52, '2023-01-09 10:07:35', '192.168.154.61', 'Tablet');
INSERT INTO `member_login_history` (`login_id`, `member_id`, `login_time`, `ip_addr`, `device_info`) VALUES (234, 166, '2023-02-11 20:51:00', '192.168.164.29', 'Tablet');
INSERT INTO `member_login_history` (`login_id`, `member_id`, `login_time`, `ip_addr`, `device_info`) VALUES (235, 18, '2023-06-27 05:56:05', '192.168.107.224', 'Android');
INSERT INTO `member_login_history` (`login_id`, `member_id`, `login_time`, `ip_addr`, `device_info`) VALUES (236, 6, '2024-02-03 05:25:57', '192.168.85.200', 'Web');
INSERT INTO `member_login_history` (`login_id`, `member_id`, `login_time`, `ip_addr`, `device_info`) VALUES (237, 170, '2023-01-13 03:22:00', '192.168.155.51', 'Tablet');
INSERT INTO `member_login_history` (`login_id`, `member_id`, `login_time`, `ip_addr`, `device_info`) VALUES (238, 71, '2023-12-01 18:37:07', '192.168.98.15', 'iOS');
INSERT INTO `member_login_history` (`login_id`, `member_id`, `login_time`, `ip_addr`, `device_info`) VALUES (239, 234, '2023-01-03 20:59:29', '192.168.212.254', 'Tablet');
INSERT INTO `member_login_history` (`login_id`, `member_id`, `login_time`, `ip_addr`, `device_info`) VALUES (240, 22, '2023-04-18 21:36:29', '192.168.255.24', 'Android');
INSERT INTO `member_login_history` (`login_id`, `member_id`, `login_time`, `ip_addr`, `device_info`) VALUES (241, 38, '2023-07-23 01:45:46', '192.168.77.188', 'iOS');
INSERT INTO `member_login_history` (`login_id`, `member_id`, `login_time`, `ip_addr`, `device_info`) VALUES (242, 30, '2023-04-17 05:43:51', '192.168.60.222', 'Tablet');
INSERT INTO `member_login_history` (`login_id`, `member_id`, `login_time`, `ip_addr`, `device_info`) VALUES (243, 105, '2023-08-27 05:05:02', '192.168.27.30', 'Android');
INSERT INTO `member_login_history` (`login_id`, `member_id`, `login_time`, `ip_addr`, `device_info`) VALUES (244, 30, '2023-02-27 13:55:45', '192.168.206.27', 'iOS');
INSERT INTO `member_login_history` (`login_id`, `member_id`, `login_time`, `ip_addr`, `device_info`) VALUES (245, 234, '2023-04-03 01:31:25', '192.168.61.159', 'Android');
INSERT INTO `member_login_history` (`login_id`, `member_id`, `login_time`, `ip_addr`, `device_info`) VALUES (246, 115, '2023-03-11 12:29:09', '192.168.224.239', 'iOS');
INSERT INTO `member_login_history` (`login_id`, `member_id`, `login_time`, `ip_addr`, `device_info`) VALUES (247, 51, '2023-11-15 07:47:41', '192.168.18.76', 'iOS');
INSERT INTO `member_login_history` (`login_id`, `member_id`, `login_time`, `ip_addr`, `device_info`) VALUES (248, 111, '2023-07-14 12:16:52', '192.168.106.138', 'Android');
INSERT INTO `member_login_history` (`login_id`, `member_id`, `login_time`, `ip_addr`, `device_info`) VALUES (249, 170, '2023-04-02 16:34:42', '192.168.154.199', 'Android');
INSERT INTO `member_login_history` (`login_id`, `member_id`, `login_time`, `ip_addr`, `device_info`) VALUES (250, 39, '2024-01-27 10:16:08', '192.168.90.26', 'Android');
INSERT INTO `member_login_history` (`login_id`, `member_id`, `login_time`, `ip_addr`, `device_info`) VALUES (251, 73, '2023-01-12 20:19:48', '192.168.202.161', 'iOS');
INSERT INTO `member_login_history` (`login_id`, `member_id`, `login_time`, `ip_addr`, `device_info`) VALUES (252, 237, '2023-06-22 00:19:05', '192.168.167.252', 'iOS');
INSERT INTO `member_login_history` (`login_id`, `member_id`, `login_time`, `ip_addr`, `device_info`) VALUES (253, 39, '2023-11-02 10:26:20', '192.168.192.33', 'Android');
INSERT INTO `member_login_history` (`login_id`, `member_id`, `login_time`, `ip_addr`, `device_info`) VALUES (254, 216, '2023-10-30 07:03:02', '192.168.187.248', 'Web');
INSERT INTO `member_login_history` (`login_id`, `member_id`, `login_time`, `ip_addr`, `device_info`) VALUES (255, 185, '2023-07-14 02:24:13', '192.168.0.207', 'iOS');
INSERT INTO `member_login_history` (`login_id`, `member_id`, `login_time`, `ip_addr`, `device_info`) VALUES (256, 184, '2023-12-08 20:42:42', '192.168.176.33', 'Tablet');
INSERT INTO `member_login_history` (`login_id`, `member_id`, `login_time`, `ip_addr`, `device_info`) VALUES (257, 211, '2023-01-09 03:32:16', '192.168.117.249', 'Tablet');
INSERT INTO `member_login_history` (`login_id`, `member_id`, `login_time`, `ip_addr`, `device_info`) VALUES (258, 31, '2023-03-14 10:01:45', '192.168.97.109', 'Web');
INSERT INTO `member_login_history` (`login_id`, `member_id`, `login_time`, `ip_addr`, `device_info`) VALUES (259, 141, '2023-06-17 19:38:51', '192.168.187.100', 'Web');
INSERT INTO `member_login_history` (`login_id`, `member_id`, `login_time`, `ip_addr`, `device_info`) VALUES (260, 196, '2023-03-08 07:43:08', '192.168.13.67', 'Android');
INSERT INTO `member_login_history` (`login_id`, `member_id`, `login_time`, `ip_addr`, `device_info`) VALUES (261, 228, '2024-01-16 05:41:09', '192.168.13.37', 'Tablet');
INSERT INTO `member_login_history` (`login_id`, `member_id`, `login_time`, `ip_addr`, `device_info`) VALUES (262, 239, '2023-01-28 15:22:52', '192.168.63.93', 'iOS');
INSERT INTO `member_login_history` (`login_id`, `member_id`, `login_time`, `ip_addr`, `device_info`) VALUES (263, 123, '2023-04-29 20:17:56', '192.168.253.72', 'Android');
INSERT INTO `member_login_history` (`login_id`, `member_id`, `login_time`, `ip_addr`, `device_info`) VALUES (264, 43, '2023-11-03 22:33:09', '192.168.31.114', 'Android');
INSERT INTO `member_login_history` (`login_id`, `member_id`, `login_time`, `ip_addr`, `device_info`) VALUES (265, 111, '2023-08-07 21:30:38', '192.168.11.106', 'iOS');
INSERT INTO `member_login_history` (`login_id`, `member_id`, `login_time`, `ip_addr`, `device_info`) VALUES (266, 34, '2023-03-06 10:14:43', '192.168.54.88', 'Web');
INSERT INTO `member_login_history` (`login_id`, `member_id`, `login_time`, `ip_addr`, `device_info`) VALUES (267, 67, '2023-03-23 23:00:02', '192.168.3.57', 'Web');
INSERT INTO `member_login_history` (`login_id`, `member_id`, `login_time`, `ip_addr`, `device_info`) VALUES (268, 9, '2023-05-08 02:08:07', '192.168.63.5', 'Web');
INSERT INTO `member_login_history` (`login_id`, `member_id`, `login_time`, `ip_addr`, `device_info`) VALUES (269, 233, '2023-07-27 18:04:22', '192.168.231.95', 'Tablet');
INSERT INTO `member_login_history` (`login_id`, `member_id`, `login_time`, `ip_addr`, `device_info`) VALUES (270, 229, '2023-06-07 22:40:45', '192.168.33.95', 'Tablet');
INSERT INTO `member_login_history` (`login_id`, `member_id`, `login_time`, `ip_addr`, `device_info`) VALUES (271, 152, '2023-12-13 12:40:17', '192.168.190.73', 'Tablet');
INSERT INTO `member_login_history` (`login_id`, `member_id`, `login_time`, `ip_addr`, `device_info`) VALUES (272, 216, '2023-03-30 08:57:36', '192.168.128.123', 'Android');
INSERT INTO `member_login_history` (`login_id`, `member_id`, `login_time`, `ip_addr`, `device_info`) VALUES (273, 36, '2023-05-09 16:48:41', '192.168.222.1', 'Android');
INSERT INTO `member_login_history` (`login_id`, `member_id`, `login_time`, `ip_addr`, `device_info`) VALUES (274, 12, '2023-10-12 02:09:45', '192.168.60.205', 'Android');
INSERT INTO `member_login_history` (`login_id`, `member_id`, `login_time`, `ip_addr`, `device_info`) VALUES (275, 10, '2023-04-17 00:58:12', '192.168.211.142', 'iOS');
INSERT INTO `member_login_history` (`login_id`, `member_id`, `login_time`, `ip_addr`, `device_info`) VALUES (276, 26, '2023-08-19 14:30:50', '192.168.141.196', 'Android');
INSERT INTO `member_login_history` (`login_id`, `member_id`, `login_time`, `ip_addr`, `device_info`) VALUES (277, 126, '2023-03-24 15:25:49', '192.168.21.140', 'Android');
INSERT INTO `member_login_history` (`login_id`, `member_id`, `login_time`, `ip_addr`, `device_info`) VALUES (278, 133, '2023-02-19 13:20:04', '192.168.229.28', 'iOS');
INSERT INTO `member_login_history` (`login_id`, `member_id`, `login_time`, `ip_addr`, `device_info`) VALUES (279, 152, '2023-01-16 03:56:19', '192.168.175.181', 'Android');
INSERT INTO `member_login_history` (`login_id`, `member_id`, `login_time`, `ip_addr`, `device_info`) VALUES (280, 119, '2023-02-13 07:07:02', '192.168.21.105', 'Tablet');
INSERT INTO `member_login_history` (`login_id`, `member_id`, `login_time`, `ip_addr`, `device_info`) VALUES (281, 27, '2023-05-07 01:57:42', '192.168.236.183', 'iOS');
INSERT INTO `member_login_history` (`login_id`, `member_id`, `login_time`, `ip_addr`, `device_info`) VALUES (282, 86, '2023-02-10 01:44:25', '192.168.147.93', 'Web');
INSERT INTO `member_login_history` (`login_id`, `member_id`, `login_time`, `ip_addr`, `device_info`) VALUES (283, 126, '2023-06-03 07:15:48', '192.168.205.45', 'Android');
INSERT INTO `member_login_history` (`login_id`, `member_id`, `login_time`, `ip_addr`, `device_info`) VALUES (284, 181, '2023-04-11 00:54:09', '192.168.8.145', 'Tablet');
INSERT INTO `member_login_history` (`login_id`, `member_id`, `login_time`, `ip_addr`, `device_info`) VALUES (285, 47, '2023-06-28 19:21:29', '192.168.181.115', 'Tablet');
INSERT INTO `member_login_history` (`login_id`, `member_id`, `login_time`, `ip_addr`, `device_info`) VALUES (286, 181, '2023-08-08 21:42:19', '192.168.129.128', 'Android');
INSERT INTO `member_login_history` (`login_id`, `member_id`, `login_time`, `ip_addr`, `device_info`) VALUES (287, 53, '2023-03-03 20:26:05', '192.168.2.86', 'iOS');
INSERT INTO `member_login_history` (`login_id`, `member_id`, `login_time`, `ip_addr`, `device_info`) VALUES (288, 172, '2024-02-02 07:17:42', '192.168.206.41', 'Tablet');
INSERT INTO `member_login_history` (`login_id`, `member_id`, `login_time`, `ip_addr`, `device_info`) VALUES (289, 237, '2023-05-11 15:55:40', '192.168.201.112', 'iOS');
INSERT INTO `member_login_history` (`login_id`, `member_id`, `login_time`, `ip_addr`, `device_info`) VALUES (290, 21, '2023-06-30 21:18:16', '192.168.32.135', 'iOS');
INSERT INTO `member_login_history` (`login_id`, `member_id`, `login_time`, `ip_addr`, `device_info`) VALUES (291, 213, '2023-03-12 17:17:39', '192.168.9.9', 'Android');
INSERT INTO `member_login_history` (`login_id`, `member_id`, `login_time`, `ip_addr`, `device_info`) VALUES (292, 69, '2023-07-26 15:06:09', '192.168.217.26', 'Web');
INSERT INTO `member_login_history` (`login_id`, `member_id`, `login_time`, `ip_addr`, `device_info`) VALUES (293, 248, '2023-06-19 22:49:20', '192.168.12.194', 'Android');
INSERT INTO `member_login_history` (`login_id`, `member_id`, `login_time`, `ip_addr`, `device_info`) VALUES (294, 204, '2023-03-01 01:50:29', '192.168.228.151', 'Tablet');
INSERT INTO `member_login_history` (`login_id`, `member_id`, `login_time`, `ip_addr`, `device_info`) VALUES (295, 171, '2023-08-28 04:31:35', '192.168.129.10', 'Android');
INSERT INTO `member_login_history` (`login_id`, `member_id`, `login_time`, `ip_addr`, `device_info`) VALUES (296, 192, '2023-12-02 09:33:51', '192.168.120.140', 'Android');
INSERT INTO `member_login_history` (`login_id`, `member_id`, `login_time`, `ip_addr`, `device_info`) VALUES (297, 211, '2024-01-02 20:29:43', '192.168.138.147', 'Android');
INSERT INTO `member_login_history` (`login_id`, `member_id`, `login_time`, `ip_addr`, `device_info`) VALUES (298, 81, '2023-05-08 02:23:41', '192.168.162.201', 'iOS');
INSERT INTO `member_login_history` (`login_id`, `member_id`, `login_time`, `ip_addr`, `device_info`) VALUES (299, 11, '2023-05-11 22:13:47', '192.168.19.207', 'Web');
INSERT INTO `member_login_history` (`login_id`, `member_id`, `login_time`, `ip_addr`, `device_info`) VALUES (300, 166, '2023-11-03 18:05:30', '192.168.202.201', 'Tablet');
-- member_block_list
INSERT INTO `member_block_list` (`block_id`, `member_id`, `reason`, `blocked_at`) VALUES (1, 164, 'Abuse', '2023-04-30 06:20:32');
INSERT INTO `member_block_list` (`block_id`, `member_id`, `reason`, `blocked_at`) VALUES (2, 58, 'Spam', '2023-08-12 06:39:48');
INSERT INTO `member_block_list` (`block_id`, `member_id`, `reason`, `blocked_at`) VALUES (3, 166, 'Abuse', '2024-01-13 18:45:52');
INSERT INTO `member_block_list` (`block_id`, `member_id`, `reason`, `blocked_at`) VALUES (4, 17, 'Chargeback', '2023-10-30 21:40:03');
INSERT INTO `member_block_list` (`block_id`, `member_id`, `reason`, `blocked_at`) VALUES (5, 51, 'Spam', '2023-10-26 20:41:49');
INSERT INTO `member_block_list` (`block_id`, `member_id`, `reason`, `blocked_at`) VALUES (6, 119, 'Abuse', '2023-11-09 16:14:27');
INSERT INTO `member_block_list` (`block_id`, `member_id`, `reason`, `blocked_at`) VALUES (7, 152, 'Abuse', '2023-02-04 09:36:57');
INSERT INTO `member_block_list` (`block_id`, `member_id`, `reason`, `blocked_at`) VALUES (8, 113, 'Abuse', '2023-08-09 05:04:53');
INSERT INTO `member_block_list` (`block_id`, `member_id`, `reason`, `blocked_at`) VALUES (9, 176, 'Abuse', '2023-04-20 17:00:45');
INSERT INTO `member_block_list` (`block_id`, `member_id`, `reason`, `blocked_at`) VALUES (10, 31, 'Abuse', '2023-09-21 16:46:30');
INSERT INTO `member_block_list` (`block_id`, `member_id`, `reason`, `blocked_at`) VALUES (11, 209, 'Chargeback', '2023-03-29 03:50:53');
INSERT INTO `member_block_list` (`block_id`, `member_id`, `reason`, `blocked_at`) VALUES (12, 107, 'Abuse', '2023-07-30 01:59:58');
INSERT INTO `member_block_list` (`block_id`, `member_id`, `reason`, `blocked_at`) VALUES (13, 98, 'Abuse', '2023-12-05 00:59:55');
INSERT INTO `member_block_list` (`block_id`, `member_id`, `reason`, `blocked_at`) VALUES (14, 155, 'Chargeback', '2023-12-05 22:51:23');
INSERT INTO `member_block_list` (`block_id`, `member_id`, `reason`, `blocked_at`) VALUES (15, 143, 'Spam', '2023-02-18 19:52:12');
INSERT INTO `member_block_list` (`block_id`, `member_id`, `reason`, `blocked_at`) VALUES (16, 192, 'Abuse', '2023-05-01 13:26:54');
INSERT INTO `member_block_list` (`block_id`, `member_id`, `reason`, `blocked_at`) VALUES (17, 75, 'Chargeback', '2023-12-26 22:23:56');
INSERT INTO `member_block_list` (`block_id`, `member_id`, `reason`, `blocked_at`) VALUES (18, 27, 'Chargeback', '2023-09-20 21:40:49');
INSERT INTO `member_block_list` (`block_id`, `member_id`, `reason`, `blocked_at`) VALUES (19, 106, 'Chargeback', '2024-02-04 21:17:19');
INSERT INTO `member_block_list` (`block_id`, `member_id`, `reason`, `blocked_at`) VALUES (20, 238, 'Spam', '2023-03-17 04:04:34');
INSERT INTO `member_block_list` (`block_id`, `member_id`, `reason`, `blocked_at`) VALUES (21, 26, 'Abuse', '2023-08-16 00:48:57');
INSERT INTO `member_block_list` (`block_id`, `member_id`, `reason`, `blocked_at`) VALUES (22, 39, 'Chargeback', '2023-10-03 18:20:14');
INSERT INTO `member_block_list` (`block_id`, `member_id`, `reason`, `blocked_at`) VALUES (23, 56, 'Chargeback', '2023-10-28 10:33:00');
INSERT INTO `member_block_list` (`block_id`, `member_id`, `reason`, `blocked_at`) VALUES (24, 125, 'Chargeback', '2023-09-18 01:06:42');
INSERT INTO `member_block_list` (`block_id`, `member_id`, `reason`, `blocked_at`) VALUES (25, 74, 'Abuse', '2023-10-07 14:31:37');
INSERT INTO `member_block_list` (`block_id`, `member_id`, `reason`, `blocked_at`) VALUES (26, 13, 'Spam', '2023-06-05 19:28:57');
INSERT INTO `member_block_list` (`block_id`, `member_id`, `reason`, `blocked_at`) VALUES (27, 227, 'Abuse', '2023-03-24 04:22:40');
INSERT INTO `member_block_list` (`block_id`, `member_id`, `reason`, `blocked_at`) VALUES (28, 123, 'Spam', '2023-07-02 19:00:12');
INSERT INTO `member_block_list` (`block_id`, `member_id`, `reason`, `blocked_at`) VALUES (29, 147, 'Chargeback', '2024-01-13 08:29:17');
INSERT INTO `member_block_list` (`block_id`, `member_id`, `reason`, `blocked_at`) VALUES (30, 69, 'Chargeback', '2023-08-14 18:27:13');
-- audit_log
INSERT INTO `audit_log` (`log_id`, `actor_type`, `actor_id`, `action`, `target_table`, `target_id`, `created_at`, `detail`) VALUES (1, 'MEMBER', 113, 'INSERT', 'ticket', 64, '2023-01-14 09:26:53', '{"info":"dummy"}');
INSERT INTO `audit_log` (`log_id`, `actor_type`, `actor_id`, `action`, `target_table`, `target_id`, `created_at`, `detail`) VALUES (2, 'SYSTEM', NULL, 'LOGIN', 'showtime', 328, '2023-08-31 03:24:41', '{"info":"dummy"}');
INSERT INTO `audit_log` (`log_id`, `actor_type`, `actor_id`, `action`, `target_table`, `target_id`, `created_at`, `detail`) VALUES (3, 'SYSTEM', NULL, 'UPDATE', 'movie', 577, '2023-02-13 10:54:23', '{"info":"dummy"}');
INSERT INTO `audit_log` (`log_id`, `actor_type`, `actor_id`, `action`, `target_table`, `target_id`, `created_at`, `detail`) VALUES (4, 'MEMBER', 24, 'INSERT', 'ticket', 524, '2023-09-13 21:29:48', '{"info":"dummy"}');
INSERT INTO `audit_log` (`log_id`, `actor_type`, `actor_id`, `action`, `target_table`, `target_id`, `created_at`, `detail`) VALUES (5, 'MEMBER', 203, 'UPDATE', 'movie', 574, '2023-09-16 05:28:38', '{"info":"dummy"}');
INSERT INTO `audit_log` (`log_id`, `actor_type`, `actor_id`, `action`, `target_table`, `target_id`, `created_at`, `detail`) VALUES (6, 'MEMBER', 186, 'LOGIN', 'showtime', 681, '2023-11-22 01:49:16', '{"info":"dummy"}');
INSERT INTO `audit_log` (`log_id`, `actor_type`, `actor_id`, `action`, `target_table`, `target_id`, `created_at`, `detail`) VALUES (7, 'MEMBER', 12, 'LOGOUT', 'snack_order', 235, '2024-01-01 04:17:35', '{"info":"dummy"}');
INSERT INTO `audit_log` (`log_id`, `actor_type`, `actor_id`, `action`, `target_table`, `target_id`, `created_at`, `detail`) VALUES (8, 'MEMBER', 232, 'INSERT', 'movie', 116, '2023-07-01 15:33:07', '{"info":"dummy"}');
INSERT INTO `audit_log` (`log_id`, `actor_type`, `actor_id`, `action`, `target_table`, `target_id`, `created_at`, `detail`) VALUES (9, 'SYSTEM', NULL, 'LOGIN', 'payment', 182, '2023-09-07 10:20:39', '{"info":"dummy"}');
INSERT INTO `audit_log` (`log_id`, `actor_type`, `actor_id`, `action`, `target_table`, `target_id`, `created_at`, `detail`) VALUES (10, 'SYSTEM', NULL, 'DELETE', 'movie', 363, '2023-02-24 16:45:24', '{"info":"dummy"}');
INSERT INTO `audit_log` (`log_id`, `actor_type`, `actor_id`, `action`, `target_table`, `target_id`, `created_at`, `detail`) VALUES (11, 'MEMBER', 47, 'DELETE', 'booking', 907, '2023-11-06 15:21:04', '{"info":"dummy"}');
INSERT INTO `audit_log` (`log_id`, `actor_type`, `actor_id`, `action`, `target_table`, `target_id`, `created_at`, `detail`) VALUES (12, 'MEMBER', 214, 'LOGOUT', 'movie', 393, '2023-10-07 09:03:11', '{"info":"dummy"}');
INSERT INTO `audit_log` (`log_id`, `actor_type`, `actor_id`, `action`, `target_table`, `target_id`, `created_at`, `detail`) VALUES (13, 'MEMBER', 240, 'LOGOUT', 'movie', 27, '2023-05-17 16:29:43', '{"info":"dummy"}');
INSERT INTO `audit_log` (`log_id`, `actor_type`, `actor_id`, `action`, `target_table`, `target_id`, `created_at`, `detail`) VALUES (14, 'MEMBER', 39, 'INSERT', 'showtime', 12, '2023-03-20 20:25:09', '{"info":"dummy"}');
INSERT INTO `audit_log` (`log_id`, `actor_type`, `actor_id`, `action`, `target_table`, `target_id`, `created_at`, `detail`) VALUES (15, 'MEMBER', 27, 'LOGIN', 'ticket', 164, '2023-07-02 21:07:01', '{"info":"dummy"}');
INSERT INTO `audit_log` (`log_id`, `actor_type`, `actor_id`, `action`, `target_table`, `target_id`, `created_at`, `detail`) VALUES (16, 'SYSTEM', NULL, 'LOGIN', 'review', 556, '2023-10-07 04:33:11', '{"info":"dummy"}');
INSERT INTO `audit_log` (`log_id`, `actor_type`, `actor_id`, `action`, `target_table`, `target_id`, `created_at`, `detail`) VALUES (17, 'SYSTEM', NULL, 'LOGOUT', 'payment', 273, '2023-10-01 14:34:05', '{"info":"dummy"}');
INSERT INTO `audit_log` (`log_id`, `actor_type`, `actor_id`, `action`, `target_table`, `target_id`, `created_at`, `detail`) VALUES (18, 'SYSTEM', NULL, 'LOGOUT', 'booking', 902, '2023-08-12 05:00:17', '{"info":"dummy"}');
INSERT INTO `audit_log` (`log_id`, `actor_type`, `actor_id`, `action`, `target_table`, `target_id`, `created_at`, `detail`) VALUES (19, 'MEMBER', 102, 'LOGIN', 'ticket', 771, '2023-09-27 16:12:29', '{"info":"dummy"}');
INSERT INTO `audit_log` (`log_id`, `actor_type`, `actor_id`, `action`, `target_table`, `target_id`, `created_at`, `detail`) VALUES (20, 'SYSTEM', NULL, 'LOGIN', 'booking', 639, '2023-02-02 03:14:49', '{"info":"dummy"}');
INSERT INTO `audit_log` (`log_id`, `actor_type`, `actor_id`, `action`, `target_table`, `target_id`, `created_at`, `detail`) VALUES (21, 'MEMBER', 19, 'UPDATE', 'member', 601, '2024-01-23 09:02:23', '{"info":"dummy"}');
INSERT INTO `audit_log` (`log_id`, `actor_type`, `actor_id`, `action`, `target_table`, `target_id`, `created_at`, `detail`) VALUES (22, 'MEMBER', 170, 'LOGOUT', 'ticket', 841, '2023-04-15 14:49:56', '{"info":"dummy"}');
INSERT INTO `audit_log` (`log_id`, `actor_type`, `actor_id`, `action`, `target_table`, `target_id`, `created_at`, `detail`) VALUES (23, 'SYSTEM', NULL, 'UPDATE', 'payment', 487, '2024-01-04 14:50:29', '{"info":"dummy"}');
INSERT INTO `audit_log` (`log_id`, `actor_type`, `actor_id`, `action`, `target_table`, `target_id`, `created_at`, `detail`) VALUES (24, 'SYSTEM', NULL, 'DELETE', 'ticket', 255, '2023-01-23 09:15:59', '{"info":"dummy"}');
INSERT INTO `audit_log` (`log_id`, `actor_type`, `actor_id`, `action`, `target_table`, `target_id`, `created_at`, `detail`) VALUES (25, 'MEMBER', 143, 'LOGOUT', 'member', 411, '2023-06-20 00:47:54', '{"info":"dummy"}');
INSERT INTO `audit_log` (`log_id`, `actor_type`, `actor_id`, `action`, `target_table`, `target_id`, `created_at`, `detail`) VALUES (26, 'SYSTEM', NULL, 'DELETE', 'review', 769, '2023-06-04 18:02:38', '{"info":"dummy"}');
INSERT INTO `audit_log` (`log_id`, `actor_type`, `actor_id`, `action`, `target_table`, `target_id`, `created_at`, `detail`) VALUES (27, 'SYSTEM', NULL, 'DELETE', 'member', 632, '2023-02-19 15:36:59', '{"info":"dummy"}');
INSERT INTO `audit_log` (`log_id`, `actor_type`, `actor_id`, `action`, `target_table`, `target_id`, `created_at`, `detail`) VALUES (28, 'MEMBER', 167, 'INSERT', 'payment', 714, '2023-05-29 09:57:41', '{"info":"dummy"}');
INSERT INTO `audit_log` (`log_id`, `actor_type`, `actor_id`, `action`, `target_table`, `target_id`, `created_at`, `detail`) VALUES (29, 'SYSTEM', NULL, 'LOGOUT', 'movie', 412, '2023-02-02 17:06:49', '{"info":"dummy"}');
INSERT INTO `audit_log` (`log_id`, `actor_type`, `actor_id`, `action`, `target_table`, `target_id`, `created_at`, `detail`) VALUES (30, 'MEMBER', 230, 'INSERT', 'ticket', 717, '2023-05-13 21:38:48', '{"info":"dummy"}');
INSERT INTO `audit_log` (`log_id`, `actor_type`, `actor_id`, `action`, `target_table`, `target_id`, `created_at`, `detail`) VALUES (31, 'SYSTEM', NULL, 'LOGOUT', 'booking', 888, '2023-07-25 16:48:39', '{"info":"dummy"}');
INSERT INTO `audit_log` (`log_id`, `actor_type`, `actor_id`, `action`, `target_table`, `target_id`, `created_at`, `detail`) VALUES (32, 'SYSTEM', NULL, 'INSERT', 'review', 82, '2023-08-15 09:51:43', '{"info":"dummy"}');
INSERT INTO `audit_log` (`log_id`, `actor_type`, `actor_id`, `action`, `target_table`, `target_id`, `created_at`, `detail`) VALUES (33, 'MEMBER', 133, 'INSERT', 'payment', 860, '2023-06-17 22:39:58', '{"info":"dummy"}');
INSERT INTO `audit_log` (`log_id`, `actor_type`, `actor_id`, `action`, `target_table`, `target_id`, `created_at`, `detail`) VALUES (34, 'SYSTEM', NULL, 'LOGIN', 'movie', 970, '2023-05-16 19:52:34', '{"info":"dummy"}');
INSERT INTO `audit_log` (`log_id`, `actor_type`, `actor_id`, `action`, `target_table`, `target_id`, `created_at`, `detail`) VALUES (35, 'MEMBER', 158, 'LOGOUT', 'payment', 716, '2023-10-25 14:24:41', '{"info":"dummy"}');
INSERT INTO `audit_log` (`log_id`, `actor_type`, `actor_id`, `action`, `target_table`, `target_id`, `created_at`, `detail`) VALUES (36, 'MEMBER', 80, 'LOGOUT', 'movie', 581, '2023-06-09 03:17:15', '{"info":"dummy"}');
INSERT INTO `audit_log` (`log_id`, `actor_type`, `actor_id`, `action`, `target_table`, `target_id`, `created_at`, `detail`) VALUES (37, 'MEMBER', 88, 'LOGOUT', 'review', 322, '2023-12-04 01:47:41', '{"info":"dummy"}');
INSERT INTO `audit_log` (`log_id`, `actor_type`, `actor_id`, `action`, `target_table`, `target_id`, `created_at`, `detail`) VALUES (38, 'SYSTEM', NULL, 'INSERT', 'ticket', 740, '2023-11-03 06:34:29', '{"info":"dummy"}');
INSERT INTO `audit_log` (`log_id`, `actor_type`, `actor_id`, `action`, `target_table`, `target_id`, `created_at`, `detail`) VALUES (39, 'SYSTEM', NULL, 'LOGIN', 'snack_order', 253, '2023-12-23 13:53:22', '{"info":"dummy"}');
INSERT INTO `audit_log` (`log_id`, `actor_type`, `actor_id`, `action`, `target_table`, `target_id`, `created_at`, `detail`) VALUES (40, 'SYSTEM', NULL, 'DELETE', 'member', 73, '2023-08-31 02:51:43', '{"info":"dummy"}');
INSERT INTO `audit_log` (`log_id`, `actor_type`, `actor_id`, `action`, `target_table`, `target_id`, `created_at`, `detail`) VALUES (41, 'MEMBER', 175, 'INSERT', 'payment', 853, '2023-11-02 19:34:52', '{"info":"dummy"}');
INSERT INTO `audit_log` (`log_id`, `actor_type`, `actor_id`, `action`, `target_table`, `target_id`, `created_at`, `detail`) VALUES (42, 'MEMBER', 54, 'LOGIN', 'snack_order', 255, '2023-07-30 23:34:44', '{"info":"dummy"}');
INSERT INTO `audit_log` (`log_id`, `actor_type`, `actor_id`, `action`, `target_table`, `target_id`, `created_at`, `detail`) VALUES (43, 'SYSTEM', NULL, 'INSERT', 'review', 336, '2023-07-10 21:49:36', '{"info":"dummy"}');
INSERT INTO `audit_log` (`log_id`, `actor_type`, `actor_id`, `action`, `target_table`, `target_id`, `created_at`, `detail`) VALUES (44, 'SYSTEM', NULL, 'LOGIN', 'showtime', 8, '2023-01-26 00:54:07', '{"info":"dummy"}');
INSERT INTO `audit_log` (`log_id`, `actor_type`, `actor_id`, `action`, `target_table`, `target_id`, `created_at`, `detail`) VALUES (45, 'MEMBER', 207, 'UPDATE', 'review', 544, '2023-10-25 09:06:36', '{"info":"dummy"}');
INSERT INTO `audit_log` (`log_id`, `actor_type`, `actor_id`, `action`, `target_table`, `target_id`, `created_at`, `detail`) VALUES (46, 'SYSTEM', NULL, 'INSERT', 'review', 943, '2023-07-12 13:39:17', '{"info":"dummy"}');
INSERT INTO `audit_log` (`log_id`, `actor_type`, `actor_id`, `action`, `target_table`, `target_id`, `created_at`, `detail`) VALUES (47, 'MEMBER', 202, 'LOGOUT', 'movie', 442, '2023-09-12 14:56:39', '{"info":"dummy"}');
INSERT INTO `audit_log` (`log_id`, `actor_type`, `actor_id`, `action`, `target_table`, `target_id`, `created_at`, `detail`) VALUES (48, 'SYSTEM', NULL, 'DELETE', 'movie', 269, '2023-03-24 00:31:21', '{"info":"dummy"}');
INSERT INTO `audit_log` (`log_id`, `actor_type`, `actor_id`, `action`, `target_table`, `target_id`, `created_at`, `detail`) VALUES (49, 'MEMBER', 81, 'LOGIN', 'snack_order', 502, '2024-01-23 16:07:57', '{"info":"dummy"}');
INSERT INTO `audit_log` (`log_id`, `actor_type`, `actor_id`, `action`, `target_table`, `target_id`, `created_at`, `detail`) VALUES (50, 'MEMBER', 138, 'INSERT', 'showtime', 802, '2023-06-07 11:36:43', '{"info":"dummy"}');
INSERT INTO `audit_log` (`log_id`, `actor_type`, `actor_id`, `action`, `target_table`, `target_id`, `created_at`, `detail`) VALUES (51, 'SYSTEM', NULL, 'UPDATE', 'booking', 436, '2023-03-08 08:49:47', '{"info":"dummy"}');
INSERT INTO `audit_log` (`log_id`, `actor_type`, `actor_id`, `action`, `target_table`, `target_id`, `created_at`, `detail`) VALUES (52, 'MEMBER', 67, 'LOGIN', 'movie', 803, '2023-03-08 23:03:58', '{"info":"dummy"}');
INSERT INTO `audit_log` (`log_id`, `actor_type`, `actor_id`, `action`, `target_table`, `target_id`, `created_at`, `detail`) VALUES (53, 'SYSTEM', NULL, 'LOGIN', 'snack_order', 718, '2023-05-29 01:58:23', '{"info":"dummy"}');
INSERT INTO `audit_log` (`log_id`, `actor_type`, `actor_id`, `action`, `target_table`, `target_id`, `created_at`, `detail`) VALUES (54, 'SYSTEM', NULL, 'LOGIN', 'snack_order', 619, '2023-11-08 12:38:05', '{"info":"dummy"}');
INSERT INTO `audit_log` (`log_id`, `actor_type`, `actor_id`, `action`, `target_table`, `target_id`, `created_at`, `detail`) VALUES (55, 'SYSTEM', NULL, 'INSERT', 'booking', 712, '2023-12-12 15:29:30', '{"info":"dummy"}');
INSERT INTO `audit_log` (`log_id`, `actor_type`, `actor_id`, `action`, `target_table`, `target_id`, `created_at`, `detail`) VALUES (56, 'SYSTEM', NULL, 'UPDATE', 'member', 180, '2023-03-19 10:42:29', '{"info":"dummy"}');
INSERT INTO `audit_log` (`log_id`, `actor_type`, `actor_id`, `action`, `target_table`, `target_id`, `created_at`, `detail`) VALUES (57, 'SYSTEM', NULL, 'LOGIN', 'movie', 988, '2023-09-02 23:54:27', '{"info":"dummy"}');
INSERT INTO `audit_log` (`log_id`, `actor_type`, `actor_id`, `action`, `target_table`, `target_id`, `created_at`, `detail`) VALUES (58, 'MEMBER', 80, 'LOGIN', 'ticket', 783, '2023-06-11 22:19:42', '{"info":"dummy"}');
INSERT INTO `audit_log` (`log_id`, `actor_type`, `actor_id`, `action`, `target_table`, `target_id`, `created_at`, `detail`) VALUES (59, 'SYSTEM', NULL, 'LOGIN', 'booking', 107, '2023-02-10 06:26:23', '{"info":"dummy"}');
INSERT INTO `audit_log` (`log_id`, `actor_type`, `actor_id`, `action`, `target_table`, `target_id`, `created_at`, `detail`) VALUES (60, 'MEMBER', 182, 'INSERT', 'member', 382, '2023-09-15 09:08:45', '{"info":"dummy"}');
INSERT INTO `audit_log` (`log_id`, `actor_type`, `actor_id`, `action`, `target_table`, `target_id`, `created_at`, `detail`) VALUES (61, 'MEMBER', 16, 'INSERT', 'booking', 111, '2023-08-31 21:26:16', '{"info":"dummy"}');
INSERT INTO `audit_log` (`log_id`, `actor_type`, `actor_id`, `action`, `target_table`, `target_id`, `created_at`, `detail`) VALUES (62, 'MEMBER', 124, 'LOGIN', 'ticket', 201, '2023-02-10 06:17:40', '{"info":"dummy"}');
INSERT INTO `audit_log` (`log_id`, `actor_type`, `actor_id`, `action`, `target_table`, `target_id`, `created_at`, `detail`) VALUES (63, 'MEMBER', 114, 'INSERT', 'review', 457, '2023-03-11 14:52:29', '{"info":"dummy"}');
INSERT INTO `audit_log` (`log_id`, `actor_type`, `actor_id`, `action`, `target_table`, `target_id`, `created_at`, `detail`) VALUES (64, 'MEMBER', 219, 'UPDATE', 'movie', 78, '2023-03-17 04:02:16', '{"info":"dummy"}');
INSERT INTO `audit_log` (`log_id`, `actor_type`, `actor_id`, `action`, `target_table`, `target_id`, `created_at`, `detail`) VALUES (65, 'SYSTEM', NULL, 'INSERT', 'payment', 542, '2023-05-09 08:19:50', '{"info":"dummy"}');
INSERT INTO `audit_log` (`log_id`, `actor_type`, `actor_id`, `action`, `target_table`, `target_id`, `created_at`, `detail`) VALUES (66, 'MEMBER', 88, 'UPDATE', 'movie', 355, '2023-12-23 21:26:07', '{"info":"dummy"}');
INSERT INTO `audit_log` (`log_id`, `actor_type`, `actor_id`, `action`, `target_table`, `target_id`, `created_at`, `detail`) VALUES (67, 'MEMBER', 222, 'LOGOUT', 'booking', 473, '2023-10-11 12:45:21', '{"info":"dummy"}');
INSERT INTO `audit_log` (`log_id`, `actor_type`, `actor_id`, `action`, `target_table`, `target_id`, `created_at`, `detail`) VALUES (68, 'SYSTEM', NULL, 'DELETE', 'review', 971, '2023-09-21 06:21:55', '{"info":"dummy"}');
INSERT INTO `audit_log` (`log_id`, `actor_type`, `actor_id`, `action`, `target_table`, `target_id`, `created_at`, `detail`) VALUES (69, 'MEMBER', 33, 'INSERT', 'payment', 516, '2023-06-16 09:13:09', '{"info":"dummy"}');
INSERT INTO `audit_log` (`log_id`, `actor_type`, `actor_id`, `action`, `target_table`, `target_id`, `created_at`, `detail`) VALUES (70, 'MEMBER', 205, 'DELETE', 'booking', 33, '2023-12-13 15:37:40', '{"info":"dummy"}');
INSERT INTO `audit_log` (`log_id`, `actor_type`, `actor_id`, `action`, `target_table`, `target_id`, `created_at`, `detail`) VALUES (71, 'MEMBER', 79, 'DELETE', 'review', 668, '2023-08-28 12:19:33', '{"info":"dummy"}');
INSERT INTO `audit_log` (`log_id`, `actor_type`, `actor_id`, `action`, `target_table`, `target_id`, `created_at`, `detail`) VALUES (72, 'SYSTEM', NULL, 'UPDATE', 'member', 115, '2023-03-13 07:02:48', '{"info":"dummy"}');
INSERT INTO `audit_log` (`log_id`, `actor_type`, `actor_id`, `action`, `target_table`, `target_id`, `created_at`, `detail`) VALUES (73, 'SYSTEM', NULL, 'LOGIN', 'review', 789, '2023-10-03 22:23:00', '{"info":"dummy"}');
INSERT INTO `audit_log` (`log_id`, `actor_type`, `actor_id`, `action`, `target_table`, `target_id`, `created_at`, `detail`) VALUES (74, 'MEMBER', 175, 'LOGOUT', 'member', 462, '2023-08-13 14:29:45', '{"info":"dummy"}');
INSERT INTO `audit_log` (`log_id`, `actor_type`, `actor_id`, `action`, `target_table`, `target_id`, `created_at`, `detail`) VALUES (75, 'SYSTEM', NULL, 'UPDATE', 'review', 661, '2023-11-25 06:03:24', '{"info":"dummy"}');
INSERT INTO `audit_log` (`log_id`, `actor_type`, `actor_id`, `action`, `target_table`, `target_id`, `created_at`, `detail`) VALUES (76, 'MEMBER', 44, 'INSERT', 'payment', 889, '2023-10-12 19:37:14', '{"info":"dummy"}');
INSERT INTO `audit_log` (`log_id`, `actor_type`, `actor_id`, `action`, `target_table`, `target_id`, `created_at`, `detail`) VALUES (77, 'MEMBER', 176, 'UPDATE', 'member', 920, '2023-09-01 12:52:31', '{"info":"dummy"}');
INSERT INTO `audit_log` (`log_id`, `actor_type`, `actor_id`, `action`, `target_table`, `target_id`, `created_at`, `detail`) VALUES (78, 'SYSTEM', NULL, 'LOGOUT', 'booking', 821, '2023-02-04 22:05:26', '{"info":"dummy"}');
INSERT INTO `audit_log` (`log_id`, `actor_type`, `actor_id`, `action`, `target_table`, `target_id`, `created_at`, `detail`) VALUES (79, 'MEMBER', 247, 'UPDATE', 'booking', 262, '2023-06-18 23:07:55', '{"info":"dummy"}');
INSERT INTO `audit_log` (`log_id`, `actor_type`, `actor_id`, `action`, `target_table`, `target_id`, `created_at`, `detail`) VALUES (80, 'SYSTEM', NULL, 'INSERT', 'movie', 624, '2023-04-28 11:49:58', '{"info":"dummy"}');
INSERT INTO `audit_log` (`log_id`, `actor_type`, `actor_id`, `action`, `target_table`, `target_id`, `created_at`, `detail`) VALUES (81, 'SYSTEM', NULL, 'DELETE', 'payment', 339, '2023-04-28 11:07:33', '{"info":"dummy"}');
INSERT INTO `audit_log` (`log_id`, `actor_type`, `actor_id`, `action`, `target_table`, `target_id`, `created_at`, `detail`) VALUES (82, 'SYSTEM', NULL, 'INSERT', 'member', 528, '2023-02-05 14:25:48', '{"info":"dummy"}');
INSERT INTO `audit_log` (`log_id`, `actor_type`, `actor_id`, `action`, `target_table`, `target_id`, `created_at`, `detail`) VALUES (83, 'MEMBER', 122, 'LOGOUT', 'review', 527, '2023-02-04 15:28:23', '{"info":"dummy"}');
INSERT INTO `audit_log` (`log_id`, `actor_type`, `actor_id`, `action`, `target_table`, `target_id`, `created_at`, `detail`) VALUES (84, 'MEMBER', 45, 'DELETE', 'review', 261, '2023-12-10 13:05:15', '{"info":"dummy"}');
INSERT INTO `audit_log` (`log_id`, `actor_type`, `actor_id`, `action`, `target_table`, `target_id`, `created_at`, `detail`) VALUES (85, 'MEMBER', 68, 'LOGIN', 'booking', 846, '2023-09-30 07:39:19', '{"info":"dummy"}');
INSERT INTO `audit_log` (`log_id`, `actor_type`, `actor_id`, `action`, `target_table`, `target_id`, `created_at`, `detail`) VALUES (86, 'MEMBER', 177, 'INSERT', 'showtime', 618, '2023-11-14 07:55:00', '{"info":"dummy"}');
INSERT INTO `audit_log` (`log_id`, `actor_type`, `actor_id`, `action`, `target_table`, `target_id`, `created_at`, `detail`) VALUES (87, 'MEMBER', 181, 'LOGOUT', 'member', 16, '2023-11-25 23:41:56', '{"info":"dummy"}');
INSERT INTO `audit_log` (`log_id`, `actor_type`, `actor_id`, `action`, `target_table`, `target_id`, `created_at`, `detail`) VALUES (88, 'MEMBER', 62, 'LOGOUT', 'member', 151, '2023-10-02 16:37:13', '{"info":"dummy"}');
INSERT INTO `audit_log` (`log_id`, `actor_type`, `actor_id`, `action`, `target_table`, `target_id`, `created_at`, `detail`) VALUES (89, 'MEMBER', 224, 'LOGOUT', 'movie', 824, '2023-11-15 20:40:35', '{"info":"dummy"}');
INSERT INTO `audit_log` (`log_id`, `actor_type`, `actor_id`, `action`, `target_table`, `target_id`, `created_at`, `detail`) VALUES (90, 'MEMBER', 151, 'LOGOUT', 'ticket', 907, '2024-01-27 21:48:12', '{"info":"dummy"}');
INSERT INTO `audit_log` (`log_id`, `actor_type`, `actor_id`, `action`, `target_table`, `target_id`, `created_at`, `detail`) VALUES (91, 'SYSTEM', NULL, 'DELETE', 'snack_order', 493, '2023-10-24 04:50:12', '{"info":"dummy"}');
INSERT INTO `audit_log` (`log_id`, `actor_type`, `actor_id`, `action`, `target_table`, `target_id`, `created_at`, `detail`) VALUES (92, 'MEMBER', 27, 'DELETE', 'showtime', 698, '2023-03-12 09:14:25', '{"info":"dummy"}');
INSERT INTO `audit_log` (`log_id`, `actor_type`, `actor_id`, `action`, `target_table`, `target_id`, `created_at`, `detail`) VALUES (93, 'MEMBER', 60, 'INSERT', 'member', 883, '2024-01-09 21:46:49', '{"info":"dummy"}');
INSERT INTO `audit_log` (`log_id`, `actor_type`, `actor_id`, `action`, `target_table`, `target_id`, `created_at`, `detail`) VALUES (94, 'MEMBER', 182, 'DELETE', 'ticket', 275, '2023-03-09 07:25:03', '{"info":"dummy"}');
INSERT INTO `audit_log` (`log_id`, `actor_type`, `actor_id`, `action`, `target_table`, `target_id`, `created_at`, `detail`) VALUES (95, 'SYSTEM', NULL, 'LOGOUT', 'showtime', 167, '2023-09-24 08:34:22', '{"info":"dummy"}');
INSERT INTO `audit_log` (`log_id`, `actor_type`, `actor_id`, `action`, `target_table`, `target_id`, `created_at`, `detail`) VALUES (96, 'SYSTEM', NULL, 'LOGOUT', 'member', 155, '2023-02-27 23:31:21', '{"info":"dummy"}');
INSERT INTO `audit_log` (`log_id`, `actor_type`, `actor_id`, `action`, `target_table`, `target_id`, `created_at`, `detail`) VALUES (97, 'MEMBER', 8, 'LOGIN', 'ticket', 967, '2023-10-18 07:38:56', '{"info":"dummy"}');
INSERT INTO `audit_log` (`log_id`, `actor_type`, `actor_id`, `action`, `target_table`, `target_id`, `created_at`, `detail`) VALUES (98, 'SYSTEM', NULL, 'LOGOUT', 'booking', 729, '2023-10-23 20:16:53', '{"info":"dummy"}');
INSERT INTO `audit_log` (`log_id`, `actor_type`, `actor_id`, `action`, `target_table`, `target_id`, `created_at`, `detail`) VALUES (99, 'SYSTEM', NULL, 'UPDATE', 'ticket', 125, '2023-01-23 04:15:31', '{"info":"dummy"}');
INSERT INTO `audit_log` (`log_id`, `actor_type`, `actor_id`, `action`, `target_table`, `target_id`, `created_at`, `detail`) VALUES (100, 'SYSTEM', NULL, 'UPDATE', 'payment', 180, '2023-01-02 00:35:33', '{"info":"dummy"}');
INSERT INTO `audit_log` (`log_id`, `actor_type`, `actor_id`, `action`, `target_table`, `target_id`, `created_at`, `detail`) VALUES (101, 'SYSTEM', NULL, 'LOGOUT', 'movie', 473, '2023-08-11 13:48:49', '{"info":"dummy"}');
INSERT INTO `audit_log` (`log_id`, `actor_type`, `actor_id`, `action`, `target_table`, `target_id`, `created_at`, `detail`) VALUES (102, 'SYSTEM', NULL, 'INSERT', 'booking', 521, '2023-11-20 21:43:52', '{"info":"dummy"}');
INSERT INTO `audit_log` (`log_id`, `actor_type`, `actor_id`, `action`, `target_table`, `target_id`, `created_at`, `detail`) VALUES (103, 'MEMBER', 184, 'LOGIN', 'member', 12, '2023-10-08 03:02:39', '{"info":"dummy"}');
INSERT INTO `audit_log` (`log_id`, `actor_type`, `actor_id`, `action`, `target_table`, `target_id`, `created_at`, `detail`) VALUES (104, 'MEMBER', 49, 'DELETE', 'movie', 816, '2023-02-17 10:30:48', '{"info":"dummy"}');
INSERT INTO `audit_log` (`log_id`, `actor_type`, `actor_id`, `action`, `target_table`, `target_id`, `created_at`, `detail`) VALUES (105, 'SYSTEM', NULL, 'UPDATE', 'review', 951, '2023-06-13 23:39:40', '{"info":"dummy"}');
INSERT INTO `audit_log` (`log_id`, `actor_type`, `actor_id`, `action`, `target_table`, `target_id`, `created_at`, `detail`) VALUES (106, 'SYSTEM', NULL, 'INSERT', 'booking', 806, '2023-09-05 10:03:43', '{"info":"dummy"}');
INSERT INTO `audit_log` (`log_id`, `actor_type`, `actor_id`, `action`, `target_table`, `target_id`, `created_at`, `detail`) VALUES (107, 'MEMBER', 201, 'LOGOUT', 'ticket', 200, '2023-06-11 11:15:44', '{"info":"dummy"}');
INSERT INTO `audit_log` (`log_id`, `actor_type`, `actor_id`, `action`, `target_table`, `target_id`, `created_at`, `detail`) VALUES (108, 'MEMBER', 222, 'LOGOUT', 'snack_order', 853, '2023-12-13 03:33:20', '{"info":"dummy"}');
INSERT INTO `audit_log` (`log_id`, `actor_type`, `actor_id`, `action`, `target_table`, `target_id`, `created_at`, `detail`) VALUES (109, 'SYSTEM', NULL, 'INSERT', 'payment', 751, '2024-01-31 00:36:55', '{"info":"dummy"}');
INSERT INTO `audit_log` (`log_id`, `actor_type`, `actor_id`, `action`, `target_table`, `target_id`, `created_at`, `detail`) VALUES (110, 'MEMBER', 214, 'LOGIN', 'ticket', 4, '2023-07-09 10:09:22', '{"info":"dummy"}');
INSERT INTO `audit_log` (`log_id`, `actor_type`, `actor_id`, `action`, `target_table`, `target_id`, `created_at`, `detail`) VALUES (111, 'MEMBER', 244, 'LOGOUT', 'movie', 449, '2023-02-08 12:03:58', '{"info":"dummy"}');
INSERT INTO `audit_log` (`log_id`, `actor_type`, `actor_id`, `action`, `target_table`, `target_id`, `created_at`, `detail`) VALUES (112, 'SYSTEM', NULL, 'INSERT', 'movie', 444, '2023-12-09 14:11:49', '{"info":"dummy"}');
INSERT INTO `audit_log` (`log_id`, `actor_type`, `actor_id`, `action`, `target_table`, `target_id`, `created_at`, `detail`) VALUES (113, 'MEMBER', 69, 'INSERT', 'member', 14, '2023-11-28 14:18:29', '{"info":"dummy"}');
INSERT INTO `audit_log` (`log_id`, `actor_type`, `actor_id`, `action`, `target_table`, `target_id`, `created_at`, `detail`) VALUES (114, 'MEMBER', 77, 'INSERT', 'member', 721, '2023-04-26 10:16:27', '{"info":"dummy"}');
INSERT INTO `audit_log` (`log_id`, `actor_type`, `actor_id`, `action`, `target_table`, `target_id`, `created_at`, `detail`) VALUES (115, 'SYSTEM', NULL, 'LOGIN', 'snack_order', 103, '2023-07-24 22:21:33', '{"info":"dummy"}');
INSERT INTO `audit_log` (`log_id`, `actor_type`, `actor_id`, `action`, `target_table`, `target_id`, `created_at`, `detail`) VALUES (116, 'MEMBER', 198, 'LOGOUT', 'showtime', 43, '2023-09-25 22:23:52', '{"info":"dummy"}');
INSERT INTO `audit_log` (`log_id`, `actor_type`, `actor_id`, `action`, `target_table`, `target_id`, `created_at`, `detail`) VALUES (117, 'SYSTEM', NULL, 'DELETE', 'payment', 441, '2023-08-03 19:57:38', '{"info":"dummy"}');
INSERT INTO `audit_log` (`log_id`, `actor_type`, `actor_id`, `action`, `target_table`, `target_id`, `created_at`, `detail`) VALUES (118, 'SYSTEM', NULL, 'DELETE', 'ticket', 387, '2023-10-01 20:39:39', '{"info":"dummy"}');
INSERT INTO `audit_log` (`log_id`, `actor_type`, `actor_id`, `action`, `target_table`, `target_id`, `created_at`, `detail`) VALUES (119, 'MEMBER', 41, 'LOGIN', 'showtime', 804, '2023-01-08 19:13:20', '{"info":"dummy"}');
INSERT INTO `audit_log` (`log_id`, `actor_type`, `actor_id`, `action`, `target_table`, `target_id`, `created_at`, `detail`) VALUES (120, 'SYSTEM', NULL, 'LOGOUT', 'movie', 572, '2023-10-12 18:56:02', '{"info":"dummy"}');
INSERT INTO `audit_log` (`log_id`, `actor_type`, `actor_id`, `action`, `target_table`, `target_id`, `created_at`, `detail`) VALUES (121, 'SYSTEM', NULL, 'LOGIN', 'showtime', 801, '2023-11-11 02:38:42', '{"info":"dummy"}');
INSERT INTO `audit_log` (`log_id`, `actor_type`, `actor_id`, `action`, `target_table`, `target_id`, `created_at`, `detail`) VALUES (122, 'MEMBER', 8, 'DELETE', 'movie', 185, '2023-07-05 16:30:45', '{"info":"dummy"}');
INSERT INTO `audit_log` (`log_id`, `actor_type`, `actor_id`, `action`, `target_table`, `target_id`, `created_at`, `detail`) VALUES (123, 'SYSTEM', NULL, 'LOGOUT', 'showtime', 919, '2023-07-13 00:51:03', '{"info":"dummy"}');
INSERT INTO `audit_log` (`log_id`, `actor_type`, `actor_id`, `action`, `target_table`, `target_id`, `created_at`, `detail`) VALUES (124, 'SYSTEM', NULL, 'UPDATE', 'booking', 966, '2023-02-14 04:49:53', '{"info":"dummy"}');
INSERT INTO `audit_log` (`log_id`, `actor_type`, `actor_id`, `action`, `target_table`, `target_id`, `created_at`, `detail`) VALUES (125, 'MEMBER', 226, 'DELETE', 'showtime', 870, '2023-11-20 19:00:16', '{"info":"dummy"}');
INSERT INTO `audit_log` (`log_id`, `actor_type`, `actor_id`, `action`, `target_table`, `target_id`, `created_at`, `detail`) VALUES (126, 'SYSTEM', NULL, 'LOGIN', 'booking', 310, '2023-02-10 20:08:41', '{"info":"dummy"}');
INSERT INTO `audit_log` (`log_id`, `actor_type`, `actor_id`, `action`, `target_table`, `target_id`, `created_at`, `detail`) VALUES (127, 'SYSTEM', NULL, 'LOGOUT', 'snack_order', 957, '2023-03-13 02:39:07', '{"info":"dummy"}');
INSERT INTO `audit_log` (`log_id`, `actor_type`, `actor_id`, `action`, `target_table`, `target_id`, `created_at`, `detail`) VALUES (128, 'MEMBER', 93, 'DELETE', 'snack_order', 995, '2023-03-02 16:46:07', '{"info":"dummy"}');
INSERT INTO `audit_log` (`log_id`, `actor_type`, `actor_id`, `action`, `target_table`, `target_id`, `created_at`, `detail`) VALUES (129, 'MEMBER', 117, 'DELETE', 'member', 688, '2024-01-18 05:01:23', '{"info":"dummy"}');
INSERT INTO `audit_log` (`log_id`, `actor_type`, `actor_id`, `action`, `target_table`, `target_id`, `created_at`, `detail`) VALUES (130, 'MEMBER', 76, 'LOGIN', 'ticket', 803, '2023-02-08 03:30:57', '{"info":"dummy"}');
INSERT INTO `audit_log` (`log_id`, `actor_type`, `actor_id`, `action`, `target_table`, `target_id`, `created_at`, `detail`) VALUES (131, 'SYSTEM', NULL, 'DELETE', 'member', 624, '2023-12-31 21:33:43', '{"info":"dummy"}');
INSERT INTO `audit_log` (`log_id`, `actor_type`, `actor_id`, `action`, `target_table`, `target_id`, `created_at`, `detail`) VALUES (132, 'MEMBER', 241, 'UPDATE', 'movie', 273, '2023-04-01 05:55:27', '{"info":"dummy"}');
INSERT INTO `audit_log` (`log_id`, `actor_type`, `actor_id`, `action`, `target_table`, `target_id`, `created_at`, `detail`) VALUES (133, 'SYSTEM', NULL, 'LOGOUT', 'showtime', 343, '2023-09-20 21:23:42', '{"info":"dummy"}');
INSERT INTO `audit_log` (`log_id`, `actor_type`, `actor_id`, `action`, `target_table`, `target_id`, `created_at`, `detail`) VALUES (134, 'SYSTEM', NULL, 'LOGIN', 'booking', 831, '2023-12-29 09:37:26', '{"info":"dummy"}');
INSERT INTO `audit_log` (`log_id`, `actor_type`, `actor_id`, `action`, `target_table`, `target_id`, `created_at`, `detail`) VALUES (135, 'MEMBER', 69, 'UPDATE', 'member', 844, '2023-10-11 12:37:11', '{"info":"dummy"}');
INSERT INTO `audit_log` (`log_id`, `actor_type`, `actor_id`, `action`, `target_table`, `target_id`, `created_at`, `detail`) VALUES (136, 'MEMBER', 96, 'LOGIN', 'booking', 327, '2023-08-11 18:24:55', '{"info":"dummy"}');
INSERT INTO `audit_log` (`log_id`, `actor_type`, `actor_id`, `action`, `target_table`, `target_id`, `created_at`, `detail`) VALUES (137, 'SYSTEM', NULL, 'INSERT', 'ticket', 130, '2023-07-07 18:05:35', '{"info":"dummy"}');
INSERT INTO `audit_log` (`log_id`, `actor_type`, `actor_id`, `action`, `target_table`, `target_id`, `created_at`, `detail`) VALUES (138, 'SYSTEM', NULL, 'LOGOUT', 'booking', 961, '2024-01-11 01:48:44', '{"info":"dummy"}');
INSERT INTO `audit_log` (`log_id`, `actor_type`, `actor_id`, `action`, `target_table`, `target_id`, `created_at`, `detail`) VALUES (139, 'SYSTEM', NULL, 'LOGIN', 'payment', 948, '2023-12-27 12:27:29', '{"info":"dummy"}');
INSERT INTO `audit_log` (`log_id`, `actor_type`, `actor_id`, `action`, `target_table`, `target_id`, `created_at`, `detail`) VALUES (140, 'MEMBER', 71, 'INSERT', 'showtime', 176, '2023-04-19 04:57:07', '{"info":"dummy"}');
INSERT INTO `audit_log` (`log_id`, `actor_type`, `actor_id`, `action`, `target_table`, `target_id`, `created_at`, `detail`) VALUES (141, 'MEMBER', 217, 'LOGIN', 'ticket', 516, '2023-03-25 20:23:19', '{"info":"dummy"}');
INSERT INTO `audit_log` (`log_id`, `actor_type`, `actor_id`, `action`, `target_table`, `target_id`, `created_at`, `detail`) VALUES (142, 'MEMBER', 228, 'DELETE', 'booking', 60, '2023-02-15 17:40:32', '{"info":"dummy"}');
INSERT INTO `audit_log` (`log_id`, `actor_type`, `actor_id`, `action`, `target_table`, `target_id`, `created_at`, `detail`) VALUES (143, 'SYSTEM', NULL, 'UPDATE', 'review', 735, '2023-08-20 08:45:05', '{"info":"dummy"}');
INSERT INTO `audit_log` (`log_id`, `actor_type`, `actor_id`, `action`, `target_table`, `target_id`, `created_at`, `detail`) VALUES (144, 'SYSTEM', NULL, 'UPDATE', 'movie', 75, '2023-07-19 19:44:33', '{"info":"dummy"}');
INSERT INTO `audit_log` (`log_id`, `actor_type`, `actor_id`, `action`, `target_table`, `target_id`, `created_at`, `detail`) VALUES (145, 'MEMBER', 2, 'LOGIN', 'member', 61, '2023-06-29 20:28:42', '{"info":"dummy"}');
INSERT INTO `audit_log` (`log_id`, `actor_type`, `actor_id`, `action`, `target_table`, `target_id`, `created_at`, `detail`) VALUES (146, 'SYSTEM', NULL, 'INSERT', 'member', 589, '2023-07-10 00:02:14', '{"info":"dummy"}');
INSERT INTO `audit_log` (`log_id`, `actor_type`, `actor_id`, `action`, `target_table`, `target_id`, `created_at`, `detail`) VALUES (147, 'SYSTEM', NULL, 'LOGIN', 'member', 836, '2023-12-03 03:08:14', '{"info":"dummy"}');
INSERT INTO `audit_log` (`log_id`, `actor_type`, `actor_id`, `action`, `target_table`, `target_id`, `created_at`, `detail`) VALUES (148, 'MEMBER', 48, 'LOGIN', 'member', 766, '2023-01-23 13:12:23', '{"info":"dummy"}');
INSERT INTO `audit_log` (`log_id`, `actor_type`, `actor_id`, `action`, `target_table`, `target_id`, `created_at`, `detail`) VALUES (149, 'SYSTEM', NULL, 'LOGIN', 'booking', 841, '2023-10-19 04:57:27', '{"info":"dummy"}');
INSERT INTO `audit_log` (`log_id`, `actor_type`, `actor_id`, `action`, `target_table`, `target_id`, `created_at`, `detail`) VALUES (150, 'SYSTEM', NULL, 'INSERT', 'booking', 474, '2023-02-06 15:39:45', '{"info":"dummy"}');
SET FOREIGN_KEY_CHECKS = 1;
